ISO-10303-21;
HEADER;
FILE_DESCRIPTION (( 'STEP AP214' ),
    '1' );
FILE_NAME ('BASE 3.STEP',
    '2026-04-26T15:46:28',
    ( '' ),
    ( '' ),
    'SwSTEP 2.0',
    'SolidWorks 2022',
    '' );
FILE_SCHEMA (( 'AUTOMOTIVE_DESIGN' ));
ENDSEC;

DATA;
#1 = ORIENTED_EDGE ( 'NONE', *, *, #1260, .F. ) ;
#2 = DIRECTION ( 'NONE',  ( -5.483971522917257889E-32, -1.000000000000000000, -1.013475744154521754E-19 ) ) ;
#3 = EDGE_CURVE ( 'NONE', #1195, #1610, #1570, .T. ) ;
#4 = AXIS2_PLACEMENT_3D ( 'NONE', #612, #1419, #1130 ) ;
#5 = LINE ( 'NONE', #146, #956 ) ;
#6 = DIRECTION ( 'NONE',  ( 5.411053549675415297E-13, 0.000000000000000000, 1.000000000000000000 ) ) ;
#7 = AXIS2_PLACEMENT_3D ( 'NONE', #27, #1403, #1290 ) ;
#8 = EDGE_LOOP ( 'NONE', ( #1166, #813, #869, #495, #1139, #337, #1401, #1584, #681, #301, #67, #802, #1594, #1073 ) ) ;
#9 = ORIENTED_EDGE ( 'NONE', *, *, #1392, .F. ) ;
#10 = FACE_OUTER_BOUND ( 'NONE', #1445, .T. ) ;
#11 = ORIENTED_EDGE ( 'NONE', *, *, #291, .T. ) ;
#12 = CARTESIAN_POINT ( 'NONE',  ( -39.60000000000652420, 170.0000000000000000, 37.80000000002032579 ) ) ;
#13 = CARTESIAN_POINT ( 'NONE',  ( 44.08697032435286900, 6.245004513515947174E-17, 51.99999999997501732 ) ) ;
#14 = EDGE_CURVE ( 'NONE', #1213, #366, #1595, .T. ) ;
#15 = ORIENTED_EDGE ( 'NONE', *, *, #334, .F. ) ;
#16 = CARTESIAN_POINT ( 'NONE',  ( 34.50000000000089528, 0.000000000000000000, 51.49999999998024691 ) ) ;
#17 = ORIENTED_EDGE ( 'NONE', *, *, #408, .F. ) ;
#18 = AXIS2_PLACEMENT_3D ( 'NONE', #270, #357, #1379 ) ;
#19 = PLANE ( 'NONE',  #162 ) ;
#20 = CIRCLE ( 'NONE', #674, 9.599999999999997868 ) ;
#21 = UNCERTAINTY_MEASURE_WITH_UNIT (LENGTH_MEASURE( 1.000000000000000082E-05 ), #1469, 'distance_accuracy_value', 'NONE');
#22 = LINE ( 'NONE', #351, #599 ) ;
#23 = AXIS2_PLACEMENT_3D ( 'NONE', #669, #182, #1208 ) ;
#24 = VECTOR ( 'NONE', #889, 1000.000000000000000 ) ;
#25 = EDGE_CURVE ( 'NONE', #1315, #1344, #611, .T. ) ;
#26 = VERTEX_POINT ( 'NONE', #959 ) ;
#27 = CARTESIAN_POINT ( 'NONE',  ( 34.50000000000089528, 3.000000000000001332, 51.49999999998024691 ) ) ;
#28 = VECTOR ( 'NONE', #1089, 1000.000000000000000 ) ;
#29 = ORIENTED_EDGE ( 'NONE', *, *, #1186, .F. ) ;
#30 = DIRECTION ( 'NONE',  ( -1.000000000000000000, 0.000000000000000000, 5.411053549675415297E-13 ) ) ;
#31 = DIRECTION ( 'NONE',  ( 5.411053549675415297E-13, 0.000000000000000000, 1.000000000000000000 ) ) ;
#32 = ORIENTED_EDGE ( 'NONE', *, *, #267, .T. ) ;
#33 = CARTESIAN_POINT ( 'NONE',  ( -24.40000000000652136, 161.8000000000000114, 37.80000000001210481 ) ) ;
#34 = ORIENTED_EDGE ( 'NONE', *, *, #968, .T. ) ;
#35 = ADVANCED_FACE ( 'NONE', ( #539 ), #1174, .F. ) ;
#36 = DIRECTION ( 'NONE',  ( 1.000000000000000000, 0.000000000000000000, -5.411053549675415297E-13 ) ) ;
#37 = CARTESIAN_POINT ( 'NONE',  ( -9.600000000006513545, 161.8000000000000114, 37.80000000000409699 ) ) ;
#38 = ORIENTED_EDGE ( 'NONE', *, *, #707, .T. ) ;
#39 = DIRECTION ( 'NONE',  ( -1.000000000000000000, 0.000000000000000000, 5.411053549675415297E-13 ) ) ;
#40 = ORIENTED_EDGE ( 'NONE', *, *, #354, .T. ) ;
#41 = LINE ( 'NONE', #964, #780 ) ;
#42 = CARTESIAN_POINT ( 'NONE',  ( 44.08697032435448904, 1.500000000000000000, 54.99999999997501732 ) ) ;
#43 = EDGE_CURVE ( 'NONE', #1222, #247, #189, .T. ) ;
#44 = CARTESIAN_POINT ( 'NONE',  ( -48.08697032435051710, 6.245004513515943476E-17, 52.00000000002489742 ) ) ;
#45 = ORIENTED_EDGE ( 'NONE', *, *, #515, .T. ) ;
#46 = VECTOR ( 'NONE', #1578, 1000.000000000000000 ) ;
#47 = ORIENTED_EDGE ( 'NONE', *, *, #1271, .F. ) ;
#48 = DIRECTION ( 'NONE',  ( 0.000000000000000000, 1.000000000000000000, 0.000000000000000000 ) ) ;
#49 = ORIENTED_EDGE ( 'NONE', *, *, #637, .T. ) ;
#50 = LINE ( 'NONE', #1438, #1618 ) ;
#51 = DIRECTION ( 'NONE',  ( 5.412337245047643183E-13, 0.000000000000000000, 1.000000000000000000 ) ) ;
#52 = ORIENTED_EDGE ( 'NONE', *, *, #1329, .F. ) ;
#53 = EDGE_CURVE ( 'NONE', #292, #1102, #890, .T. ) ;
#54 = PLANE ( 'NONE',  #947 ) ;
#55 = EDGE_CURVE ( 'NONE', #1344, #247, #1124, .T. ) ;
#56 = VERTEX_POINT ( 'NONE', #1405 ) ;
#57 = DIRECTION ( 'NONE',  ( 1.000000000000000000, -1.595951227352059151E-17, -5.411053549675415297E-13 ) ) ;
#58 = ORIENTED_EDGE ( 'NONE', *, *, #1295, .T. ) ;
#59 = CARTESIAN_POINT ( 'NONE',  ( -38.49999999999908340, 3.000000000000001332, 51.50000000001975309 ) ) ;
#60 = DIRECTION ( 'NONE',  ( -1.000000000000000000, 0.000000000000000000, 5.412194815120136934E-13 ) ) ;
#61 = ORIENTED_EDGE ( 'NONE', *, *, #1329, .T. ) ;
#62 = DIRECTION ( 'NONE',  ( -1.000000000000000000, 0.000000000000000000, 5.411053549675415297E-13 ) ) ;
#63 = VERTEX_POINT ( 'NONE', #605 ) ;
#64 = EDGE_CURVE ( 'NONE', #1211, #1235, #1527, .T. ) ;
#65 = EDGE_LOOP ( 'NONE', ( #1269, #1207, #1549, #631 ) ) ;
#66 = SURFACE_STYLE_USAGE ( .BOTH. , #788 ) ;
#67 = ORIENTED_EDGE ( 'NONE', *, *, #1022, .F. ) ;
#68 = DIRECTION ( 'NONE',  ( 5.483971522917257889E-32, 1.000000000000000000, 1.013475744154521754E-19 ) ) ;
#69 = FILL_AREA_STYLE_COLOUR ( '', #906 ) ;
#70 = VERTEX_POINT ( 'NONE', #1640 ) ;
#71 = LINE ( 'NONE', #843, #868 ) ;
#72 = CYLINDRICAL_SURFACE ( 'NONE', #1168, 9.599999999999997868 ) ;
#73 = VECTOR ( 'NONE', #1268, 1000.000000000000000 ) ;
#74 = EDGE_CURVE ( 'NONE', #1070, #26, #1096, .T. ) ;
#75 = DIRECTION ( 'NONE',  ( -6.758410768120495470E-29, 1.000000000000000000, -1.249000902703301108E-16 ) ) ;
#76 = EDGE_LOOP ( 'NONE', ( #1121, #1365, #1270, #1470 ) ) ;
#77 = DIRECTION ( 'NONE',  ( -6.758410768120495470E-29, 1.000000000000000000, -1.249000902703301108E-16 ) ) ;
#78 = ORIENTED_EDGE ( 'NONE', *, *, #130, .F. ) ;
#79 = CARTESIAN_POINT ( 'NONE',  ( 24.00000000000712319, 339.9999976677415248, 62.99999999998588862 ) ) ;
#80 = VECTOR ( 'NONE', #597, 1000.000000000000000 ) ;
#81 = LINE ( 'NONE', #1120, #867 ) ;
#82 = DIRECTION ( 'NONE',  ( 5.411053549675415297E-13, -1.013475744154521634E-19, 1.000000000000000000 ) ) ;
#83 = AXIS2_PLACEMENT_3D ( 'NONE', #806, #1189, #1328 ) ;
#84 = VERTEX_POINT ( 'NONE', #13 ) ;
#85 = LINE ( 'NONE', #1366, #1540 ) ;
#86 = SURFACE_STYLE_USAGE ( .BOTH. , #1367 ) ;
#87 = ORIENTED_EDGE ( 'NONE', *, *, #795, .F. ) ;
#88 = EDGE_CURVE ( 'NONE', #1509, #56, #1308, .T. ) ;
#89 = DIRECTION ( 'NONE',  ( 1.000000000000000000, -0.000000000000000000, -5.412194815120136934E-13 ) ) ;
#90 = AXIS2_PLACEMENT_3D ( 'NONE', #901, #1167, #1409 ) ;
#91 = CARTESIAN_POINT ( 'NONE',  ( 35.59999999999348574, 161.8000000000000114, 37.79999999997963300 ) ) ;
#92 = FACE_OUTER_BOUND ( 'NONE', #1000, .T. ) ;
#93 = EDGE_LOOP ( 'NONE', ( #324, #313, #1081, #833, #1104, #800 ) ) ;
#94 = CARTESIAN_POINT ( 'NONE',  ( 20.39999999999348290, 161.8000000000000114, 37.79999999998785398 ) ) ;
#95 = ADVANCED_FACE ( 'NONE', ( #742 ), #117, .F. ) ;
#96 = CARTESIAN_POINT ( 'NONE',  ( -48.99999999999283062, 3.000000000000003997, 63.00000000002543743 ) ) ;
#97 = LINE ( 'NONE', #458, #159 ) ;
#98 = LINE ( 'NONE', #855, #836 ) ;
#99 = DIRECTION ( 'NONE',  ( 5.411053549675415297E-13, 0.000000000000000000, 1.000000000000000000 ) ) ;
#100 = VECTOR ( 'NONE', #990, 1000.000000000000000 ) ;
#101 = ORIENTED_EDGE ( 'NONE', *, *, #119, .T. ) ;
#102 = DIRECTION ( 'NONE',  ( -5.411053549675415297E-13, -1.249000902703301108E-16, -1.000000000000000000 ) ) ;
#103 = VECTOR ( 'NONE', #994, 1000.000000000000000 ) ;
#104 = CARTESIAN_POINT ( 'NONE',  ( 44.08697032435448904, 1.500000000000000000, 54.99999999997501732 ) ) ;
#105 = DIRECTION ( 'NONE',  ( -6.758410768120495470E-29, 1.000000000000000000, -1.249000902703301108E-16 ) ) ;
#106 = VECTOR ( 'NONE', #148, 1000.000000000000000 ) ;
#107 = VECTOR ( 'NONE', #1631, 1000.000000000000000 ) ;
#108 = DIRECTION ( 'NONE',  ( 1.239088197125614615E-16, 1.000000000000000000, -1.249000902703971640E-16 ) ) ;
#109 = EDGE_CURVE ( 'NONE', #1017, #1180, #770, .T. ) ;
#110 = LINE ( 'NONE', #207, #1592 ) ;
#111 = EDGE_CURVE ( 'NONE', #1017, #56, #126, .T. ) ;
#112 = CARTESIAN_POINT ( 'NONE',  ( 20.39999999999412950, 161.8000000000000114, 38.99999999998785682 ) ) ;
#113 = FACE_OUTER_BOUND ( 'NONE', #1477, .T. ) ;
#114 = VERTEX_POINT ( 'NONE', #500 ) ;
#115 = DIRECTION ( 'NONE',  ( -1.000000000000000000, 0.000000000000000000, 5.411053549675415297E-13 ) ) ;
#116 = CARTESIAN_POINT ( 'NONE',  ( -28.91302967564712034, 1.500000000000000666, 52.00000000001452349 ) ) ;
#117 = PLANE ( 'NONE',  #518 ) ;
#118 = LINE ( 'NONE', #716, #1010 ) ;
#119 = EDGE_CURVE ( 'NONE', #397, #410, #1259, .T. ) ;
#120 = PLANE ( 'NONE',  #1542 ) ;
#121 = VECTOR ( 'NONE', #943, 1000.000000000000000 ) ;
#122 = ORIENTED_EDGE ( 'NONE', *, *, #999, .T. ) ;
#123 = EDGE_LOOP ( 'NONE', ( #1008, #1554, #452, #1556 ) ) ;
#124 = DIRECTION ( 'NONE',  ( 5.412194815120136934E-13, 0.000000000000000000, 1.000000000000000000 ) ) ;
#125 = CARTESIAN_POINT ( 'NONE',  ( 23.99999999999467448, 339.9999976677415248, 39.99999999998589573 ) ) ;
#126 = LINE ( 'NONE', #763, #1450 ) ;
#127 = ORIENTED_EDGE ( 'NONE', *, *, #655, .T. ) ;
#128 = ORIENTED_EDGE ( 'NONE', *, *, #200, .F. ) ;
#129 = ORIENTED_EDGE ( 'NONE', *, *, #1347, .T. ) ;
#130 = EDGE_CURVE ( 'NONE', #609, #1508, #134, .T. ) ;
#131 = CARTESIAN_POINT ( 'NONE',  ( -52.00000000001236344, 339.9999999999998863, 27.00000000002692957 ) ) ;
#132 = VECTOR ( 'NONE', #1058, 1000.000000000000000 ) ;
#133 = CARTESIAN_POINT ( 'NONE',  ( -28.91302967564549675, 1.500000000000000666, 55.00000000001451639 ) ) ;
#134 = LINE ( 'NONE', #514, #1030 ) ;
#135 = EDGE_LOOP ( 'NONE', ( #1580, #1519, #915, #586 ) ) ;
#136 = ORIENTED_EDGE ( 'NONE', *, *, #644, .T. ) ;
#137 = DIRECTION ( 'NONE',  ( 1.000000000000000000, 1.595951227352055761E-17, -5.411053549675415297E-13 ) ) ;
#138 = EDGE_CURVE ( 'NONE', #609, #746, #1013, .T. ) ;
#139 = CARTESIAN_POINT ( 'NONE',  ( 48.00000000000117240, 161.8000000000000114, 51.99999999997289990 ) ) ;
#140 = EDGE_CURVE ( 'NONE', #187, #503, #1391, .T. ) ;
#141 = LINE ( 'NONE', #636, #1294 ) ;
#142 = PRESENTATION_LAYER_ASSIGNMENT (  '', '', ( #1151 ) ) ;
#143 = ORIENTED_EDGE ( 'NONE', *, *, #1118, .T. ) ;
#144 = LINE ( 'NONE', #1278, #638 ) ;
#145 = ORIENTED_EDGE ( 'NONE', *, *, #398, .T. ) ;
#146 = CARTESIAN_POINT ( 'NONE',  ( -48.08697032435051710, 1.500000000000000666, 52.00000000002489742 ) ) ;
#147 = ADVANCED_FACE ( 'NONE', ( #1515 ), #1533, .F. ) ;
#148 = DIRECTION ( 'NONE',  ( -1.000000000000000000, 0.000000000000000000, 5.411053549675415297E-13 ) ) ;
#149 = ORIENTED_EDGE ( 'NONE', *, *, #1443, .F. ) ;
#150 = DIRECTION ( 'NONE',  ( -6.758410768120495470E-29, 1.000000000000000000, -1.249000902703301108E-16 ) ) ;
#151 = EDGE_LOOP ( 'NONE', ( #1619, #988, #128, #971 ) ) ;
#152 = VECTOR ( 'NONE', #1456, 1000.000000000000000 ) ;
#153 = CARTESIAN_POINT ( 'NONE',  ( -24.40000000000652136, 161.8000000000000114, 37.80000000001210481 ) ) ;
#154 = CARTESIAN_POINT ( 'NONE',  ( 45.00000000000716938, 3.000000000000002665, 62.99999999997457678 ) ) ;
#155 = VECTOR ( 'NONE', #722, 1000.000000000000000 ) ;
#156 = EDGE_CURVE ( 'NONE', #807, #1384, #141, .T. ) ;
#157 = ORIENTED_EDGE ( 'NONE', *, *, #677, .F. ) ;
#158 = FACE_OUTER_BOUND ( 'NONE', #1603, .T. ) ;
#159 = VECTOR ( 'NONE', #697, 1000.000000000000000 ) ;
#160 = ORIENTED_EDGE ( 'NONE', *, *, #1302, .F. ) ;
#161 = DIRECTION ( 'NONE',  ( 5.411053549675415297E-13, 0.000000000000000000, 1.000000000000000000 ) ) ;
#162 = AXIS2_PLACEMENT_3D ( 'NONE', #522, #1038, #402 ) ;
#163 = VECTOR ( 'NONE', #1281, 1000.000000000000000 ) ;
#164 = FACE_OUTER_BOUND ( 'NONE', #570, .T. ) ;
#165 = ORIENTED_EDGE ( 'NONE', *, *, #276, .T. ) ;
#166 = ADVANCED_FACE ( 'NONE', ( #1156 ), #899, .T. ) ;
#167 =( NAMED_UNIT ( * ) PLANE_ANGLE_UNIT ( ) SI_UNIT ( $, .RADIAN. ) );
#168 = AXIS2_PLACEMENT_3D ( 'NONE', #16, #150, #1546 ) ;
#169 = ORIENTED_EDGE ( 'NONE', *, *, #138, .F. ) ;
#170 = DIRECTION ( 'NONE',  ( -7.730208394909068524E-29, 1.000000000000000000, -1.428595803745606684E-16 ) ) ;
#171 = DIRECTION ( 'NONE',  ( 1.000000000000000000, 0.000000000000000000, -5.411053549675415297E-13 ) ) ;
#172 = FACE_OUTER_BOUND ( 'NONE', #225, .T. ) ;
#173 = ORIENTED_EDGE ( 'NONE', *, *, #1032, .T. ) ;
#174 = LINE ( 'NONE', #672, #1323 ) ;
#175 = ADVANCED_FACE ( 'NONE', ( #482 ), #367, .F. ) ;
#176 = ORIENTED_EDGE ( 'NONE', *, *, #1434, .F. ) ;
#177 = CARTESIAN_POINT ( 'NONE',  ( 43.99999999999521805, 339.9999999999998863, 40.99999999997505995 ) ) ;
#178 = CARTESIAN_POINT ( 'NONE',  ( 5.599999999993484856, 161.8000000000000114, 37.79999999999586180 ) ) ;
#179 = ORIENTED_EDGE ( 'NONE', *, *, #562, .F. ) ;
#180 = ADVANCED_FACE ( 'NONE', ( #624 ), #1317, .F. ) ;
#181 = AXIS2_PLACEMENT_3D ( 'NONE', #1129, #1522, #478 ) ;
#182 = DIRECTION ( 'NONE',  ( -1.000000000000000000, -1.235411386100096301E-16, 5.411053549675415297E-13 ) ) ;
#183 = VECTOR ( 'NONE', #312, 1000.000000000000000 ) ;
#184 = ORIENTED_EDGE ( 'NONE', *, *, #1052, .F. ) ;
#185 = VECTOR ( 'NONE', #278, 1000.000000000000000 ) ;
#186 = CIRCLE ( 'NONE', #1327, 3.999999999999996447 ) ;
#187 = VERTEX_POINT ( 'NONE', #433 ) ;
#188 = DIRECTION ( 'NONE',  ( -1.000000000000000000, 0.000000000000000000, 5.411053549675415297E-13 ) ) ;
#189 = LINE ( 'NONE', #1541, #1390 ) ;
#190 = DIRECTION ( 'NONE',  ( -1.000000000000000000, 0.000000000000000000, 5.411053549675415297E-13 ) ) ;
#191 = ORIENTED_EDGE ( 'NONE', *, *, #940, .F. ) ;
#192 = EDGE_CURVE ( 'NONE', #1423, #564, #675, .T. ) ;
#193 = CARTESIAN_POINT ( 'NONE',  ( 20.39999999999412950, 170.0000000000000000, 38.99999999998785682 ) ) ;
#194 = EDGE_LOOP ( 'NONE', ( #1150, #32, #11, #891, #1307, #1491, #203 ) ) ;
#195 = ORIENTED_EDGE ( 'NONE', *, *, #554, .T. ) ;
#196 = CARTESIAN_POINT ( 'NONE',  ( -24.40000000000652136, 161.8000000000000114, 37.80000000001210481 ) ) ;
#197 = PRODUCT_CONTEXT ( 'NONE', #1496, 'mechanical' ) ;
#198 = ORIENTED_EDGE ( 'NONE', *, *, #528, .T. ) ;
#199 = PLANE ( 'NONE',  #1252 ) ;
#200 = EDGE_CURVE ( 'NONE', #1500, #369, #1325, .T. ) ;
#201 = CARTESIAN_POINT ( 'NONE',  ( 47.99999999999305800, 0.000000000000000000, 36.99999999997294253 ) ) ;
#202 = LINE ( 'NONE', #1466, #1484 ) ;
#203 = ORIENTED_EDGE ( 'NONE', *, *, #464, .T. ) ;
#204 = DIRECTION ( 'NONE',  ( -5.413782847944287157E-13, -1.355252715606880789E-16, -1.000000000000000000 ) ) ;
#205 = ORIENTED_EDGE ( 'NONE', *, *, #1576, .T. ) ;
#206 = DIRECTION ( 'NONE',  ( -1.000000000000000000, 0.000000000000000000, 5.411053549675415297E-13 ) ) ;
#207 = CARTESIAN_POINT ( 'NONE',  ( 24.91302967565109938, 6.214600241191314276E-17, 54.99999999998539124 ) ) ;
#208 = DIRECTION ( 'NONE',  ( 0.000000000000000000, -1.000000000000000000, -0.000000000000000000 ) ) ;
#209 = EDGE_CURVE ( 'NONE', #352, #292, #797, .T. ) ;
#210 = ORIENTED_EDGE ( 'NONE', *, *, #119, .F. ) ;
#211 = LINE ( 'NONE', #981, #595 ) ;
#212 = ORIENTED_EDGE ( 'NONE', *, *, #130, .T. ) ;
#213 = CARTESIAN_POINT ( 'NONE',  ( 48.00000000000117240, 161.8000000000000114, 51.99999999997289990 ) ) ;
#214 = DIRECTION ( 'NONE',  ( -5.411053549675415297E-13, 0.000000000000000000, -1.000000000000000000 ) ) ;
#215 = CARTESIAN_POINT ( 'NONE',  ( -50.49999999999882760, 1.500000000000000444, 52.00000000002619771 ) ) ;
#216 = AXIS2_PLACEMENT_3D ( 'NONE', #685, #190, #161 ) ;
#217 = ORIENTED_EDGE ( 'NONE', *, *, #1072, .T. ) ;
#218 = EDGE_CURVE ( 'NONE', #650, #114, #932, .T. ) ;
#219 = CARTESIAN_POINT ( 'NONE',  ( 35.59999999999348574, 161.8000000000000114, 37.79999999997963300 ) ) ;
#220 = LINE ( 'NONE', #567, #395 ) ;
#221 = COLOUR_RGB ( '',0.7921568627450980005, 0.8196078431372548767, 0.9333333333333333481 ) ;
#222 = LINE ( 'NONE', #340, #243 ) ;
#223 = DIRECTION ( 'NONE',  ( -1.235411386100764861E-16, 1.000000000000000000, -1.235411386099427742E-16 ) ) ;
#224 = DIRECTION ( 'NONE',  ( 5.411053549675415297E-13, 0.000000000000000000, 1.000000000000000000 ) ) ;
#225 = EDGE_LOOP ( 'NONE', ( #1395, #454, #1210, #501, #1044 ) ) ;
#226 = FACE_OUTER_BOUND ( 'NONE', #897, .T. ) ;
#227 = ADVANCED_FACE ( 'NONE', ( #702 ), #443, .T. ) ;
#228 = EDGE_CURVE ( 'NONE', #503, #1227, #572, .T. ) ;
#229 = CARTESIAN_POINT ( 'NONE',  ( 23.99999999999471356, 3.000000000000000000, 39.99999999998593836 ) ) ;
#230 = CARTESIAN_POINT ( 'NONE',  ( -51.99999999999883471, 3.000000000000000000, 52.00000000002700773 ) ) ;
#231 = VECTOR ( 'NONE', #508, 1000.000000000000000 ) ;
#232 = FACE_OUTER_BOUND ( 'NONE', #1394, .T. ) ;
#233 = CARTESIAN_POINT ( 'NONE',  ( -52.00000000001236344, 170.0000000000000000, 27.00000000002692957 ) ) ;
#234 = AXIS2_PLACEMENT_3D ( 'NONE', #363, #1638, #249 ) ;
#235 = VERTEX_POINT ( 'NONE', #667 ) ;
#236 = CARTESIAN_POINT ( 'NONE',  ( -24.40000000000652136, 161.8000000000000114, 37.80000000001210481 ) ) ;
#237 = VECTOR ( 'NONE', #1133, 1000.000000000000000 ) ;
#238 = AXIS2_PLACEMENT_3D ( 'NONE', #1462, #1553, #1575 ) ;
#239 = DIRECTION ( 'NONE',  ( -5.411053549675415297E-13, 1.013475744154521634E-19, -1.000000000000000000 ) ) ;
#240 = ADVANCED_FACE ( 'NONE', ( #1093 ), #953, .F. ) ;
#241 = EDGE_CURVE ( 'NONE', #1211, #1037, #816, .T. ) ;
#242 = DIRECTION ( 'NONE',  ( -1.000000000000000000, -1.235411377550249001E-16, 5.411053549675415297E-13 ) ) ;
#243 = VECTOR ( 'NONE', #837, 1000.000000000000000 ) ;
#244 = DIRECTION ( 'NONE',  ( -5.413782847944287157E-13, -1.249000902703301354E-16, -1.000000000000000000 ) ) ;
#245 = DIRECTION ( 'NONE',  ( -5.411053549675415297E-13, -1.249000902703301108E-16, -1.000000000000000000 ) ) ;
#246 = ORIENTED_EDGE ( 'NONE', *, *, #545, .T. ) ;
#247 = VERTEX_POINT ( 'NONE', #1446 ) ;
#248 = VECTOR ( 'NONE', #537, 1000.000000000000000 ) ;
#249 = DIRECTION ( 'NONE',  ( 1.000000000000000000, 0.000000000000000000, -5.411053549675415297E-13 ) ) ;
#250 = CARTESIAN_POINT ( 'NONE',  ( 45.00000000000714806, 170.0000000000000568, 62.99999999997454836 ) ) ;
#251 = DIRECTION ( 'NONE',  ( -1.000000000000000000, 0.000000000000000000, 5.411053549675415297E-13 ) ) ;
#252 = EDGE_CURVE ( 'NONE', #411, #1350, #323, .T. ) ;
#253 = VERTEX_POINT ( 'NONE', #453 ) ;
#254 = ORIENTED_EDGE ( 'NONE', *, *, #1411, .F. ) ;
#255 = DIRECTION ( 'NONE',  ( -6.758410768120495470E-29, 1.000000000000000000, -1.249000902703301108E-16 ) ) ;
#256 = LINE ( 'NONE', #872, #504 ) ;
#257 = CARTESIAN_POINT ( 'NONE',  ( -38.49999999999908340, 0.000000000000000000, 51.50000000001975309 ) ) ;
#258 = ORIENTED_EDGE ( 'NONE', *, *, #401, .T. ) ;
#259 = ORIENTED_EDGE ( 'NONE', *, *, #741, .T. ) ;
#260 = EDGE_CURVE ( 'NONE', #1537, #63, #41, .T. ) ;
#261 = LINE ( 'NONE', #512, #1528 ) ;
#262 = ORIENTED_EDGE ( 'NONE', *, *, #1513, .F. ) ;
#263 = DIRECTION ( 'NONE',  ( -5.412337245047633086E-13, 0.000000000000000000, -1.000000000000000000 ) ) ;
#264 = CARTESIAN_POINT ( 'NONE',  ( -48.99999999999287326, 339.9999999999998863, 63.00000000002539480 ) ) ;
#265 = ORIENTED_EDGE ( 'NONE', *, *, #1566, .F. ) ;
#266 = CARTESIAN_POINT ( 'NONE',  ( 46.50000000000117240, 170.0000000000000000, 51.99999999997370992 ) ) ;
#267 = EDGE_CURVE ( 'NONE', #866, #1041, #1376, .T. ) ;
#268 = ORIENTED_EDGE ( 'NONE', *, *, #1347, .F. ) ;
#269 = LINE ( 'NONE', #133, #659 ) ;
#270 = CARTESIAN_POINT ( 'NONE',  ( 48.00000000000712674, 1.390208412897482608E-15, 62.99999999997293543 ) ) ;
#271 = CARTESIAN_POINT ( 'NONE',  ( 20.39999999999348290, 170.0000000000000000, 37.79999999998785398 ) ) ;
#272 = ORIENTED_EDGE ( 'NONE', *, *, #1576, .F. ) ;
#273 = DIRECTION ( 'NONE',  ( -0.000000000000000000, -1.000000000000000000, -0.000000000000000000 ) ) ;
#274 = STYLED_ITEM ( 'NONE', ( #1493 ), #532 ) ;
#275 = EDGE_LOOP ( 'NONE', ( #1465, #49, #381, #1157, #926, #944, #329, #61, #1014, #217, #427, #857, #1142, #122, #1514, #1643, #1231, #1332 ) ) ;
#276 = EDGE_CURVE ( 'NONE', #746, #84, #50, .T. ) ;
#277 = PLANE ( 'NONE',  #1015 ) ;
#278 = DIRECTION ( 'NONE',  ( -1.000000000000000000, -8.986231569607298728E-17, 5.411053549675415297E-13 ) ) ;
#279 = VERTEX_POINT ( 'NONE', #1214 ) ;
#280 = CARTESIAN_POINT ( 'NONE',  ( -38.49999999999908340, 170.0000000000000000, 51.50000000001973177 ) ) ;
#281 = EDGE_LOOP ( 'NONE', ( #344, #1569, #547, #445 ) ) ;
#282 = CARTESIAN_POINT ( 'NONE',  ( -51.99999999999883471, 170.0000000000000000, 52.00000000002700773 ) ) ;
#283 = CARTESIAN_POINT ( 'NONE',  ( 24.91302967565109938, 1.500000000000000000, 54.99999999998539124 ) ) ;
#284 = EDGE_CURVE ( 'NONE', #235, #1037, #1581, .T. ) ;
#285 = VERTEX_POINT ( 'NONE', #1068 ) ;
#286 = CARTESIAN_POINT ( 'NONE',  ( -48.08697032435051710, 1.500000000000000666, 52.00000000002489742 ) ) ;
#287 = CIRCLE ( 'NONE', #950, 9.599999999999997868 ) ;
#288 = ORIENTED_EDGE ( 'NONE', *, *, #487, .F. ) ;
#289 = LINE ( 'NONE', #798, #921 ) ;
#290 = DIRECTION ( 'NONE',  ( -1.000000000000000000, 1.208562007568983346E-17, 5.411053549675415297E-13 ) ) ;
#291 = EDGE_CURVE ( 'NONE', #1041, #1222, #1452, .T. ) ;
#292 = VERTEX_POINT ( 'NONE', #804 ) ;
#293 = CARTESIAN_POINT ( 'NONE',  ( -48.99999999999287326, 339.9999999999998863, 63.00000000002539480 ) ) ;
#294 = VECTOR ( 'NONE', #137, 1000.000000000000000 ) ;
#295 = EDGE_LOOP ( 'NONE', ( #815, #494, #372, #922 ) ) ;
#296 = DIRECTION ( 'NONE',  ( -5.483971522917256794E-32, -1.000000000000000000, -1.013475744154521634E-19 ) ) ;
#297 = CARTESIAN_POINT ( 'NONE',  ( -28.91302967564549675, 1.500000000000000666, 55.00000000001451639 ) ) ;
#298 = CARTESIAN_POINT ( 'NONE',  ( 5.599999999993484856, 161.8000000000000114, 37.79999999999586180 ) ) ;
#299 = EDGE_LOOP ( 'NONE', ( #1109, #1202, #288, #752, #1562, #936, #17 ) ) ;
#300 = CARTESIAN_POINT ( 'NONE',  ( 45.00000000000117240, 339.9999999999998863, 51.99999999997452704 ) ) ;
#301 = ORIENTED_EDGE ( 'NONE', *, *, #786, .T. ) ;
#302 = ADVANCED_FACE ( 'NONE', ( #558 ), #1076, .F. ) ;
#303 = DIRECTION ( 'NONE',  ( 5.412194815120136934E-13, 0.000000000000000000, 1.000000000000000000 ) ) ;
#304 = CARTESIAN_POINT ( 'NONE',  ( 24.00000000000716582, 3.000000000000002665, 62.99999999998593125 ) ) ;
#305 = ORIENTED_EDGE ( 'NONE', *, *, #209, .T. ) ;
#306 = AXIS2_PLACEMENT_3D ( 'NONE', #1604, #303, #314 ) ;
#307 = AXIS2_PLACEMENT_3D ( 'NONE', #849, #124, #858 ) ;
#308 = CARTESIAN_POINT ( 'NONE',  ( -24.40000000000588187, 170.0000000000000000, 39.00000000001209344 ) ) ;
#309 = ORIENTED_EDGE ( 'NONE', *, *, #1348, .F. ) ;
#310 = VECTOR ( 'NONE', #778, 1000.000000000000000 ) ;
#311 = VECTOR ( 'NONE', #1532, 1000.000000000000000 ) ;
#312 = DIRECTION ( 'NONE',  ( 1.000000000000000000, -0.000000000000000000, -5.412194815120136934E-13 ) ) ;
#313 = ORIENTED_EDGE ( 'NONE', *, *, #487, .T. ) ;
#314 = DIRECTION ( 'NONE',  ( 1.000000000000000000, 0.000000000000000000, -5.412194815120136934E-13 ) ) ;
#315 = VECTOR ( 'NONE', #1005, 1000.000000000000000 ) ;
#316 =( LENGTH_UNIT ( ) NAMED_UNIT ( * ) SI_UNIT ( .MILLI., .METRE. ) );
#317 = ADVANCED_FACE ( 'NONE', ( #1475 ), #832, .T. ) ;
#318 = EDGE_LOOP ( 'NONE', ( #1309, #259, #913, #1428, #663, #1353, #169 ) ) ;
#319 = CARTESIAN_POINT ( 'NONE',  ( -48.08697032434889707, 1.500000000000000666, 55.00000000002489742 ) ) ;
#320 = DIRECTION ( 'NONE',  ( -1.000000000000000000, 0.000000000000000000, 5.411053549675415297E-13 ) ) ;
#321 = LINE ( 'NONE', #937, #183 ) ;
#322 = ORIENTED_EDGE ( 'NONE', *, *, #918, .F. ) ;
#323 = LINE ( 'NONE', #1196, #358 ) ;
#324 = ORIENTED_EDGE ( 'NONE', *, *, #55, .F. ) ;
#325 = FACE_OUTER_BOUND ( 'NONE', #275, .T. ) ;
#326 = EDGE_CURVE ( 'NONE', #404, #701, #1387, .T. ) ;
#327 = LINE ( 'NONE', #588, #654 ) ;
#328 = LINE ( 'NONE', #474, #1090 ) ;
#329 = ORIENTED_EDGE ( 'NONE', *, *, #1337, .F. ) ;
#330 = DIRECTION ( 'NONE',  ( -5.413782847944287157E-13, -1.249000902703301354E-16, -1.000000000000000000 ) ) ;
#331 = VERTEX_POINT ( 'NONE', #591 ) ;
#332 = DIRECTION ( 'NONE',  ( 0.000000000000000000, 1.000000000000000000, 0.000000000000000000 ) ) ;
#333 = DIRECTION ( 'NONE',  ( -5.411053549675415297E-13, 0.000000000000000000, -1.000000000000000000 ) ) ;
#334 = EDGE_CURVE ( 'NONE', #1235, #1075, #1103, .T. ) ;
#335 = AXIS2_PLACEMENT_3D ( 'NONE', #1349, #1119, #978 ) ;
#336 = LINE ( 'NONE', #215, #1172 ) ;
#337 = ORIENTED_EDGE ( 'NONE', *, *, #968, .F. ) ;
#338 = CARTESIAN_POINT ( 'NONE',  ( 48.00000000000117240, 161.8000000000000114, 51.99999999997289990 ) ) ;
#339 = DIRECTION ( 'NONE',  ( -1.000000000000000000, 0.000000000000000000, 5.411053549675415297E-13 ) ) ;
#340 = CARTESIAN_POINT ( 'NONE',  ( 20.39999999999412950, 161.8000000000000114, 38.99999999998785682 ) ) ;
#341 = ADVANCED_FACE ( 'NONE', ( #1502 ), #870, .F. ) ;
#342 = DIRECTION ( 'NONE',  ( -1.000000000000000000, 0.000000000000000000, 5.413782847944287157E-13 ) ) ;
#343 = CARTESIAN_POINT ( 'NONE',  ( 46.34314575050066765, 1.656854249492380582, 36.99999999997384492 ) ) ;
#344 = ORIENTED_EDGE ( 'NONE', *, *, #999, .F. ) ;
#345 = ADVANCED_FACE ( 'NONE', ( #602 ), #1630, .F. ) ;
#346 = CARTESIAN_POINT ( 'NONE',  ( -48.00000000000694911, 3.999999999999999112, 37.00000000002489742 ) ) ;
#347 = CARTESIAN_POINT ( 'NONE',  ( 0.000000000000000000, 0.000000000000000000, 0.000000000000000000 ) ) ;
#348 = CARTESIAN_POINT ( 'NONE',  ( -50.34314575051455876, 1.656854249492380582, 37.00000000002616218 ) ) ;
#349 = LINE ( 'NONE', #969, #1385 ) ;
#350 = DIRECTION ( 'NONE',  ( -5.295405317943627821E-13, -0.000000000000000000, -1.000000000000000000 ) ) ;
#351 = CARTESIAN_POINT ( 'NONE',  ( -9.600000000006513545, 170.0000000000000000, 37.80000000000409699 ) ) ;
#352 = VERTEX_POINT ( 'NONE', #219 ) ;
#353 = CARTESIAN_POINT ( 'NONE',  ( 24.91302967565109938, 6.214600241191314276E-17, 54.99999999998539124 ) ) ;
#354 = EDGE_CURVE ( 'NONE', #590, #717, #610, .T. ) ;
#355 = DIRECTION ( 'NONE',  ( 1.000000000000000000, -0.000000000000000000, -5.412194815120136934E-13 ) ) ;
#356 = FACE_BOUND ( 'NONE', #1435, .T. ) ;
#357 = DIRECTION ( 'NONE',  ( 5.411053549675415297E-13, 1.235411386100096055E-16, 1.000000000000000000 ) ) ;
#358 = VECTOR ( 'NONE', #1205, 1000.000000000000000 ) ;
#359 = DIRECTION ( 'NONE',  ( -6.758410768120495470E-29, 1.000000000000000000, -1.249000902703301108E-16 ) ) ;
#360 = CARTESIAN_POINT ( 'NONE',  ( -39.60000000000652420, 161.8000000000000114, 37.80000000002032579 ) ) ;
#361 = ORIENTED_EDGE ( 'NONE', *, *, #14, .T. ) ;
#362 = ORIENTED_EDGE ( 'NONE', *, *, #769, .F. ) ;
#363 = CARTESIAN_POINT ( 'NONE',  ( 48.00000000000279954, 0.000000000000000000, 54.99999999997290701 ) ) ;
#364 = ADVANCED_FACE ( 'NONE', ( #621 ), #710, .T. ) ;
#365 = CARTESIAN_POINT ( 'NONE',  ( 43.99999999999305089, 3.999999999999999112, 36.99999999997510969 ) ) ;
#366 = VERTEX_POINT ( 'NONE', #841 ) ;
#367 = PLANE ( 'NONE',  #861 ) ;
#368 = VECTOR ( 'NONE', #970, 1000.000000000000000 ) ;
#369 = VERTEX_POINT ( 'NONE', #488 ) ;
#370 = DIRECTION ( 'NONE',  ( 5.483971522917257889E-32, 1.000000000000000000, 1.013475744154521754E-19 ) ) ;
#371 = LINE ( 'NONE', #233, #237 ) ;
#372 = ORIENTED_EDGE ( 'NONE', *, *, #284, .F. ) ;
#373 = ORIENTED_EDGE ( 'NONE', *, *, #326, .T. ) ;
#374 = VECTOR ( 'NONE', #1310, 1000.000000000000000 ) ;
#375 = VECTOR ( 'NONE', #105, 1000.000000000000000 ) ;
#376 = CARTESIAN_POINT ( 'NONE',  ( 20.39999999999348290, 161.8000000000000114, 37.79999999998785398 ) ) ;
#377 = FACE_OUTER_BOUND ( 'NONE', #557, .T. ) ;
#378 = DIRECTION ( 'NONE',  ( -6.758410768120495470E-29, 1.000000000000000000, -1.249000902703301108E-16 ) ) ;
#379 = AXIS2_PLACEMENT_3D ( 'NONE', #131, #519, #534 ) ;
#380 = ADVANCED_FACE ( 'NONE', ( #718 ), #1492, .T. ) ;
#381 = ORIENTED_EDGE ( 'NONE', *, *, #1534, .T. ) ;
#382 = ORIENTED_EDGE ( 'NONE', *, *, #795, .T. ) ;
#383 = CARTESIAN_POINT ( 'NONE',  ( 44.08697032435448904, 1.500000000000000000, 54.99999999997501732 ) ) ;
#384 = CARTESIAN_POINT ( 'NONE',  ( -50.49999999999720757, 170.0000000000000000, 55.00000000002620482 ) ) ;
#385 = DIRECTION ( 'NONE',  ( -5.411053549675415297E-13, 0.000000000000000000, -1.000000000000000000 ) ) ;
#386 = ADVANCED_FACE ( 'NONE', ( #1374 ), #1137, .F. ) ;
#387 = ORIENTED_EDGE ( 'NONE', *, *, #267, .F. ) ;
#388 = EDGE_LOOP ( 'NONE', ( #1373, #965, #949, #1092 ) ) ;
#389 = CARTESIAN_POINT ( 'NONE',  ( -52.00000000000532907, 339.9999999999998863, 40.00000000002700773 ) ) ;
#390 = AXIS2_PLACEMENT_3D ( 'NONE', #997, #470, #1110 ) ;
#391 = ORIENTED_EDGE ( 'NONE', *, *, #74, .F. ) ;
#392 = CIRCLE ( 'NONE', #1275, 9.599999999999997868 ) ;
#393 = DIRECTION ( 'NONE',  ( -5.411053549675415297E-13, 1.013475744154521634E-19, -1.000000000000000000 ) ) ;
#394 = VECTOR ( 'NONE', #948, 1000.000000000000000 ) ;
#395 = VECTOR ( 'NONE', #480, 1000.000000000000000 ) ;
#396 = CARTESIAN_POINT ( 'NONE',  ( -27.99999999999283062, 3.000000000000001332, 63.00000000001407585 ) ) ;
#397 = VERTEX_POINT ( 'NONE', #496 ) ;
#398 = EDGE_CURVE ( 'NONE', #1065, #1417, #748, .T. ) ;
#399 = DIRECTION ( 'NONE',  ( -1.235411377550917560E-16, 1.000000000000000000, -1.235411377549580441E-16 ) ) ;
#400 = ORIENTED_EDGE ( 'NONE', *, *, #885, .F. ) ;
#401 = EDGE_CURVE ( 'NONE', #279, #1460, #20, .T. ) ;
#402 = DIRECTION ( 'NONE',  ( 5.411053549675415297E-13, 0.000000000000000000, 1.000000000000000000 ) ) ;
#403 = CARTESIAN_POINT ( 'NONE',  ( -48.08697032435051710, 0.000000000000000000, 52.00000000002489742 ) ) ;
#404 = VERTEX_POINT ( 'NONE', #94 ) ;
#405 = LINE ( 'NONE', #1158, #1574 ) ;
#406 = ORIENTED_EDGE ( 'NONE', *, *, #687, .T. ) ;
#407 = DIRECTION ( 'NONE',  ( -5.411053549675415297E-13, -1.249000902703301108E-16, -1.000000000000000000 ) ) ;
#408 = EDGE_CURVE ( 'NONE', #1460, #279, #1165, .T. ) ;
#409 = CARTESIAN_POINT ( 'NONE',  ( 24.91302967565109938, 1.500000000000000000, 54.99999999998539124 ) ) ;
#410 = VERTEX_POINT ( 'NONE', #1510 ) ;
#411 = VERTEX_POINT ( 'NONE', #1351 ) ;
#412 = CARTESIAN_POINT ( 'NONE',  ( 34.50000000000089528, 0.000000000000000000, 51.49999999998024691 ) ) ;
#413 = EDGE_CURVE ( 'NONE', #56, #1282, #211, .T. ) ;
#414 = DIRECTION ( 'NONE',  ( -5.411053549675415297E-13, -0.000000000000000000, -1.000000000000000000 ) ) ;
#415 = CARTESIAN_POINT ( 'NONE',  ( 44.08697032435286900, 3.000000000000001332, 51.99999999997501732 ) ) ;
#416 = ORIENTED_EDGE ( 'NONE', *, *, #1633, .T. ) ;
#417 = ORIENTED_EDGE ( 'NONE', *, *, #1605, .T. ) ;
#418 = CARTESIAN_POINT ( 'NONE',  ( 35.59999999999348574, 161.8000000000000114, 37.79999999997963300 ) ) ;
#419 = DIRECTION ( 'NONE',  ( 7.730208394909068524E-29, -1.000000000000000000, 1.428595803745606684E-16 ) ) ;
#420 = PLANE ( 'NONE',  #441 ) ;
#421 = VERTEX_POINT ( 'NONE', #1229 ) ;
#422 = LINE ( 'NONE', #1203, #975 ) ;
#423 = VECTOR ( 'NONE', #2, 1000.000000000000000 ) ;
#424 = ORIENTED_EDGE ( 'NONE', *, *, #1118, .F. ) ;
#425 = DIRECTION ( 'NONE',  ( 1.239088197125614615E-16, 1.000000000000000000, -1.249000902703971640E-16 ) ) ;
#426 = DIRECTION ( 'NONE',  ( -6.758410768120495470E-29, 1.000000000000000000, -1.249000902703301108E-16 ) ) ;
#427 = ORIENTED_EDGE ( 'NONE', *, *, #1535, .F. ) ;
#428 = DIRECTION ( 'NONE',  ( -5.411053549675415297E-13, 0.000000000000000000, -1.000000000000000000 ) ) ;
#429 = ORIENTED_EDGE ( 'NONE', *, *, #1316, .T. ) ;
#430 = EDGE_CURVE ( 'NONE', #575, #411, #85, .T. ) ;
#431 = CARTESIAN_POINT ( 'NONE',  ( 46.50000000000117240, 1.500000000000000222, 51.99999999997370992 ) ) ;
#432 = VERTEX_POINT ( 'NONE', #346 ) ;
#433 = CARTESIAN_POINT ( 'NONE',  ( -48.08697032434889707, 1.500000000000000666, 55.00000000002489742 ) ) ;
#434 = LINE ( 'NONE', #1459, #535 ) ;
#435 = ORIENTED_EDGE ( 'NONE', *, *, #64, .T. ) ;
#436 = VECTOR ( 'NONE', #1563, 1000.000000000000000 ) ;
#437 = AXIS2_PLACEMENT_3D ( 'NONE', #236, #461, #1359 ) ;
#438 = CARTESIAN_POINT ( 'NONE',  ( 47.99999999999521805, 170.0000000000000000, 40.99999999997292122 ) ) ;
#439 = CARTESIAN_POINT ( 'NONE',  ( 24.00000000000716582, 3.000000000000002665, 62.99999999998593125 ) ) ;
#440 = AXIS2_PLACEMENT_3D ( 'NONE', #844, #731, #320 ) ;
#441 = AXIS2_PLACEMENT_3D ( 'NONE', #37, #538, #1055 ) ;
#442 = ORIENTED_EDGE ( 'NONE', *, *, #751, .T. ) ;
#443 = CYLINDRICAL_SURFACE ( 'NONE', #1084, 3.999999999999996447 ) ;
#444 = AXIS2_PLACEMENT_3D ( 'NONE', #1616, #960, #1486 ) ;
#445 = ORIENTED_EDGE ( 'NONE', *, *, #585, .F. ) ;
#446 = ADVANCED_FACE ( 'NONE', ( #226 ), #727, .T. ) ;
#447 = CARTESIAN_POINT ( 'NONE',  ( 5.599999999993484856, 170.0000000000000000, 37.79999999999586180 ) ) ;
#448 = VECTOR ( 'NONE', #661, 1000.000000000000000 ) ;
#449 = VECTOR ( 'NONE', #355, 1000.000000000000000 ) ;
#450 = DIRECTION ( 'NONE',  ( -6.758410768120495470E-29, 1.000000000000000000, -1.249000902703301108E-16 ) ) ;
#451 = FACE_OUTER_BOUND ( 'NONE', #691, .T. ) ;
#452 = ORIENTED_EDGE ( 'NONE', *, *, #1558, .F. ) ;
#453 = CARTESIAN_POINT ( 'NONE',  ( 35.59999999999413944, 161.8000000000000114, 38.99999999997963585 ) ) ;
#454 = ORIENTED_EDGE ( 'NONE', *, *, #1454, .T. ) ;
#455 = ADVANCED_FACE ( 'NONE', ( #10 ), #1143, .F. ) ;
#456 = EDGE_CURVE ( 'NONE', #1612, #1289, #1297, .T. ) ;
#457 = CARTESIAN_POINT ( 'NONE',  ( -48.00000000000694911, 3.999999999999999112, 37.00000000002489742 ) ) ;
#458 = CARTESIAN_POINT ( 'NONE',  ( 47.99999999999521805, 339.9999999999998863, 40.99999999997289990 ) ) ;
#459 = CARTESIAN_POINT ( 'NONE',  ( -27.99999999999284483, 170.0000000000000000, 63.00000000001404743 ) ) ;
#460 = ORIENTED_EDGE ( 'NONE', *, *, #1054, .T. ) ;
#461 = DIRECTION ( 'NONE',  ( 1.000000000000000000, 0.000000000000000000, -5.295405317943627821E-13 ) ) ;
#462 = EDGE_LOOP ( 'NONE', ( #601, #373, #874, #1192 ) ) ;
#463 = LINE ( 'NONE', #447, #524 ) ;
#464 = EDGE_CURVE ( 'NONE', #1537, #590, #405, .T. ) ;
#465 = DIRECTION ( 'NONE',  ( 5.411053549675415297E-13, 0.000000000000000000, 1.000000000000000000 ) ) ;
#466 = EDGE_CURVE ( 'NONE', #84, #772, #793, .T. ) ;
#467 = AXIS2_PLACEMENT_3D ( 'NONE', #700, #1568, #39 ) ;
#468 = DIRECTION ( 'NONE',  ( 5.412194815120136934E-13, 0.000000000000000000, 1.000000000000000000 ) ) ;
#469 = ORIENTED_EDGE ( 'NONE', *, *, #767, .F. ) ;
#470 = DIRECTION ( 'NONE',  ( -0.000000000000000000, -1.000000000000000000, -0.000000000000000000 ) ) ;
#471 =( NAMED_UNIT ( * ) SI_UNIT ( $, .STERADIAN. ) SOLID_ANGLE_UNIT ( ) );
#472 = CARTESIAN_POINT ( 'NONE',  ( 20.39999999999348290, 170.0000000000000000, 37.79999999998785398 ) ) ;
#473 = CARTESIAN_POINT ( 'NONE',  ( -48.00000000000694911, 170.0000000000000000, 37.00000000002486900 ) ) ;
#474 = CARTESIAN_POINT ( 'NONE',  ( -51.99999999999720757, 0.000000000000000000, 55.00000000002701483 ) ) ;
#475 = ADVANCED_FACE ( 'NONE', ( #894 ), #908, .T. ) ;
#476 = FACE_OUTER_BOUND ( 'NONE', #842, .T. ) ;
#477 = EDGE_LOOP ( 'NONE', ( #1590, #625, #549, #1298, #391, #254, #486 ) ) ;
#478 = DIRECTION ( 'NONE',  ( -1.000000000000000000, 0.000000000000000000, 5.411053549675415297E-13 ) ) ;
#479 =( NAMED_UNIT ( * ) PLANE_ANGLE_UNIT ( ) SI_UNIT ( $, .RADIAN. ) );
#480 = DIRECTION ( 'NONE',  ( 7.730208394909068524E-29, -1.000000000000000000, 1.428595803745606684E-16 ) ) ;
#481 = PRODUCT_DEFINITION_SHAPE ( 'NONE', 'NONE',  #1199 ) ;
#482 = FACE_OUTER_BOUND ( 'NONE', #1573, .T. ) ;
#483 = MECHANICAL_DESIGN_GEOMETRIC_PRESENTATION_REPRESENTATION (  '', ( #274 ), #1153 ) ;
#484 = CARTESIAN_POINT ( 'NONE',  ( -48.00000000000694911, 339.9999999999998863, 37.00000000002484768 ) ) ;
#485 = LINE ( 'NONE', #403, #310 ) ;
#486 = ORIENTED_EDGE ( 'NONE', *, *, #43, .F. ) ;
#487 = EDGE_CURVE ( 'NONE', #1344, #1198, #144, .T. ) ;
#488 = CARTESIAN_POINT ( 'NONE',  ( -39.60000000000652420, 161.8000000000000114, 37.80000000002032579 ) ) ;
#489 = ORIENTED_EDGE ( 'NONE', *, *, #228, .F. ) ;
#490 = CARTESIAN_POINT ( 'NONE',  ( 24.91302967565109938, 1.500000000000000000, 54.99999999998539124 ) ) ;
#491 = DIRECTION ( 'NONE',  ( -5.411053549675415297E-13, -1.249000902703301108E-16, -1.000000000000000000 ) ) ;
#492 = CARTESIAN_POINT ( 'NONE',  ( -9.600000000006513545, 161.8000000000000114, 37.80000000000409699 ) ) ;
#493 = CARTESIAN_POINT ( 'NONE',  ( 48.00000000000712674, 170.0000000000000000, 62.99999999997292832 ) ) ;
#494 = ORIENTED_EDGE ( 'NONE', *, *, #1316, .F. ) ;
#495 = ORIENTED_EDGE ( 'NONE', *, *, #466, .T. ) ;
#496 = CARTESIAN_POINT ( 'NONE',  ( -9.600000000006513545, 161.8000000000000114, 37.80000000000409699 ) ) ;
#497 = DIRECTION ( 'NONE',  ( -1.235411377550917560E-16, 1.000000000000000000, -1.235411377549580441E-16 ) ) ;
#498 = EDGE_CURVE ( 'NONE', #772, #279, #1043, .T. ) ;
#499 = UNCERTAINTY_MEASURE_WITH_UNIT (LENGTH_MEASURE( 1.000000000000000082E-05 ), #1444, 'distance_accuracy_value', 'NONE');
#500 = CARTESIAN_POINT ( 'NONE',  ( 48.00000000000279954, 169.9999999999999432, 54.99999999997290701 ) ) ;
#501 = ORIENTED_EDGE ( 'NONE', *, *, #88, .F. ) ;
#502 = ORIENTED_EDGE ( 'NONE', *, *, #1136, .T. ) ;
#503 = VERTEX_POINT ( 'NONE', #1422 ) ;
#504 = VECTOR ( 'NONE', #1028, 1000.000000000000000 ) ;
#505 = CARTESIAN_POINT ( 'NONE',  ( 47.99999999998764366, 339.9999999999998863, 26.99999999997282174 ) ) ;
#506 = LINE ( 'NONE', #125, #1433 ) ;
#507 = ADVANCED_FACE ( 'NONE', ( #158 ), #1531, .F. ) ;
#508 = DIRECTION ( 'NONE',  ( 6.758410768120495470E-29, -1.000000000000000000, 1.249000902703301108E-16 ) ) ;
#509 = AXIS2_PLACEMENT_3D ( 'NONE', #280, #273, #773 ) ;
#510 = ORIENTED_EDGE ( 'NONE', *, *, #828, .T. ) ;
#511 = ORIENTED_EDGE ( 'NONE', *, *, #1377, .T. ) ;
#512 = CARTESIAN_POINT ( 'NONE',  ( -27.99999999999286970, 339.9999999999998863, 63.00000000001403322 ) ) ;
#513 = CARTESIAN_POINT ( 'NONE',  ( -48.99999999999284483, 170.0000000000000000, 63.00000000002540901 ) ) ;
#514 = CARTESIAN_POINT ( 'NONE',  ( -51.99999999999883471, 3.000000000000001332, 52.00000000002700773 ) ) ;
#515 = EDGE_CURVE ( 'NONE', #1198, #421, #583, .T. ) ;
#516 = EDGE_CURVE ( 'NONE', #63, #807, #261, .T. ) ;
#517 = ORIENTED_EDGE ( 'NONE', *, *, #1411, .T. ) ;
#518 = AXIS2_PLACEMENT_3D ( 'NONE', #993, #1648, #385 ) ;
#519 = DIRECTION ( 'NONE',  ( 1.000000000000000000, 0.000000000000000000, -5.411053549675415297E-13 ) ) ;
#520 = VECTOR ( 'NONE', #1620, 1000.000000000000000 ) ;
#521 = EDGE_LOOP ( 'NONE', ( #690, #1023, #262, #822 ) ) ;
#522 = CARTESIAN_POINT ( 'NONE',  ( -39.60000000000652420, 161.8000000000000114, 37.80000000002032579 ) ) ;
#523 = VECTOR ( 'NONE', #245, 1000.000000000000000 ) ;
#524 = VECTOR ( 'NONE', #705, 1000.000000000000000 ) ;
#525 = CARTESIAN_POINT ( 'NONE',  ( -27.99999999999878142, 3.000000000000000000, 52.00000000001402611 ) ) ;
#526 = AXIS2_PLACEMENT_3D ( 'NONE', #1099, #1355, #214 ) ;
#527 = EDGE_LOOP ( 'NONE', ( #265, #1276, #1319, #766, #1544, #40 ) ) ;
#528 = EDGE_CURVE ( 'NONE', #715, #973, #1440, .T. ) ;
#529 = LINE ( 'NONE', #33, #927 ) ;
#530 = CARTESIAN_POINT ( 'NONE',  ( -52.00000000000532907, 3.000000000000000000, 40.00000000002705747 ) ) ;
#531 = DIRECTION ( 'NONE',  ( -1.000000000000000000, 0.000000000000000000, 5.412194815120136934E-13 ) ) ;
#532 = ADVANCED_BREP_SHAPE_REPRESENTATION ( 'BASE 3', ( #584, #1048 ), #1266 ) ;
#533 = ORIENTED_EDGE ( 'NONE', *, *, #1615, .F. ) ;
#534 = DIRECTION ( 'NONE',  ( -5.411053549675415297E-13, 0.000000000000000000, -1.000000000000000000 ) ) ;
#535 = VECTOR ( 'NONE', #703, 1000.000000000000000 ) ;
#536 = EDGE_CURVE ( 'NONE', #1350, #70, #1149, .T. ) ;
#537 = DIRECTION ( 'NONE',  ( -1.000000000000000000, 0.000000000000000000, 5.411053549675415297E-13 ) ) ;
#538 = DIRECTION ( 'NONE',  ( -1.000000000000000000, 0.000000000000000000, 5.411053549675415297E-13 ) ) ;
#539 = FACE_OUTER_BOUND ( 'NONE', #1215, .T. ) ;
#540 = ORIENTED_EDGE ( 'NONE', *, *, #767, .T. ) ;
#541 = LINE ( 'NONE', #563, #1113 ) ;
#542 = CARTESIAN_POINT ( 'NONE',  ( 34.50000000000089528, 0.000000000000000000, 51.49999999998024691 ) ) ;
#543 = FACE_OUTER_BOUND ( 'NONE', #1407, .T. ) ;
#544 = AXIS2_PLACEMENT_3D ( 'NONE', #1497, #468, #724 ) ;
#545 = EDGE_CURVE ( 'NONE', #789, #1437, #1179, .T. ) ;
#546 = CARTESIAN_POINT ( 'NONE',  ( 24.00000000000712319, 339.9999976677415248, 62.99999999998588862 ) ) ;
#547 = ORIENTED_EDGE ( 'NONE', *, *, #464, .F. ) ;
#548 = CARTESIAN_POINT ( 'NONE',  ( 34.50000000000089528, 3.000000000000001332, 51.49999999998024691 ) ) ;
#549 = ORIENTED_EDGE ( 'NONE', *, *, #554, .F. ) ;
#550 = DIRECTION ( 'NONE',  ( 1.000000000000000000, -0.000000000000000000, -5.412194815120136934E-13 ) ) ;
#551 = PLANE ( 'NONE',  #577 ) ;
#552 = ORIENTED_EDGE ( 'NONE', *, *, #760, .F. ) ;
#553 = CARTESIAN_POINT ( 'NONE',  ( 35.59999999999348574, 161.8000000000000114, 37.79999999997963300 ) ) ;
#554 = EDGE_CURVE ( 'NONE', #863, #1482, #1363, .T. ) ;
#555 = ORIENTED_EDGE ( 'NONE', *, *, #109, .T. ) ;
#556 = LINE ( 'NONE', #1074, #46 ) ;
#557 = EDGE_LOOP ( 'NONE', ( #129, #673, #678, #1027 ) ) ;
#558 = FACE_OUTER_BOUND ( 'NONE', #299, .T. ) ;
#559 = LINE ( 'NONE', #1077, #121 ) ;
#560 = ORIENTED_EDGE ( 'NONE', *, *, #53, .T. ) ;
#561 = CARTESIAN_POINT ( 'NONE',  ( -24.40000000000588187, 170.0000000000000000, 39.00000000001209344 ) ) ;
#562 = EDGE_CURVE ( 'NONE', #1500, #632, #529, .T. ) ;
#563 = CARTESIAN_POINT ( 'NONE',  ( -51.99999999999883471, 3.000000000000000000, 52.00000000002700773 ) ) ;
#564 = VERTEX_POINT ( 'NONE', #1555 ) ;
#565 = DIRECTION ( 'NONE',  ( 0.000000000000000000, 1.000000000000000000, 0.000000000000000000 ) ) ;
#566 = ORIENTED_EDGE ( 'NONE', *, *, #699, .T. ) ;
#567 = CARTESIAN_POINT ( 'NONE',  ( -52.00000000000478195, 339.9999999999998863, 41.00000000002700773 ) ) ;
#568 = LINE ( 'NONE', #201, #1598 ) ;
#569 = LINE ( 'NONE', #1091, #596 ) ;
#570 = EDGE_LOOP ( 'NONE', ( #460, #581, #210, #510 ) ) ;
#571 = ADVANCED_FACE ( 'NONE', ( #633 ), #1025, .F. ) ;
#572 = LINE ( 'NONE', #942, #152 ) ;
#573 = AXIS2_PLACEMENT_3D ( 'NONE', #1357, #1506, #342 ) ;
#574 = SHAPE_DEFINITION_REPRESENTATION ( #481, #532 ) ;
#575 = VERTEX_POINT ( 'NONE', #266 ) ;
#576 = LINE ( 'NONE', #1098, #812 ) ;
#577 = AXIS2_PLACEMENT_3D ( 'NONE', #1424, #426, #407 ) ;
#578 = AXIS2_PLACEMENT_3D ( 'NONE', #257, #378, #1029 ) ;
#579 = CARTESIAN_POINT ( 'NONE',  ( -38.50000000000427747, 170.0000000000000000, 41.90000000001973746 ) ) ;
#580 = CARTESIAN_POINT ( 'NONE',  ( -48.08697032435051710, 0.000000000000000000, 52.00000000002489742 ) ) ;
#581 = ORIENTED_EDGE ( 'NONE', *, *, #1605, .F. ) ;
#582 = DIRECTION ( 'NONE',  ( 5.411053549675415297E-13, 0.000000000000000000, 1.000000000000000000 ) ) ;
#583 = CIRCLE ( 'NONE', #7, 9.599999999999997868 ) ;
#584 = MANIFOLD_SOLID_BREP ( 'Body-Move/Copy1', #660 ) ;
#585 = EDGE_CURVE ( 'NONE', #1384, #1537, #1083, .T. ) ;
#586 = ORIENTED_EDGE ( 'NONE', *, *, #930, .T. ) ;
#587 = FACE_OUTER_BOUND ( 'NONE', #903, .T. ) ;
#588 = CARTESIAN_POINT ( 'NONE',  ( -24.40000000000652136, 161.8000000000000114, 37.80000000001210481 ) ) ;
#589 = PLANE ( 'NONE',  #1255 ) ;
#590 = VERTEX_POINT ( 'NONE', #765 ) ;
#591 = CARTESIAN_POINT ( 'NONE',  ( -39.60000000000587050, 161.8000000000000114, 39.00000000002032152 ) ) ;
#592 = DIRECTION ( 'NONE',  ( -5.411053549675415297E-13, -1.249000902703301108E-16, -1.000000000000000000 ) ) ;
#593 = EDGE_CURVE ( 'NONE', #575, #957, #1306, .T. ) ;
#594 = LINE ( 'NONE', #1115, #739 ) ;
#595 = VECTOR ( 'NONE', #102, 1000.000000000000000 ) ;
#596 = VECTOR ( 'NONE', #223, 1000.000000000000000 ) ;
#597 = DIRECTION ( 'NONE',  ( -7.730208394909068524E-29, 1.000000000000000000, -1.428595803745606684E-16 ) ) ;
#598 = LINE ( 'NONE', #360, #895 ) ;
#599 = VECTOR ( 'NONE', #224, 1000.000000000000000 ) ;
#600 = VECTOR ( 'NONE', #89, 1000.000000000000000 ) ;
#601 = ORIENTED_EDGE ( 'NONE', *, *, #918, .T. ) ;
#602 = FACE_OUTER_BOUND ( 'NONE', #859, .T. ) ;
#603 = APPLICATION_PROTOCOL_DEFINITION ( 'draft international standard', 'automotive_design', 1998, #1496 ) ;
#604 = LINE ( 'NONE', #967, #1543 ) ;
#605 = CARTESIAN_POINT ( 'NONE',  ( -27.99999999999283062, 3.000000000000001332, 63.00000000001407585 ) ) ;
#606 = EDGE_CURVE ( 'NONE', #590, #866, #541, .T. ) ;
#607 = LINE ( 'NONE', #838, #758 ) ;
#608 = PLANE ( 'NONE',  #811 ) ;
#609 = VERTEX_POINT ( 'NONE', #415 ) ;
#610 = LINE ( 'NONE', #1244, #520 ) ;
#611 = LINE ( 'NONE', #622, #375 ) ;
#612 = CARTESIAN_POINT ( 'NONE',  ( 44.08697032435448904, 1.500000000000000000, 54.99999999997501732 ) ) ;
#613 = UNCERTAINTY_MEASURE_WITH_UNIT (LENGTH_MEASURE( 1.000000000000000082E-05 ), #316, 'distance_accuracy_value', 'NONE');
#614 = CARTESIAN_POINT ( 'NONE',  ( -48.08697032434889707, 1.500000000000000666, 55.00000000002489742 ) ) ;
#615 = PRODUCT_DEFINITION_FORMATION_WITH_SPECIFIED_SOURCE ( 'ANY', '', #851, .NOT_KNOWN. ) ;
#616 = DIRECTION ( 'NONE',  ( 0.000000000000000000, 1.000000000000000000, 0.000000000000000000 ) ) ;
#617 = CARTESIAN_POINT ( 'NONE',  ( -48.08697032434889707, 6.245004513515943476E-17, 55.00000000002489742 ) ) ;
#618 = ORIENTED_EDGE ( 'NONE', *, *, #53, .F. ) ;
#619 = ORIENTED_EDGE ( 'NONE', *, *, #928, .T. ) ;
#620 = ADVANCED_FACE ( 'NONE', ( #1589 ), #1333, .F. ) ;
#621 = FACE_OUTER_BOUND ( 'NONE', #135, .T. ) ;
#622 = CARTESIAN_POINT ( 'NONE',  ( 24.91302967564947579, 0.000000000000000000, 51.99999999998539124 ) ) ;
#623 = CYLINDRICAL_SURFACE ( 'NONE', #1303, 4.000000000000003553 ) ;
#624 = FACE_OUTER_BOUND ( 'NONE', #318, .T. ) ;
#625 = ORIENTED_EDGE ( 'NONE', *, *, #1392, .T. ) ;
#626 = EDGE_LOOP ( 'NONE', ( #709, #179, #847, #416 ) ) ;
#627 = DIRECTION ( 'NONE',  ( -5.411053549675415297E-13, -1.249000902703301108E-16, -1.000000000000000000 ) ) ;
#628 = EDGE_CURVE ( 'NONE', #1289, #1065, #202, .T. ) ;
#629 = DIRECTION ( 'NONE',  ( -5.411053549675415297E-13, 1.013475744154521634E-19, -1.000000000000000000 ) ) ;
#630 = DIRECTION ( 'NONE',  ( -1.000000000000000000, 0.000000000000000000, 5.411053549675415297E-13 ) ) ;
#631 = ORIENTED_EDGE ( 'NONE', *, *, #1558, .T. ) ;
#632 = VERTEX_POINT ( 'NONE', #664 ) ;
#633 = FACE_OUTER_BOUND ( 'NONE', #1637, .T. ) ;
#634 = EDGE_CURVE ( 'NONE', #1060, #1085, #796, .T. ) ;
#635 = LINE ( 'NONE', #1001, #24 ) ;
#636 = CARTESIAN_POINT ( 'NONE',  ( 48.00000000000712674, 170.0000000000000000, 62.99999999997292832 ) ) ;
#637 = EDGE_CURVE ( 'NONE', #1448, #1536, #174, .T. ) ;
#638 = VECTOR ( 'NONE', #1550, 1000.000000000000000 ) ;
#639 = ORIENTED_EDGE ( 'NONE', *, *, #456, .F. ) ;
#640 = FILL_AREA_STYLE_COLOUR ( '', #221 ) ;
#641 = ORIENTED_EDGE ( 'NONE', *, *, #1646, .T. ) ;
#642 = CARTESIAN_POINT ( 'NONE',  ( -28.00000000000531841, 339.9999999999998863, 40.00000000001402611 ) ) ;
#643 = CARTESIAN_POINT ( 'NONE',  ( 23.99999999999469580, 170.0000000000000568, 39.99999999998590994 ) ) ;
#644 = EDGE_CURVE ( 'NONE', #1508, #1536, #951, .T. ) ;
#645 = EDGE_CURVE ( 'NONE', #421, #609, #392, .T. ) ;
#646 = EDGE_LOOP ( 'NONE', ( #764, #45, #1243, #212, #424, #1170, #757 ) ) ;
#647 = VECTOR ( 'NONE', #565, 1000.000000000000000 ) ;
#648 = DIRECTION ( 'NONE',  ( -1.000000000000000000, 0.000000000000000000, 5.411053549675415297E-13 ) ) ;
#649 = VECTOR ( 'NONE', #550, 1000.000000000000000 ) ;
#650 = VERTEX_POINT ( 'NONE', #1066 ) ;
#651 = DIRECTION ( 'NONE',  ( -5.483971522917256794E-32, -1.000000000000000000, -1.013475744154521634E-19 ) ) ;
#652 = AXIS2_PLACEMENT_3D ( 'NONE', #409, #912, #1427 ) ;
#653 = CARTESIAN_POINT ( 'NONE',  ( 5.599999999993484856, 161.8000000000000114, 37.79999999999586180 ) ) ;
#654 = VECTOR ( 'NONE', #1080, 1000.000000000000000 ) ;
#655 = EDGE_CURVE ( 'NONE', #1007, #650, #422, .T. ) ;
#656 = EDGE_LOOP ( 'NONE', ( #1583, #173, #58, #1147 ) ) ;
#657 = DIRECTION ( 'NONE',  ( 5.411053549675415297E-13, 0.000000000000000000, 1.000000000000000000 ) ) ;
#658 = EDGE_LOOP ( 'NONE', ( #1026, #176, #1324, #1305 ) ) ;
#659 = VECTOR ( 'NONE', #629, 1000.000000000000000 ) ;
#660 = CLOSED_SHELL ( 'NONE', ( #180, #989, #1209, #819, #1400, #317, #446, #1105, #1489, #1249, #1238, #95, #345, #955, #1178, #35, #1418, #507, #455, #380, #893, #1479, #848, #475, #801, #571, #302, #1164, #1145, #166, #147, #175, #720, #1551, #227, #1579, #1339, #620, #386, #240, #1471, #364, #1200, #1063, #341, #1228, #1287, #1154, #977, #728, #1487, #1368 ) ) ;
#661 = DIRECTION ( 'NONE',  ( 1.000000000000000000, 0.000000000000000000, -5.411053549675415297E-13 ) ) ;
#662 = CARTESIAN_POINT ( 'NONE',  ( -28.00000000000527933, 2.999999999999998224, 40.00000000001406875 ) ) ;
#663 = ORIENTED_EDGE ( 'NONE', *, *, #466, .F. ) ;
#664 = CARTESIAN_POINT ( 'NONE',  ( -24.40000000000652136, 170.0000000000000000, 37.80000000001210481 ) ) ;
#665 = ORIENTED_EDGE ( 'NONE', *, *, #241, .F. ) ;
#666 = EDGE_CURVE ( 'NONE', #1417, #1344, #556, .T. ) ;
#667 = CARTESIAN_POINT ( 'NONE',  ( -9.600000000005866951, 170.0000000000000000, 39.00000000000409273 ) ) ;
#668 = LINE ( 'NONE', #910, #248 ) ;
#669 = CARTESIAN_POINT ( 'NONE',  ( 45.00000000000712674, 339.9999976677415248, 62.99999999997451994 ) ) ;
#670 = ORIENTED_EDGE ( 'NONE', *, *, #413, .T. ) ;
#671 = ORIENTED_EDGE ( 'NONE', *, *, #1285, .T. ) ;
#672 = CARTESIAN_POINT ( 'NONE',  ( 45.00000000000714806, 170.0000000000000000, 62.99999999997451994 ) ) ;
#673 = ORIENTED_EDGE ( 'NONE', *, *, #928, .F. ) ;
#674 = AXIS2_PLACEMENT_3D ( 'NONE', #1122, #1257, #1009 ) ;
#675 = LINE ( 'NONE', #1061, #436 ) ;
#676 = DIRECTION ( 'NONE',  ( -6.758410768120495470E-29, 1.000000000000000000, -1.249000902703301108E-16 ) ) ;
#677 = EDGE_CURVE ( 'NONE', #701, #253, #321, .T. ) ;
#678 = ORIENTED_EDGE ( 'NONE', *, *, #326, .F. ) ;
#679 =( GEOMETRIC_REPRESENTATION_CONTEXT ( 3 ) GLOBAL_UNCERTAINTY_ASSIGNED_CONTEXT ( ( #499 ) ) GLOBAL_UNIT_ASSIGNED_CONTEXT ( ( #1444, #167, #914 ) ) REPRESENTATION_CONTEXT ( 'NONE', 'WORKASPACE' ) );
#680 = LINE ( 'NONE', #1559, #1117 ) ;
#681 = ORIENTED_EDGE ( 'NONE', *, *, #74, .T. ) ;
#682 = DIRECTION ( 'NONE',  ( -5.411053549675415297E-13, 0.000000000000000000, -1.000000000000000000 ) ) ;
#683 = EDGE_LOOP ( 'NONE', ( #517, #1256, #639, #1521 ) ) ;
#684 = DIRECTION ( 'NONE',  ( -6.758410768120495470E-29, 1.000000000000000000, -1.249000902703301108E-16 ) ) ;
#685 = CARTESIAN_POINT ( 'NONE',  ( 20.39999999999348290, 161.8000000000000114, 37.79999999998785398 ) ) ;
#686 = VERTEX_POINT ( 'NONE', #286 ) ;
#687 = EDGE_CURVE ( 'NONE', #26, #863, #823, .T. ) ;
#688 = DIRECTION ( 'NONE',  ( 1.000000000000000000, -0.000000000000000000, -5.412194815120136934E-13 ) ) ;
#689 = EDGE_CURVE ( 'NONE', #1033, #1448, #569, .T. ) ;
#690 = ORIENTED_EDGE ( 'NONE', *, *, #1082, .T. ) ;
#691 = EDGE_LOOP ( 'NONE', ( #1291, #511, #1181, #1530, #205, #127 ) ) ;
#692 = AXIS2_PLACEMENT_3D ( 'NONE', #1062, #419, #51 ) ;
#693 = CARTESIAN_POINT ( 'NONE',  ( 48.00000000000279954, -3.040427232463565263E-19, 54.99999999997290701 ) ) ;
#694 =( BOUNDED_CURVE ( )  B_SPLINE_CURVE ( 3, ( #1378, #729, #348, #457 ),
 .UNSPECIFIED., .F., .T. ) 
 B_SPLINE_CURVE_WITH_KNOTS ( ( 4, 4 ),
 ( 3.141592653589793116, 4.712388980384689674 ),
 .UNSPECIFIED. ) 
 CURVE ( )  GEOMETRIC_REPRESENTATION_ITEM ( )  RATIONAL_B_SPLINE_CURVE ( ( 1.000000000000000000, 0.8047378541243649375, 0.8047378541243649375, 1.000000000000000000 ) ) 
 REPRESENTATION_ITEM ( '' )  );
#695 = ORIENTED_EDGE ( 'NONE', *, *, #228, .T. ) ;
#696 = LINE ( 'NONE', #319, #1036 ) ;
#697 = DIRECTION ( 'NONE',  ( -7.730208394909068524E-29, 1.000000000000000000, -1.428595803745606684E-16 ) ) ;
#698 = EDGE_CURVE ( 'NONE', #686, #866, #1600, .T. ) ;
#699 = EDGE_CURVE ( 'NONE', #1075, #934, #1364, .T. ) ;
#700 = CARTESIAN_POINT ( 'NONE',  ( -24.40000000000652136, 161.8000000000000114, 37.80000000001210481 ) ) ;
#701 = VERTEX_POINT ( 'NONE', #112 ) ;
#702 = FACE_OUTER_BOUND ( 'NONE', #880, .T. ) ;
#703 = DIRECTION ( 'NONE',  ( 0.000000000000000000, 1.000000000000000000, 0.000000000000000000 ) ) ;
#704 = ORIENTED_EDGE ( 'NONE', *, *, #786, .F. ) ;
#705 = DIRECTION ( 'NONE',  ( -5.468877665541308531E-13, 0.000000000000000000, -1.000000000000000000 ) ) ;
#706 = DIRECTION ( 'NONE',  ( -5.411053549675415297E-13, 0.000000000000000000, -1.000000000000000000 ) ) ;
#707 = EDGE_CURVE ( 'NONE', #63, #1017, #98, .T. ) ;
#708 = CARTESIAN_POINT ( 'NONE',  ( -51.99999999999720757, 0.000000000000000000, 55.00000000002701483 ) ) ;
#709 = ORIENTED_EDGE ( 'NONE', *, *, #777, .T. ) ;
#710 = PLANE ( 'NONE',  #732 ) ;
#711 = ORIENTED_EDGE ( 'NONE', *, *, #585, .T. ) ;
#712 = CARTESIAN_POINT ( 'NONE',  ( 35.59999999999413944, 161.8000000000000114, 38.99999999997963585 ) ) ;
#713 = VECTOR ( 'NONE', #497, 1000.000000000000000 ) ;
#714 = LINE ( 'NONE', #230, #1463 ) ;
#715 = VERTEX_POINT ( 'NONE', #1101 ) ;
#716 = CARTESIAN_POINT ( 'NONE',  ( 47.99999999998764366, 170.0000000000000000, 26.99999999997282174 ) ) ;
#717 = VERTEX_POINT ( 'NONE', #733 ) ;
#718 = FACE_OUTER_BOUND ( 'NONE', #919, .T. ) ;
#719 = AXIS2_PLACEMENT_3D ( 'NONE', #505, #888, #1018 ) ;
#720 = ADVANCED_FACE ( 'NONE', ( #232 ), #1488, .T. ) ;
#721 = DIRECTION ( 'NONE',  ( 1.000000000000000000, 0.000000000000000000, -5.411053549675415297E-13 ) ) ;
#722 = DIRECTION ( 'NONE',  ( -1.000000000000000000, 0.000000000000000000, 5.411053549675415297E-13 ) ) ;
#723 = FACE_OUTER_BOUND ( 'NONE', #521, .T. ) ;
#724 = DIRECTION ( 'NONE',  ( 1.000000000000000000, 0.000000000000000000, -5.412194815120136934E-13 ) ) ;
#725 = CARTESIAN_POINT ( 'NONE',  ( 44.08697032435448904, 6.214600241191311811E-17, 54.99999999997501732 ) ) ;
#726 = ORIENTED_EDGE ( 'NONE', *, *, #334, .T. ) ;
#727 = PLANE ( 'NONE',  #803 ) ;
#728 = ADVANCED_FACE ( 'NONE', ( #1371 ), #1617, .F. ) ;
#729 = CARTESIAN_POINT ( 'NONE',  ( -52.00000000000604672, 1.980391800961748343E-15, 38.65685424951944071 ) ) ;
#730 = VECTOR ( 'NONE', #6, 1000.000000000000000 ) ;
#731 = DIRECTION ( 'NONE',  ( -5.411053549675415297E-13, 0.000000000000000000, -1.000000000000000000 ) ) ;
#732 = AXIS2_PLACEMENT_3D ( 'NONE', #338, #1611, #115 ) ;
#733 = CARTESIAN_POINT ( 'NONE',  ( -48.99999999999882760, 170.0000000000000000, 52.00000000002538769 ) ) ;
#734 = LINE ( 'NONE', #1420, #735 ) ;
#735 = VECTOR ( 'NONE', #1288, 1000.000000000000000 ) ;
#736 = AXIS2_PLACEMENT_3D ( 'NONE', #213, #1361, #206 ) ;
#737 = ORIENTED_EDGE ( 'NONE', *, *, #839, .F. ) ;
#738 = DIRECTION ( 'NONE',  ( -5.411053549675415297E-13, 0.000000000000000000, -1.000000000000000000 ) ) ;
#739 = VECTOR ( 'NONE', #333, 1000.000000000000000 ) ;
#740 = LINE ( 'NONE', #79, #107 ) ;
#741 = EDGE_CURVE ( 'NONE', #421, #1460, #607, .T. ) ;
#742 = FACE_OUTER_BOUND ( 'NONE', #683, .T. ) ;
#743 = EDGE_CURVE ( 'NONE', #1529, #789, #328, .T. ) ;
#744 = CARTESIAN_POINT ( 'NONE',  ( 34.49999999999570122, -1.199040866595168945E-15, 41.89999999998025260 ) ) ;
#745 = CARTESIAN_POINT ( 'NONE',  ( -48.99999999999284483, 170.0000000000000000, 63.00000000002539480 ) ) ;
#746 = VERTEX_POINT ( 'NONE', #1627 ) ;
#747 = ORIENTED_EDGE ( 'NONE', *, *, #885, .T. ) ;
#748 = LINE ( 'NONE', #353, #1588 ) ;
#749 = DIRECTION ( 'NONE',  ( -5.483971522917257889E-32, -1.000000000000000000, -1.013475744154521754E-19 ) ) ;
#750 = DIRECTION ( 'NONE',  ( 1.235411377550249001E-16, -1.000000000000000000, -6.684877119802669363E-29 ) ) ;
#751 = EDGE_CURVE ( 'NONE', #1134, #114, #118, .T. ) ;
#752 = ORIENTED_EDGE ( 'NONE', *, *, #25, .F. ) ;
#753 = ORIENTED_EDGE ( 'NONE', *, *, #398, .F. ) ;
#754 = DIRECTION ( 'NONE',  ( -5.413782847944287157E-13, -1.249000902703301354E-16, -1.000000000000000000 ) ) ;
#755 = PLANE ( 'NONE',  #1458 ) ;
#756 = DIRECTION ( 'NONE',  ( 1.000000000000000000, 0.000000000000000000, -5.411053549675415297E-13 ) ) ;
#757 = ORIENTED_EDGE ( 'NONE', *, *, #88, .T. ) ;
#758 = VECTOR ( 'NONE', #359, 1000.000000000000000 ) ;
#759 = ORIENTED_EDGE ( 'NONE', *, *, #1082, .F. ) ;
#760 = EDGE_CURVE ( 'NONE', #1184, #1442, #962, .T. ) ;
#761 = CARTESIAN_POINT ( 'NONE',  ( -51.99999999999720757, 0.000000000000000000, 55.00000000002701483 ) ) ;
#762 = LINE ( 'NONE', #642, #713 ) ;
#763 = CARTESIAN_POINT ( 'NONE',  ( -51.99999999999883471, 3.000000000000000000, 52.00000000002700773 ) ) ;
#764 = ORIENTED_EDGE ( 'NONE', *, *, #1425, .T. ) ;
#765 = CARTESIAN_POINT ( 'NONE',  ( -48.99999999999878497, 3.000000000000002665, 52.00000000002538769 ) ) ;
#766 = ORIENTED_EDGE ( 'NONE', *, *, #698, .T. ) ;
#767 = EDGE_CURVE ( 'NONE', #432, #973, #1634, .T. ) ;
#768 = CARTESIAN_POINT ( 'NONE',  ( -38.49999999999389644, 1.199040866595168945E-15, 61.10000000001974740 ) ) ;
#769 = EDGE_CURVE ( 'NONE', #1482, #863, #1300, .T. ) ;
#770 = LINE ( 'NONE', #396, #1163 ) ;
#771 = CARTESIAN_POINT ( 'NONE',  ( 24.91302967565109938, 6.214600241191314276E-17, 54.99999999998539124 ) ) ;
#772 = VERTEX_POINT ( 'NONE', #744 ) ;
#773 = DIRECTION ( 'NONE',  ( -1.000000000000000000, 0.000000000000000000, 5.421010862427523180E-13 ) ) ;
#774 = ORIENTED_EDGE ( 'NONE', *, *, #140, .T. ) ;
#775 = CARTESIAN_POINT ( 'NONE',  ( -52.00000000000478195, 0.000000000000000000, 41.00000000002705747 ) ) ;
#776 = PLANE ( 'NONE',  #83 ) ;
#777 = EDGE_CURVE ( 'NONE', #1160, #632, #986, .T. ) ;
#778 = DIRECTION ( 'NONE',  ( -6.758410768120495470E-29, 1.000000000000000000, -1.249000902703301108E-16 ) ) ;
#779 = ORIENTED_EDGE ( 'NONE', *, *, #140, .F. ) ;
#780 = VECTOR ( 'NONE', #923, 1000.000000000000000 ) ;
#781 = CARTESIAN_POINT ( 'NONE',  ( -28.91302967564549675, 1.500000000000000666, 55.00000000001451639 ) ) ;
#782 = ORIENTED_EDGE ( 'NONE', *, *, #628, .T. ) ;
#783 = CARTESIAN_POINT ( 'NONE',  ( 45.00000000000117240, 3.000000000000000000, 51.99999999997452704 ) ) ;
#784 = CARTESIAN_POINT ( 'NONE',  ( -50.49999999999882760, 1.500000000000000444, 52.00000000002619771 ) ) ;
#785 = VECTOR ( 'NONE', #1480, 1000.000000000000000 ) ;
#786 = EDGE_CURVE ( 'NONE', #26, #1220, #287, .T. ) ;
#787 = EDGE_LOOP ( 'NONE', ( #258, #1056 ) ) ;
#788 = SURFACE_SIDE_STYLE ('',( #1436 ) ) ;
#789 = VERTEX_POINT ( 'NONE', #708 ) ;
#790 = AXIS2_PLACEMENT_3D ( 'NONE', #412, #676, #916 ) ;
#791 = DIRECTION ( 'NONE',  ( -5.411053549675415297E-13, -0.000000000000000000, -1.000000000000000000 ) ) ;
#792 = FACE_OUTER_BOUND ( 'NONE', #1560, .T. ) ;
#793 = CIRCLE ( 'NONE', #168, 9.599999999999997868 ) ;
#794 = EDGE_LOOP ( 'NONE', ( #963, #670, #1406, #1177 ) ) ;
#795 = EDGE_CURVE ( 'NONE', #1437, #187, #1261, .T. ) ;
#796 = LINE ( 'NONE', #1314, #1621 ) ;
#797 = LINE ( 'NONE', #418, #647 ) ;
#798 = CARTESIAN_POINT ( 'NONE',  ( 35.59999999999348574, 161.8000000000000114, 37.79999999997963300 ) ) ;
#799 = DIRECTION ( 'NONE',  ( 1.000000000000000000, -0.000000000000000000, -5.412194815120136934E-13 ) ) ;
#800 = ORIENTED_EDGE ( 'NONE', *, *, #43, .T. ) ;
#801 = ADVANCED_FACE ( 'NONE', ( #451 ), #1226, .T. ) ;
#802 = ORIENTED_EDGE ( 'NONE', *, *, #545, .F. ) ;
#803 = AXIS2_PLACEMENT_3D ( 'NONE', #389, #1538, #1034 ) ;
#804 = CARTESIAN_POINT ( 'NONE',  ( 35.59999999999348574, 170.0000000000000000, 37.79999999997963300 ) ) ;
#805 = DIRECTION ( 'NONE',  ( 5.411053549675415297E-13, 0.000000000000000000, 1.000000000000000000 ) ) ;
#806 = CARTESIAN_POINT ( 'NONE',  ( -52.00000000000694911, 339.9999999999998863, 37.00000000002701483 ) ) ;
#807 = VERTEX_POINT ( 'NONE', #459 ) ;
#808 = EDGE_CURVE ( 'NONE', #1227, #285, #336, .T. ) ;
#809 = VECTOR ( 'NONE', #1473, 1000.000000000000000 ) ;
#810 = FACE_OUTER_BOUND ( 'NONE', #1057, .T. ) ;
#811 = AXIS2_PLACEMENT_3D ( 'NONE', #771, #1127, #1635 ) ;
#812 = VECTOR ( 'NONE', #332, 1000.000000000000000 ) ;
#813 = ORIENTED_EDGE ( 'NONE', *, *, #655, .F. ) ;
#814 = FILL_AREA_STYLE ('',( #640 ) ) ;
#815 = ORIENTED_EDGE ( 'NONE', *, *, #699, .F. ) ;
#816 = LINE ( 'NONE', #1188, #1511 ) ;
#817 =( NAMED_UNIT ( * ) PLANE_ANGLE_UNIT ( ) SI_UNIT ( $, .RADIAN. ) );
#818 = ORIENTED_EDGE ( 'NONE', *, *, #241, .T. ) ;
#819 = ADVANCED_FACE ( 'NONE', ( #92 ), #589, .T. ) ;
#820 = FACE_OUTER_BOUND ( 'NONE', #1277, .T. ) ;
#821 = CARTESIAN_POINT ( 'NONE',  ( -48.08697032435051710, 3.000000000000001332, 52.00000000002489742 ) ) ;
#822 = ORIENTED_EDGE ( 'NONE', *, *, #1356, .T. ) ;
#823 = LINE ( 'NONE', #1218, #1194 ) ;
#824 = ORIENTED_EDGE ( 'NONE', *, *, #1097, .F. ) ;
#825 = DIRECTION ( 'NONE',  ( -5.413782847944287157E-13, -1.355252715606880789E-16, -1.000000000000000000 ) ) ;
#826 = ORIENTED_EDGE ( 'NONE', *, *, #1302, .T. ) ;
#827 = FACE_BOUND ( 'NONE', #1613, .T. ) ;
#828 = EDGE_CURVE ( 'NONE', #397, #934, #1132, .T. ) ;
#829 = DIRECTION ( 'NONE',  ( -5.413782847944287157E-13, -1.249000902703301354E-16, -1.000000000000000000 ) ) ;
#830 = CARTESIAN_POINT ( 'NONE',  ( 43.99999999999305089, -5.714383214982426734E-16, 36.99999999997510969 ) ) ;
#831 = ORIENTED_EDGE ( 'NONE', *, *, #1114, .F. ) ;
#832 = PLANE ( 'NONE',  #181 ) ;
#833 = ORIENTED_EDGE ( 'NONE', *, *, #111, .F. ) ;
#834 = CARTESIAN_POINT ( 'NONE',  ( 46.50000000000279954, 1.500000000000000222, 54.99999999997371702 ) ) ;
#835 = CARTESIAN_POINT ( 'NONE',  ( -48.08697032434889707, 6.245004513515943476E-17, 55.00000000002489742 ) ) ;
#836 = VECTOR ( 'NONE', #845, 1000.000000000000000 ) ;
#837 = DIRECTION ( 'NONE',  ( 0.000000000000000000, 1.000000000000000000, 0.000000000000000000 ) ) ;
#838 = CARTESIAN_POINT ( 'NONE',  ( 34.50000000000608935, 1.199040866595168945E-15, 61.09999999998024833 ) ) ;
#839 = EDGE_CURVE ( 'NONE', #503, #1358, #1107, .T. ) ;
#840 = ORIENTED_EDGE ( 'NONE', *, *, #1260, .T. ) ;
#841 = CARTESIAN_POINT ( 'NONE',  ( 35.59999999999413944, 170.0000000000000000, 38.99999999997963585 ) ) ;
#842 = EDGE_LOOP ( 'NONE', ( #429, #15, #1516, #818 ) ) ;
#843 = CARTESIAN_POINT ( 'NONE',  ( 44.08697032435448904, 6.214600241191311811E-17, 54.99999999997501732 ) ) ;
#844 = CARTESIAN_POINT ( 'NONE',  ( -51.99999999999883471, 0.000000000000000000, 52.00000000002700773 ) ) ;
#845 = DIRECTION ( 'NONE',  ( -5.411053549675415297E-13, -1.249000902703301108E-16, -1.000000000000000000 ) ) ;
#846 = CARTESIAN_POINT ( 'NONE',  ( 5.599999999994137667, 170.0000000000000000, 38.99999999999586464 ) ) ;
#847 = ORIENTED_EDGE ( 'NONE', *, *, #930, .F. ) ;
#848 = ADVANCED_FACE ( 'NONE', ( #1250 ), #976, .F. ) ;
#849 = CARTESIAN_POINT ( 'NONE',  ( 5.599999999994137667, 161.8000000000000114, 38.99999999999586464 ) ) ;
#850 = AXIS2_PLACEMENT_3D ( 'NONE', #1396, #255, #754 ) ;
#851 = PRODUCT ( 'BASE 3', 'BASE 3', '', ( #197 ) ) ;
#852 = VECTOR ( 'NONE', #60, 1000.000000000000000 ) ;
#853 = DIRECTION ( 'NONE',  ( 5.411053549675415297E-13, 0.000000000000000000, 1.000000000000000000 ) ) ;
#854 = CARTESIAN_POINT ( 'NONE',  ( 35.59999999999348574, 161.8000000000000114, 37.79999999997963300 ) ) ;
#855 = CARTESIAN_POINT ( 'NONE',  ( -27.99999999999283062, 3.000000000000001332, 63.00000000001407585 ) ) ;
#856 = LINE ( 'NONE', #617, #1623 ) ;
#857 = ORIENTED_EDGE ( 'NONE', *, *, #902, .T. ) ;
#858 = DIRECTION ( 'NONE',  ( 1.000000000000000000, 0.000000000000000000, -5.412194815120136934E-13 ) ) ;
#859 = EDGE_LOOP ( 'NONE', ( #1596, #1187, #78, #1341, #824, #887 ) ) ;
#860 = FACE_BOUND ( 'NONE', #787, .T. ) ;
#861 = AXIS2_PLACEMENT_3D ( 'NONE', #862, #242, #750 ) ;
#862 = CARTESIAN_POINT ( 'NONE',  ( -27.99999999999286970, 339.9999999999998863, 63.00000000001403322 ) ) ;
#863 = VERTEX_POINT ( 'NONE', #579 ) ;
#864 = CARTESIAN_POINT ( 'NONE',  ( -38.49999999999908340, 0.000000000000000000, 51.50000000001975309 ) ) ;
#865 = LINE ( 'NONE', #1006, #1035 ) ;
#866 = VERTEX_POINT ( 'NONE', #821 ) ;
#867 = VECTOR ( 'NONE', #31, 1000.000000000000000 ) ;
#868 = VECTOR ( 'NONE', #239, 1000.000000000000000 ) ;
#869 = ORIENTED_EDGE ( 'NONE', *, *, #1271, .T. ) ;
#870 = PLANE ( 'NONE',  #307 ) ;
#871 = VECTOR ( 'NONE', #350, 1000.000000000000000 ) ;
#872 = CARTESIAN_POINT ( 'NONE',  ( -51.99999999999883471, 3.000000000000001332, 52.00000000002700773 ) ) ;
#873 = EDGE_CURVE ( 'NONE', #1222, #1017, #714, .T. ) ;
#874 = ORIENTED_EDGE ( 'NONE', *, *, #677, .T. ) ;
#875 = DIRECTION ( 'NONE',  ( -1.000000000000000000, 1.208562007568983346E-17, 5.411053549675415297E-13 ) ) ;
#876 = VECTOR ( 'NONE', #171, 1000.000000000000000 ) ;
#877 = VECTOR ( 'NONE', #630, 1000.000000000000000 ) ;
#878 = LINE ( 'NONE', #1242, #1326 ) ;
#879 = ORIENTED_EDGE ( 'NONE', *, *, #456, .T. ) ;
#880 = EDGE_LOOP ( 'NONE', ( #552, #1474, #400, #1051 ) ) ;
#881 = DIRECTION ( 'NONE',  ( -6.758410768120495470E-29, 1.000000000000000000, -1.249000902703301108E-16 ) ) ;
#882 = AXIS2_PLACEMENT_3D ( 'NONE', #1272, #648, #657 ) ;
#883 = CARTESIAN_POINT ( 'NONE',  ( -52.00000000000694911, 0.000000000000000000, 37.00000000002705747 ) ) ;
#884 = CARTESIAN_POINT ( 'NONE',  ( 24.91302967564947579, 1.500000000000000000, 51.99999999998539124 ) ) ;
#885 = EDGE_CURVE ( 'NONE', #1610, #1134, #97, .T. ) ;
#886 = ORIENTED_EDGE ( 'NONE', *, *, #666, .F. ) ;
#887 = ORIENTED_EDGE ( 'NONE', *, *, #593, .F. ) ;
#888 = DIRECTION ( 'NONE',  ( 1.000000000000000000, 0.000000000000000000, -5.411053549675415297E-13 ) ) ;
#889 = DIRECTION ( 'NONE',  ( -1.000000000000000000, 0.000000000000000000, 5.411053549675415297E-13 ) ) ;
#890 = LINE ( 'NONE', #1140, #877 ) ;
#891 = ORIENTED_EDGE ( 'NONE', *, *, #873, .T. ) ;
#892 = VECTOR ( 'NONE', #48, 1000.000000000000000 ) ;
#893 = ADVANCED_FACE ( 'NONE', ( #1233 ), #1472, .F. ) ;
#894 = FACE_OUTER_BOUND ( 'NONE', #1330, .T. ) ;
#895 = VECTOR ( 'NONE', #1262, 1000.000000000000000 ) ;
#896 = AXIS2_PLACEMENT_3D ( 'NONE', #96, #108, #592 ) ;
#897 = EDGE_LOOP ( 'NONE', ( #1003, #1321, #149, #1284 ) ) ;
#898 = FACE_OUTER_BOUND ( 'NONE', #388, .T. ) ;
#899 = PLANE ( 'NONE',  #18 ) ;
#900 = ORIENTED_EDGE ( 'NONE', *, *, #828, .F. ) ;
#901 = CARTESIAN_POINT ( 'NONE',  ( -48.00000000000478195, 170.0000000000000000, 41.00000000002486900 ) ) ;
#902 = EDGE_CURVE ( 'NONE', #1358, #285, #594, .T. ) ;
#903 = EDGE_LOOP ( 'NONE', ( #1224, #101, #1264, #435 ) ) ;
#904 = FACE_OUTER_BOUND ( 'NONE', #65, .T. ) ;
#905 = LINE ( 'NONE', #1254, #185 ) ;
#906 = COLOUR_RGB ( '',0.7921568627450980005, 0.8196078431372548767, 0.9333333333333333481 ) ;
#907 = ORIENTED_EDGE ( 'NONE', *, *, #1072, .F. ) ;
#908 = PLANE ( 'NONE',  #719 ) ;
#909 = ORIENTED_EDGE ( 'NONE', *, *, #808, .T. ) ;
#910 = CARTESIAN_POINT ( 'NONE',  ( 48.00000000000279954, 170.0000000000000000, 54.99999999997290701 ) ) ;
#911 = EDGE_CURVE ( 'NONE', #1060, #1148, #349, .T. ) ;
#912 = DIRECTION ( 'NONE',  ( -1.208562007568988893E-17, -1.000000000000000000, -1.013475744089125720E-19 ) ) ;
#913 = ORIENTED_EDGE ( 'NONE', *, *, #401, .F. ) ;
#914 =( NAMED_UNIT ( * ) SI_UNIT ( $, .STERADIAN. ) SOLID_ANGLE_UNIT ( ) );
#915 = ORIENTED_EDGE ( 'NONE', *, *, #1237, .T. ) ;
#916 = DIRECTION ( 'NONE',  ( -5.413782847944287157E-13, -1.249000902703301354E-16, -1.000000000000000000 ) ) ;
#917 = CARTESIAN_POINT ( 'NONE',  ( 24.00000000000714451, 170.0000000000000568, 62.99999999998591704 ) ) ;
#918 = EDGE_CURVE ( 'NONE', #352, #404, #1217, .T. ) ;
#919 = EDGE_LOOP ( 'NONE', ( #1629, #1426, #920, #246, #382, #774 ) ) ;
#920 = ORIENTED_EDGE ( 'NONE', *, *, #743, .T. ) ;
#921 = VECTOR ( 'NONE', #791, 1000.000000000000000 ) ;
#922 = ORIENTED_EDGE ( 'NONE', *, *, #1054, .F. ) ;
#923 = DIRECTION ( 'NONE',  ( 1.000000000000000000, -1.239088197126290570E-16, -5.411053549675415297E-13 ) ) ;
#924 = LINE ( 'NONE', #1439, #1636 ) ;
#925 = FACE_OUTER_BOUND ( 'NONE', #1410, .T. ) ;
#926 = ORIENTED_EDGE ( 'NONE', *, *, #1377, .F. ) ;
#927 = VECTOR ( 'NONE', #1050, 1000.000000000000000 ) ;
#928 = EDGE_CURVE ( 'NONE', #701, #1213, #222, .T. ) ;
#929 = DIRECTION ( 'NONE',  ( -1.000000000000000000, 0.000000000000000000, 5.411053549675415297E-13 ) ) ;
#930 = EDGE_CURVE ( 'NONE', #1263, #1500, #327, .T. ) ;
#931 = ORIENTED_EDGE ( 'NONE', *, *, #769, .T. ) ;
#932 = LINE ( 'NONE', #693, #1587 ) ;
#933 = LINE ( 'NONE', #530, #448 ) ;
#934 = VERTEX_POINT ( 'NONE', #1625 ) ;
#935 = CARTESIAN_POINT ( 'NONE',  ( 24.91302967564947579, 3.000000000000001332, 51.99999999998539124 ) ) ;
#936 = ORIENTED_EDGE ( 'NONE', *, *, #498, .T. ) ;
#937 = CARTESIAN_POINT ( 'NONE',  ( 35.59999999999413944, 161.8000000000000114, 38.99999999997963585 ) ) ;
#938 = AXIS2_PLACEMENT_3D ( 'NONE', #264, #1413, #1504 ) ;
#939 = ORIENTED_EDGE ( 'NONE', *, *, #156, .T. ) ;
#940 = EDGE_CURVE ( 'NONE', #1610, #650, #568, .T. ) ;
#941 = AXIS2_PLACEMENT_3D ( 'NONE', #1571, #425, #204 ) ;
#942 = CARTESIAN_POINT ( 'NONE',  ( -50.49999999999720757, 1.500000000000000444, 55.00000000002620482 ) ) ;
#943 = DIRECTION ( 'NONE',  ( -1.000000000000000000, -0.000000000000000000, 5.411053549675415297E-13 ) ) ;
#944 = ORIENTED_EDGE ( 'NONE', *, *, #751, .F. ) ;
#945 = PLANE ( 'NONE',  #23 ) ;
#946 = AXIS2_PLACEMENT_3D ( 'NONE', #546, #1441, #1047 ) ;
#947 = AXIS2_PLACEMENT_3D ( 'NONE', #1449, #428, #339 ) ;
#948 = DIRECTION ( 'NONE',  ( 1.000000000000000000, 0.000000000000000000, -5.411053549675415297E-13 ) ) ;
#949 = ORIENTED_EDGE ( 'NONE', *, *, #998, .F. ) ;
#950 = AXIS2_PLACEMENT_3D ( 'NONE', #864, #1382, #244 ) ;
#951 = LINE ( 'NONE', #300, #892 ) ;
#952 = ORIENTED_EDGE ( 'NONE', *, *, #1633, .F. ) ;
#953 = PLANE ( 'NONE',  #306 ) ;
#954 = APPLICATION_PROTOCOL_DEFINITION ( 'draft international standard', 'automotive_design', 1998, #1414 ) ;
#955 = ADVANCED_FACE ( 'NONE', ( #1225 ), #1346, .F. ) ;
#956 = VECTOR ( 'NONE', #1389, 1000.000000000000000 ) ;
#957 = VERTEX_POINT ( 'NONE', #1370 ) ;
#958 = CARTESIAN_POINT ( 'NONE',  ( 43.99999999999521805, 170.0000000000000000, 40.99999999997508127 ) ) ;
#959 = CARTESIAN_POINT ( 'NONE',  ( -38.50000000000427747, -1.199040866595168945E-15, 41.90000000001975167 ) ) ;
#960 = DIRECTION ( 'NONE',  ( 1.000000000000000000, 0.000000000000000000, -5.411053549675415297E-13 ) ) ;
#961 = ORIENTED_EDGE ( 'NONE', *, *, #25, .T. ) ;
#962 = LINE ( 'NONE', #830, #368 ) ;
#963 = ORIENTED_EDGE ( 'NONE', *, *, #111, .T. ) ;
#964 = CARTESIAN_POINT ( 'NONE',  ( -48.99999999999283062, 3.000000000000003997, 63.00000000002543743 ) ) ;
#965 = ORIENTED_EDGE ( 'NONE', *, *, #1285, .F. ) ;
#966 = CARTESIAN_POINT ( 'NONE',  ( 35.59999999999413944, 170.0000000000000000, 38.99999999997963585 ) ) ;
#967 = CARTESIAN_POINT ( 'NONE',  ( -39.60000000000587050, 161.8000000000000114, 39.00000000002032152 ) ) ;
#968 = EDGE_CURVE ( 'NONE', #1065, #1315, #110, .T. ) ;
#969 = CARTESIAN_POINT ( 'NONE',  ( 24.00000000000714451, 170.0000000000000000, 62.99999999998588862 ) ) ;
#970 = DIRECTION ( 'NONE',  ( 7.730208394909068524E-29, -1.000000000000000000, 1.428595803745606684E-16 ) ) ;
#971 = ORIENTED_EDGE ( 'NONE', *, *, #562, .T. ) ;
#972 = DIRECTION ( 'NONE',  ( -1.000000000000000000, 0.000000000000000000, 5.411053549675415297E-13 ) ) ;
#973 = VERTEX_POINT ( 'NONE', #473 ) ;
#974 = CARTESIAN_POINT ( 'NONE',  ( 24.91302967564947579, 1.500000000000000666, 51.99999999998539124 ) ) ;
#975 = VECTOR ( 'NONE', #57, 1000.000000000000000 ) ;
#976 = PLANE ( 'NONE',  #526 ) ;
#977 = ADVANCED_FACE ( 'NONE', ( #723 ), #1586, .F. ) ;
#978 = DIRECTION ( 'NONE',  ( -6.684877119802669363E-29, 1.000000000000000000, -1.235411377550249001E-16 ) ) ;
#979 = CARTESIAN_POINT ( 'NONE',  ( -38.49999999999389644, 3.000000000000002665, 61.10000000001974740 ) ) ;
#980 = ORIENTED_EDGE ( 'NONE', *, *, #1114, .T. ) ;
#981 = CARTESIAN_POINT ( 'NONE',  ( 24.00000000000716582, 3.000000000000002665, 62.99999999998593125 ) ) ;
#982 = SURFACE_STYLE_FILL_AREA ( #1352 ) ;
#983 = DIRECTION ( 'NONE',  ( 0.000000000000000000, 1.000000000000000000, 0.000000000000000000 ) ) ;
#984 = DIRECTION ( 'NONE',  ( 1.000000000000000000, 0.000000000000000000, -5.411053549675415297E-13 ) ) ;
#985 = EDGE_CURVE ( 'NONE', #1509, #1033, #1495, .T. ) ;
#986 = LINE ( 'NONE', #1253, #871 ) ;
#987 = LINE ( 'NONE', #745, #1251 ) ;
#988 = ORIENTED_EDGE ( 'NONE', *, *, #1045, .F. ) ;
#989 = ADVANCED_FACE ( 'NONE', ( #1340 ), #72, .F. ) ;
#990 = DIRECTION ( 'NONE',  ( 5.411053549675415297E-13, 0.000000000000000000, 1.000000000000000000 ) ) ;
#991 = VECTOR ( 'NONE', #1360, 1000.000000000000000 ) ;
#992 = CARTESIAN_POINT ( 'NONE',  ( -52.00000000000694911, 170.0000000000000000, 37.00000000002702905 ) ) ;
#993 = CARTESIAN_POINT ( 'NONE',  ( -28.91302967564549675, 1.500000000000000666, 55.00000000001451639 ) ) ;
#994 = DIRECTION ( 'NONE',  ( -1.000000000000000000, 0.000000000000000000, 5.412194815120136934E-13 ) ) ;
#995 = LINE ( 'NONE', #493, #106 ) ;
#996 = ORIENTED_EDGE ( 'NONE', *, *, #1356, .F. ) ;
#997 = CARTESIAN_POINT ( 'NONE',  ( 34.50000000000089528, 170.0000000000000000, 51.49999999998022560 ) ) ;
#998 = EDGE_CURVE ( 'NONE', #369, #331, #81, .T. ) ;
#999 = EDGE_CURVE ( 'NONE', #717, #1384, #987, .T. ) ;
#1000 = EDGE_LOOP ( 'NONE', ( #879, #782, #145, #1155 ) ) ;
#1001 = CARTESIAN_POINT ( 'NONE',  ( 48.00000000000279954, 170.0000000000000000, 54.99999999997290701 ) ) ;
#1002 = VECTOR ( 'NONE', #188, 1000.000000000000000 ) ;
#1003 = ORIENTED_EDGE ( 'NONE', *, *, #1454, .F. ) ;
#1004 = CARTESIAN_POINT ( 'NONE',  ( 5.599999999993484856, 161.8000000000000114, 37.79999999999586180 ) ) ;
#1005 = DIRECTION ( 'NONE',  ( 0.000000000000000000, 1.000000000000000000, 0.000000000000000000 ) ) ;
#1006 = CARTESIAN_POINT ( 'NONE',  ( 35.59999999999348574, 170.0000000000000000, 37.79999999997963300 ) ) ;
#1007 = VERTEX_POINT ( 'NONE', #725 ) ;
#1008 = ORIENTED_EDGE ( 'NONE', *, *, #430, .F. ) ;
#1009 = DIRECTION ( 'NONE',  ( -1.000000000000000000, 0.000000000000000000, 5.421010862427523180E-13 ) ) ;
#1010 = VECTOR ( 'NONE', #1241, 1000.000000000000000 ) ;
#1011 = EDGE_CURVE ( 'NONE', #807, #1085, #734, .T. ) ;
#1012 = PLANE ( 'NONE',  #4 ) ;
#1013 = LINE ( 'NONE', #1274, #231 ) ;
#1014 = ORIENTED_EDGE ( 'NONE', *, *, #528, .F. ) ;
#1015 = AXIS2_PLACEMENT_3D ( 'NONE', #883, #1161, #1267 ) ;
#1016 = ORIENTED_EDGE ( 'NONE', *, *, #218, .F. ) ;
#1017 = VERTEX_POINT ( 'NONE', #525 ) ;
#1018 = DIRECTION ( 'NONE',  ( -5.411053549675415297E-13, 0.000000000000000000, -1.000000000000000000 ) ) ;
#1019 = VECTOR ( 'NONE', #881, 1000.000000000000000 ) ;
#1020 = LINE ( 'NONE', #768, #1601 ) ;
#1021 = DIRECTION ( 'NONE',  ( -1.000000000000000000, -8.986231569607283937E-17, 5.411053549675415297E-13 ) ) ;
#1022 = EDGE_CURVE ( 'NONE', #1437, #1220, #856, .T. ) ;
#1023 = ORIENTED_EDGE ( 'NONE', *, *, #209, .F. ) ;
#1024 = ORIENTED_EDGE ( 'NONE', *, *, #1626, .T. ) ;
#1025 = CYLINDRICAL_SURFACE ( 'NONE', #850, 9.599999999999997868 ) ;
#1026 = ORIENTED_EDGE ( 'NONE', *, *, #55, .T. ) ;
#1027 = ORIENTED_EDGE ( 'NONE', *, *, #1348, .T. ) ;
#1028 = DIRECTION ( 'NONE',  ( 1.000000000000000000, 0.000000000000000000, -5.411053549675415297E-13 ) ) ;
#1029 = DIRECTION ( 'NONE',  ( -5.413782847944287157E-13, -1.249000902703301354E-16, -1.000000000000000000 ) ) ;
#1030 = VECTOR ( 'NONE', #1399, 1000.000000000000000 ) ;
#1031 = VECTOR ( 'NONE', #1645, 1000.000000000000000 ) ;
#1032 = EDGE_CURVE ( 'NONE', #1448, #1148, #995, .T. ) ;
#1033 = VERTEX_POINT ( 'NONE', #154 ) ;
#1034 = DIRECTION ( 'NONE',  ( -7.730208394909068524E-29, 1.000000000000000000, -1.428595803745606684E-16 ) ) ;
#1035 = VECTOR ( 'NONE', #1393, 1000.000000000000000 ) ;
#1036 = VECTOR ( 'NONE', #414, 1000.000000000000000 ) ;
#1037 = VERTEX_POINT ( 'NONE', #846 ) ;
#1038 = DIRECTION ( 'NONE',  ( -1.000000000000000000, 0.000000000000000000, 5.411053549675415297E-13 ) ) ;
#1039 = AXIS2_PLACEMENT_3D ( 'NONE', #1108, #82, #1609 ) ;
#1040 = DIRECTION ( 'NONE',  ( 1.000000000000000000, 0.000000000000000000, -5.468877665541308531E-13 ) ) ;
#1041 = VERTEX_POINT ( 'NONE', #979 ) ;
#1042 = EDGE_CURVE ( 'NONE', #1195, #789, #878, .T. ) ;
#1043 = LINE ( 'NONE', #1283, #1019 ) ;
#1044 = ORIENTED_EDGE ( 'NONE', *, *, #1295, .F. ) ;
#1045 = EDGE_CURVE ( 'NONE', #369, #1423, #598, .T. ) ;
#1046 = CARTESIAN_POINT ( 'NONE',  ( 46.50000000000279954, 1.500000000000000222, 54.99999999997371702 ) ) ;
#1047 = DIRECTION ( 'NONE',  ( -1.235411386100096301E-16, 1.000000000000000000, 6.684877166066350949E-29 ) ) ;
#1048 = AXIS2_PLACEMENT_3D ( 'NONE', #347, #1622, #1246 ) ;
#1049 = ORIENTED_EDGE ( 'NONE', *, *, #1042, .T. ) ;
#1050 = DIRECTION ( 'NONE',  ( 0.000000000000000000, 1.000000000000000000, 0.000000000000000000 ) ) ;
#1051 = ORIENTED_EDGE ( 'NONE', *, *, #1052, .T. ) ;
#1052 = EDGE_CURVE ( 'NONE', #1610, #1442, #1159, .T. ) ;
#1053 = CARTESIAN_POINT ( 'NONE',  ( 45.00000000000117240, 170.0000000000000000, 51.99999999997452704 ) ) ;
#1054 = EDGE_CURVE ( 'NONE', #934, #235, #22, .T. ) ;
#1055 = DIRECTION ( 'NONE',  ( 5.411053549675415297E-13, 0.000000000000000000, 1.000000000000000000 ) ) ;
#1056 = ORIENTED_EDGE ( 'NONE', *, *, #408, .T. ) ;
#1057 = EDGE_LOOP ( 'NONE', ( #1135, #1087, #143, #136 ) ) ;
#1058 = DIRECTION ( 'NONE',  ( 1.235411377550917560E-16, -1.000000000000000000, 1.235411377549580441E-16 ) ) ;
#1059 = VECTOR ( 'NONE', #1212, 1000.000000000000000 ) ;
#1060 = VERTEX_POINT ( 'NONE', #643 ) ;
#1061 = CARTESIAN_POINT ( 'NONE',  ( -39.60000000000652420, 170.0000000000000000, 37.80000000002032579 ) ) ;
#1062 = CARTESIAN_POINT ( 'NONE',  ( -48.00000000000478195, 339.9999999999998863, 41.00000000002484057 ) ) ;
#1063 = ADVANCED_FACE ( 'NONE', ( #476 ), #120, .F. ) ;
#1064 = PLANE ( 'NONE',  #1116 ) ;
#1065 = VERTEX_POINT ( 'NONE', #1498 ) ;
#1066 = CARTESIAN_POINT ( 'NONE',  ( 48.00000000000279954, -3.040427232463565263E-19, 54.99999999997290701 ) ) ;
#1067 = ORIENTED_EDGE ( 'NONE', *, *, #902, .F. ) ;
#1068 = CARTESIAN_POINT ( 'NONE',  ( -50.49999999999882760, 170.0000000000000000, 52.00000000002619771 ) ) ;
#1069 = CARTESIAN_POINT ( 'NONE',  ( 47.99999999999521805, 0.000000000000000000, 40.99999999997294964 ) ) ;
#1070 = VERTEX_POINT ( 'NONE', #1372 ) ;
#1071 = PLANE ( 'NONE',  #238 ) ;
#1072 = EDGE_CURVE ( 'NONE', #715, #1529, #371, .T. ) ;
#1073 = ORIENTED_EDGE ( 'NONE', *, *, #3, .T. ) ;
#1074 = CARTESIAN_POINT ( 'NONE',  ( 24.91302967565109938, 1.500000000000000000, 54.99999999998539124 ) ) ;
#1075 = VERTEX_POINT ( 'NONE', #1642 ) ;
#1076 = CYLINDRICAL_SURFACE ( 'NONE', #1322, 9.599999999999997868 ) ;
#1077 = CARTESIAN_POINT ( 'NONE',  ( -52.00000000000694911, 4.000000000000003553, 37.00000000002705747 ) ) ;
#1078 = EDGE_LOOP ( 'NONE', ( #361, #996, #157, #619 ) ) ;
#1079 = PLANE ( 'NONE',  #946 ) ;
#1080 = DIRECTION ( 'NONE',  ( -5.295405317943627821E-13, -0.000000000000000000, -1.000000000000000000 ) ) ;
#1081 = ORIENTED_EDGE ( 'NONE', *, *, #1425, .F. ) ;
#1082 = EDGE_CURVE ( 'NONE', #366, #292, #865, .T. ) ;
#1083 = LINE ( 'NONE', #293, #132 ) ;
#1084 = AXIS2_PLACEMENT_3D ( 'NONE', #177, #170, #1468 ) ;
#1085 = VERTEX_POINT ( 'NONE', #1173 ) ;
#1086 = DIRECTION ( 'NONE',  ( 1.239088197125614615E-16, 1.000000000000000000, -1.249000902703971640E-16 ) ) ;
#1087 = ORIENTED_EDGE ( 'NONE', *, *, #689, .F. ) ;
#1088 = DIRECTION ( 'NONE',  ( 0.000000000000000000, 1.000000000000000000, 0.000000000000000000 ) ) ;
#1089 = DIRECTION ( 'NONE',  ( -1.000000000000000000, 0.000000000000000000, 5.411053549675415297E-13 ) ) ;
#1090 = VECTOR ( 'NONE', #208, 1000.000000000000000 ) ;
#1091 = CARTESIAN_POINT ( 'NONE',  ( 45.00000000000712674, 339.9999976677415248, 62.99999999997451994 ) ) ;
#1092 = ORIENTED_EDGE ( 'NONE', *, *, #1045, .T. ) ;
#1093 = FACE_OUTER_BOUND ( 'NONE', #1644, .T. ) ;
#1094 = VECTOR ( 'NONE', #749, 1000.000000000000000 ) ;
#1095 = ORIENTED_EDGE ( 'NONE', *, *, #1626, .F. ) ;
#1096 = CIRCLE ( 'NONE', #578, 9.599999999999997868 ) ;
#1097 = EDGE_CURVE ( 'NONE', #957, #746, #905, .T. ) ;
#1098 = CARTESIAN_POINT ( 'NONE',  ( 20.39999999999348290, 161.8000000000000114, 37.79999999998785398 ) ) ;
#1099 = CARTESIAN_POINT ( 'NONE',  ( 46.50000000000279954, 1.500000000000000222, 54.99999999997371702 ) ) ;
#1100 = MECHANICAL_DESIGN_GEOMETRIC_PRESENTATION_REPRESENTATION (  '', ( #1151 ), #679 ) ;
#1101 = CARTESIAN_POINT ( 'NONE',  ( -52.00000000000478195, 170.0000000000000000, 41.00000000002703615 ) ) ;
#1102 = VERTEX_POINT ( 'NONE', #271 ) ;
#1103 = LINE ( 'NONE', #1265, #1031 ) ;
#1104 = ORIENTED_EDGE ( 'NONE', *, *, #873, .F. ) ;
#1105 = ADVANCED_FACE ( 'NONE', ( #113 ), #608, .F. ) ;
#1106 = PLANE ( 'NONE',  #896 ) ;
#1107 = LINE ( 'NONE', #1608, #785 ) ;
#1108 = CARTESIAN_POINT ( 'NONE',  ( 48.00000000000279954, -3.040427232463565263E-19, 54.99999999997290701 ) ) ;
#1109 = ORIENTED_EDGE ( 'NONE', *, *, #741, .F. ) ;
#1110 = DIRECTION ( 'NONE',  ( -1.000000000000000000, 0.000000000000000000, 5.413782847944287157E-13 ) ) ;
#1111 = AXIS2_PLACEMENT_3D ( 'NONE', #59, #1086, #825 ) ;
#1112 = CARTESIAN_POINT ( 'NONE',  ( -24.40000000000588187, 161.8000000000000114, 39.00000000001209344 ) ) ;
#1113 = VECTOR ( 'NONE', #1561, 1000.000000000000000 ) ;
#1114 = EDGE_CURVE ( 'NONE', #1220, #686, #485, .T. ) ;
#1115 = CARTESIAN_POINT ( 'NONE',  ( -50.50000000005753265, 170.0000000000000000, -56.49999999997379518 ) ) ;
#1116 = AXIS2_PLACEMENT_3D ( 'NONE', #553, #1312, #62 ) ;
#1117 = VECTOR ( 'NONE', #799, 1000.000000000000000 ) ;
#1118 = EDGE_CURVE ( 'NONE', #1033, #1508, #1507, .T. ) ;
#1119 = DIRECTION ( 'NONE',  ( 5.411053549675415297E-13, 1.235411377550249001E-16, 1.000000000000000000 ) ) ;
#1120 = CARTESIAN_POINT ( 'NONE',  ( -39.60000000000652420, 161.8000000000000114, 37.80000000002032579 ) ) ;
#1121 = ORIENTED_EDGE ( 'NONE', *, *, #1501, .F. ) ;
#1122 = CARTESIAN_POINT ( 'NONE',  ( 34.50000000000089528, 170.0000000000000000, 51.49999999998022560 ) ) ;
#1123 = CARTESIAN_POINT ( 'NONE',  ( -28.91302967564549675, 6.214600241191306880E-17, 55.00000000001451639 ) ) ;
#1124 = LINE ( 'NONE', #884, #1304 ) ;
#1125 = PRODUCT_RELATED_PRODUCT_CATEGORY ( 'part', '', ( #851 ) ) ;
#1126 = CARTESIAN_POINT ( 'NONE',  ( 5.599999999993484856, 170.0000000000000000, 37.79999999999586180 ) ) ;
#1127 = DIRECTION ( 'NONE',  ( -1.000000000000000000, 0.000000000000000000, 5.411053549675415297E-13 ) ) ;
#1128 = ORIENTED_EDGE ( 'NONE', *, *, #3, .F. ) ;
#1129 = CARTESIAN_POINT ( 'NONE',  ( -52.00000000000694911, 3.000000000000000000, 37.00000000002705747 ) ) ;
#1130 = DIRECTION ( 'NONE',  ( 1.000000000000000000, 8.986231569607298728E-17, -5.411053549675415297E-13 ) ) ;
#1131 = DIRECTION ( 'NONE',  ( 6.758410768120495470E-29, -1.000000000000000000, 1.249000902703301108E-16 ) ) ;
#1132 = LINE ( 'NONE', #492, #315 ) ;
#1133 = DIRECTION ( 'NONE',  ( 5.411053549675415297E-13, 0.000000000000000000, 1.000000000000000000 ) ) ;
#1134 = VERTEX_POINT ( 'NONE', #438 ) ;
#1135 = ORIENTED_EDGE ( 'NONE', *, *, #637, .F. ) ;
#1136 = EDGE_CURVE ( 'NONE', #564, #1160, #1320, .T. ) ;
#1137 = PLANE ( 'NONE',  #437 ) ;
#1138 = DIRECTION ( 'NONE',  ( 1.235411386100764861E-16, -1.000000000000000000, 1.235411386099427742E-16 ) ) ;
#1139 = ORIENTED_EDGE ( 'NONE', *, *, #1545, .T. ) ;
#1140 = CARTESIAN_POINT ( 'NONE',  ( 35.59999999999348574, 170.0000000000000000, 37.79999999997963300 ) ) ;
#1141 = ORIENTED_EDGE ( 'NONE', *, *, #1408, .T. ) ;
#1142 = ORIENTED_EDGE ( 'NONE', *, *, #1566, .T. ) ;
#1143 = PLANE ( 'NONE',  #882 ) ;
#1144 = LINE ( 'NONE', #1539, #1230 ) ;
#1145 = ADVANCED_FACE ( 'NONE', ( #810 ), #945, .F. ) ;
#1146 = CARTESIAN_POINT ( 'NONE',  ( 24.00000000000716582, 3.000000000000002665, 62.99999999998593125 ) ) ;
#1147 = ORIENTED_EDGE ( 'NONE', *, *, #985, .T. ) ;
#1148 = VERTEX_POINT ( 'NONE', #917 ) ;
#1149 = LINE ( 'NONE', #383, #1311 ) ;
#1150 = ORIENTED_EDGE ( 'NONE', *, *, #606, .T. ) ;
#1151 = STYLED_ITEM ( 'NONE', ( #1185 ), #584 ) ;
#1152 = DIRECTION ( 'NONE',  ( 1.000000000000000000, 0.000000000000000000, -5.411053549675415297E-13 ) ) ;
#1153 =( GEOMETRIC_REPRESENTATION_CONTEXT ( 3 ) GLOBAL_UNCERTAINTY_ASSIGNED_CONTEXT ( ( #21 ) ) GLOBAL_UNIT_ASSIGNED_CONTEXT ( ( #1469, #479, #471 ) ) REPRESENTATION_CONTEXT ( 'NONE', 'WORKASPACE' ) );
#1154 = ADVANCED_FACE ( 'NONE', ( #792 ), #1064, .F. ) ;
#1155 = ORIENTED_EDGE ( 'NONE', *, *, #1219, .T. ) ;
#1156 = FACE_OUTER_BOUND ( 'NONE', #656, .T. ) ;
#1157 = ORIENTED_EDGE ( 'NONE', *, *, #430, .T. ) ;
#1158 = CARTESIAN_POINT ( 'NONE',  ( -48.99999999999283062, 3.000000000000003997, 63.00000000002543743 ) ) ;
#1159 =( BOUNDED_CURVE ( )  B_SPLINE_CURVE ( 3, ( #1548, #1490, #343, #1628 ),
 .UNSPECIFIED., .F., .F. ) 
 B_SPLINE_CURVE_WITH_KNOTS ( ( 4, 4 ),
 ( 3.141592653589793116, 4.712388980384689674 ),
 .UNSPECIFIED. ) 
 CURVE ( )  GEOMETRIC_REPRESENTATION_ITEM ( )  RATIONAL_B_SPLINE_CURVE ( ( 1.000000000000000000, 0.8047378541243649375, 0.8047378541243649375, 1.000000000000000000 ) ) 
 REPRESENTATION_ITEM ( '' )  );
#1160 = VERTEX_POINT ( 'NONE', #561 ) ;
#1161 = DIRECTION ( 'NONE',  ( 0.000000000000000000, 1.000000000000000000, 0.000000000000000000 ) ) ;
#1162 = DIRECTION ( 'NONE',  ( -5.468877665541308531E-13, 0.000000000000000000, -1.000000000000000000 ) ) ;
#1163 = VECTOR ( 'NONE', #491, 1000.000000000000000 ) ;
#1164 = ADVANCED_FACE ( 'NONE', ( #172 ), #1079, .F. ) ;
#1165 = CIRCLE ( 'NONE', #390, 9.599999999999997868 ) ;
#1166 = ORIENTED_EDGE ( 'NONE', *, *, #940, .T. ) ;
#1167 = DIRECTION ( 'NONE',  ( -0.000000000000000000, -1.000000000000000000, -0.000000000000000000 ) ) ;
#1168 = AXIS2_PLACEMENT_3D ( 'NONE', #1599, #450, #829 ) ;
#1169 = AXIS2_PLACEMENT_3D ( 'NONE', #1223, #983, #1478 ) ;
#1170 = ORIENTED_EDGE ( 'NONE', *, *, #985, .F. ) ;
#1171 = CARTESIAN_POINT ( 'NONE',  ( -24.40000000000652136, 170.0000000000000000, 37.80000000001210481 ) ) ;
#1172 = VECTOR ( 'NONE', #1234, 1000.000000000000000 ) ;
#1173 = CARTESIAN_POINT ( 'NONE',  ( -28.00000000000528999, 170.0000000000000000, 40.00000000001405454 ) ) ;
#1174 = PLANE ( 'NONE',  #1602 ) ;
#1175 = VECTOR ( 'NONE', #30, 1000.000000000000000 ) ;
#1176 = VECTOR ( 'NONE', #721, 1000.000000000000000 ) ;
#1177 = ORIENTED_EDGE ( 'NONE', *, *, #109, .F. ) ;
#1178 = ADVANCED_FACE ( 'NONE', ( #925 ), #1071, .F. ) ;
#1179 = LINE ( 'NONE', #761, #294 ) ;
#1180 = VERTEX_POINT ( 'NONE', #662 ) ;
#1181 = ORIENTED_EDGE ( 'NONE', *, *, #252, .T. ) ;
#1182 = LINE ( 'NONE', #282, #1523 ) ;
#1183 = CARTESIAN_POINT ( 'NONE',  ( 5.599999999994137667, 161.8000000000000114, 38.99999999999586464 ) ) ;
#1184 = VERTEX_POINT ( 'NONE', #1565 ) ;
#1185 = PRESENTATION_STYLE_ASSIGNMENT (( #66 ) ) ;
#1186 = EDGE_CURVE ( 'NONE', #187, #686, #696, .T. ) ;
#1187 = ORIENTED_EDGE ( 'NONE', *, *, #644, .F. ) ;
#1188 = CARTESIAN_POINT ( 'NONE',  ( 5.599999999994137667, 161.8000000000000114, 38.99999999999586464 ) ) ;
#1189 = DIRECTION ( 'NONE',  ( 5.411053549675415297E-13, 1.428595803745606684E-16, 1.000000000000000000 ) ) ;
#1190 = PLANE ( 'NONE',  #652 ) ;
#1191 = ORIENTED_EDGE ( 'NONE', *, *, #1279, .F. ) ;
#1192 = ORIENTED_EDGE ( 'NONE', *, *, #1513, .T. ) ;
#1193 = DIRECTION ( 'NONE',  ( 1.000000000000000000, 1.341773367490288023E-33, -5.411053549675415297E-13 ) ) ;
#1194 = VECTOR ( 'NONE', #75, 1000.000000000000000 ) ;
#1195 = VERTEX_POINT ( 'NONE', #1585 ) ;
#1196 = CARTESIAN_POINT ( 'NONE',  ( 46.50000000000279954, 1.500000000000000222, 54.99999999997371702 ) ) ;
#1197 = CARTESIAN_POINT ( 'NONE',  ( -51.99999999999720757, 170.0000000000000000, 55.00000000002701483 ) ) ;
#1198 = VERTEX_POINT ( 'NONE', #935 ) ;
#1199 = PRODUCT_DEFINITION ( 'UNKNOWN', '', #615, #1525 ) ;
#1200 = ADVANCED_FACE ( 'NONE', ( #820 ), #199, .F. ) ;
#1201 = FACE_OUTER_BOUND ( 'NONE', #93, .T. ) ;
#1202 = ORIENTED_EDGE ( 'NONE', *, *, #515, .F. ) ;
#1203 = CARTESIAN_POINT ( 'NONE',  ( 44.08697032435448904, 6.214600241191311811E-17, 54.99999999997501732 ) ) ;
#1204 = ORIENTED_EDGE ( 'NONE', *, *, #516, .F. ) ;
#1205 = DIRECTION ( 'NONE',  ( -5.483971522917256794E-32, -1.000000000000000000, -1.013475744154521634E-19 ) ) ;
#1206 = LINE ( 'NONE', #42, #1397 ) ;
#1207 = ORIENTED_EDGE ( 'NONE', *, *, #1646, .F. ) ;
#1208 = DIRECTION ( 'NONE',  ( 1.235411386100096301E-16, -1.000000000000000000, -6.684877166066350949E-29 ) ) ;
#1209 = ADVANCED_FACE ( 'NONE', ( #1331 ), #1190, .F. ) ;
#1210 = ORIENTED_EDGE ( 'NONE', *, *, #413, .F. ) ;
#1211 = VERTEX_POINT ( 'NONE', #1183 ) ;
#1212 = DIRECTION ( 'NONE',  ( -5.483971522917256794E-32, -1.000000000000000000, -1.013475744154521634E-19 ) ) ;
#1213 = VERTEX_POINT ( 'NONE', #193 ) ;
#1214 = CARTESIAN_POINT ( 'NONE',  ( 34.49999999999570122, 170.0000000000000000, 41.89999999998023128 ) ) ;
#1215 = EDGE_LOOP ( 'NONE', ( #980, #29, #87, #1336 ) ) ;
#1216 = DIRECTION ( 'NONE',  ( -5.412194815120136934E-13, 0.000000000000000000, -1.000000000000000000 ) ) ;
#1217 = LINE ( 'NONE', #91, #28 ) ;
#1218 = CARTESIAN_POINT ( 'NONE',  ( -38.50000000000427747, -1.199040866595168945E-15, 41.90000000001975167 ) ) ;
#1219 = EDGE_CURVE ( 'NONE', #1417, #1612, #1432, .T. ) ;
#1220 = VERTEX_POINT ( 'NONE', #44 ) ;
#1221 = CARTESIAN_POINT ( 'NONE',  ( 34.50000000000089528, 0.000000000000000000, 51.49999999998024691 ) ) ;
#1222 = VERTEX_POINT ( 'NONE', #1301 ) ;
#1223 = CARTESIAN_POINT ( 'NONE',  ( 48.00000000000117240, 170.0000000000000000, 51.99999999997289990 ) ) ;
#1224 = ORIENTED_EDGE ( 'NONE', *, *, #1615, .T. ) ;
#1225 = FACE_OUTER_BOUND ( 'NONE', #527, .T. ) ;
#1226 = PLANE ( 'NONE',  #1039 ) ;
#1227 = VERTEX_POINT ( 'NONE', #784 ) ;
#1228 = ADVANCED_FACE ( 'NONE', ( #164 ), #420, .F. ) ;
#1229 = CARTESIAN_POINT ( 'NONE',  ( 34.50000000000608935, 3.000000000000002665, 61.09999999998024833 ) ) ;
#1230 = VECTOR ( 'NONE', #393, 1000.000000000000000 ) ;
#1231 = ORIENTED_EDGE ( 'NONE', *, *, #634, .F. ) ;
#1232 = CARTESIAN_POINT ( 'NONE',  ( 5.599999999994137667, 161.8000000000000114, 38.99999999999586464 ) ) ;
#1233 = FACE_OUTER_BOUND ( 'NONE', #1577, .T. ) ;
#1234 = DIRECTION ( 'NONE',  ( 0.000000000000000000, 1.000000000000000000, 0.000000000000000000 ) ) ;
#1235 = VERTEX_POINT ( 'NONE', #298 ) ;
#1236 = DIRECTION ( 'NONE',  ( 5.483971522917256794E-32, 1.000000000000000000, 1.013475744154521634E-19 ) ) ;
#1237 = EDGE_CURVE ( 'NONE', #331, #1263, #680, .T. ) ;
#1238 = ADVANCED_FACE ( 'NONE', ( #1201 ), #54, .F. ) ;
#1239 = FACE_BOUND ( 'NONE', #295, .T. ) ;
#1240 = DIRECTION ( 'NONE',  ( 1.000000000000000000, 0.000000000000000000, -5.411053549675415297E-13 ) ) ;
#1241 = DIRECTION ( 'NONE',  ( 5.411053549675415297E-13, 0.000000000000000000, 1.000000000000000000 ) ) ;
#1242 = CARTESIAN_POINT ( 'NONE',  ( -52.00000000000694911, 0.000000000000000000, 37.00000000002705747 ) ) ;
#1243 = ORIENTED_EDGE ( 'NONE', *, *, #645, .T. ) ;
#1244 = CARTESIAN_POINT ( 'NONE',  ( -48.99999999999882760, 339.9999999999998863, 52.00000000002538769 ) ) ;
#1245 = VECTOR ( 'NONE', #1021, 1000.000000000000000 ) ;
#1246 = DIRECTION ( 'NONE',  ( 1.000000000000000000, 0.000000000000000000, 0.000000000000000000 ) ) ;
#1247 = AXIS2_PLACEMENT_3D ( 'NONE', #1483, #738, #972 ) ;
#1248 = LINE ( 'NONE', #1232, #600 ) ;
#1249 = ADVANCED_FACE ( 'NONE', ( #1607 ), #1106, .F. ) ;
#1250 = FACE_OUTER_BOUND ( 'NONE', #123, .T. ) ;
#1251 = VECTOR ( 'NONE', #1293, 1000.000000000000000 ) ;
#1252 = AXIS2_PLACEMENT_3D ( 'NONE', #1338, #1216, #531 ) ;
#1253 = CARTESIAN_POINT ( 'NONE',  ( -24.40000000000652136, 170.0000000000000000, 37.80000000001210481 ) ) ;
#1254 = CARTESIAN_POINT ( 'NONE',  ( 44.08697032435286900, 1.500000000000000000, 51.99999999997501732 ) ) ;
#1255 = AXIS2_PLACEMENT_3D ( 'NONE', #1517, #1641, #370 ) ;
#1256 = ORIENTED_EDGE ( 'NONE', *, *, #1461, .F. ) ;
#1257 = DIRECTION ( 'NONE',  ( -0.000000000000000000, -1.000000000000000000, -0.000000000000000000 ) ) ;
#1258 = PLANE ( 'NONE',  #216 ) ;
#1259 = LINE ( 'NONE', #1632, #730 ) ;
#1260 = EDGE_CURVE ( 'NONE', #1195, #432, #694, .T. ) ;
#1261 = LINE ( 'NONE', #1481, #1520 ) ;
#1262 = DIRECTION ( 'NONE',  ( 0.000000000000000000, 1.000000000000000000, 0.000000000000000000 ) ) ;
#1263 = VERTEX_POINT ( 'NONE', #1112 ) ;
#1264 = ORIENTED_EDGE ( 'NONE', *, *, #1279, .T. ) ;
#1265 = CARTESIAN_POINT ( 'NONE',  ( 5.599999999993484856, 161.8000000000000114, 37.79999999999586180 ) ) ;
#1266 =( GEOMETRIC_REPRESENTATION_CONTEXT ( 3 ) GLOBAL_UNCERTAINTY_ASSIGNED_CONTEXT ( ( #613 ) ) GLOBAL_UNIT_ASSIGNED_CONTEXT ( ( #316, #817, #1476 ) ) REPRESENTATION_CONTEXT ( 'NONE', 'WORKASPACE' ) );
#1267 = DIRECTION ( 'NONE',  ( -1.000000000000000000, 0.000000000000000000, 5.411053549675415297E-13 ) ) ;
#1268 = DIRECTION ( 'NONE',  ( -5.411053549675415297E-13, -1.249000902703301108E-16, -1.000000000000000000 ) ) ;
#1269 = ORIENTED_EDGE ( 'NONE', *, *, #1097, .T. ) ;
#1270 = ORIENTED_EDGE ( 'NONE', *, *, #1136, .F. ) ;
#1271 = EDGE_CURVE ( 'NONE', #1007, #84, #71, .T. ) ;
#1272 = CARTESIAN_POINT ( 'NONE',  ( -50.50000000005753265, 368.0000000000000000, -56.49999999997379518 ) ) ;
#1273 = DIRECTION ( 'NONE',  ( -1.000000000000000000, 0.000000000000000000, 5.411053549675415297E-13 ) ) ;
#1274 = CARTESIAN_POINT ( 'NONE',  ( 44.08697032435286900, 0.000000000000000000, 51.99999999997501732 ) ) ;
#1275 = AXIS2_PLACEMENT_3D ( 'NONE', #548, #1453, #1429 ) ;
#1276 = ORIENTED_EDGE ( 'NONE', *, *, #808, .F. ) ;
#1277 = EDGE_LOOP ( 'NONE', ( #566, #900, #533, #726 ) ) ;
#1278 = CARTESIAN_POINT ( 'NONE',  ( 24.91302967564947579, 0.000000000000000000, 51.99999999998539124 ) ) ;
#1279 = EDGE_CURVE ( 'NONE', #410, #1211, #1248, .T. ) ;
#1280 = CARTESIAN_POINT ( 'NONE',  ( 34.50000000000608935, 170.0000000000000000, 61.09999999998022702 ) ) ;
#1281 = DIRECTION ( 'NONE',  ( -5.468877665541308531E-13, 0.000000000000000000, -1.000000000000000000 ) ) ;
#1282 = VERTEX_POINT ( 'NONE', #229 ) ;
#1283 = CARTESIAN_POINT ( 'NONE',  ( 34.49999999999570122, -1.199040866595168945E-15, 41.89999999998025260 ) ) ;
#1284 = ORIENTED_EDGE ( 'NONE', *, *, #1526, .T. ) ;
#1285 = EDGE_CURVE ( 'NONE', #331, #564, #604, .T. ) ;
#1286 = LINE ( 'NONE', #116, #1094 ) ;
#1287 = ADVANCED_FACE ( 'NONE', ( #587 ), #1614, .T. ) ;
#1288 = DIRECTION ( 'NONE',  ( -5.411053549675415297E-13, 0.000000000000000000, -1.000000000000000000 ) ) ;
#1289 = VERTEX_POINT ( 'NONE', #1123 ) ;
#1290 = DIRECTION ( 'NONE',  ( -5.413782847944287157E-13, -1.355252715606880789E-16, -1.000000000000000000 ) ) ;
#1291 = ORIENTED_EDGE ( 'NONE', *, *, #218, .T. ) ;
#1292 = CARTESIAN_POINT ( 'NONE',  ( -51.99999999999883471, 170.0000000000000000, 52.00000000002700773 ) ) ;
#1293 = DIRECTION ( 'NONE',  ( 5.411053549675415297E-13, 0.000000000000000000, 1.000000000000000000 ) ) ;
#1294 = VECTOR ( 'NONE', #251, 1000.000000000000000 ) ;
#1295 = EDGE_CURVE ( 'NONE', #1148, #1509, #740, .T. ) ;
#1296 = ORIENTED_EDGE ( 'NONE', *, *, #516, .T. ) ;
#1297 = LINE ( 'NONE', #781, #423 ) ;
#1298 = ORIENTED_EDGE ( 'NONE', *, *, #687, .F. ) ;
#1299 = LINE ( 'NONE', #1171, #1175 ) ;
#1300 = CIRCLE ( 'NONE', #573, 9.599999999999997868 ) ;
#1301 = CARTESIAN_POINT ( 'NONE',  ( -28.91302967564712034, 3.000000000000001332, 52.00000000001452349 ) ) ;
#1302 = EDGE_CURVE ( 'NONE', #715, #1195, #220, .T. ) ;
#1303 = AXIS2_PLACEMENT_3D ( 'NONE', #1639, #1152, #263 ) ;
#1304 = VECTOR ( 'NONE', #875, 1000.000000000000000 ) ;
#1305 = ORIENTED_EDGE ( 'NONE', *, *, #666, .T. ) ;
#1306 = LINE ( 'NONE', #431, #1059 ) ;
#1307 = ORIENTED_EDGE ( 'NONE', *, *, #707, .F. ) ;
#1308 = LINE ( 'NONE', #1146, #73 ) ;
#1309 = ORIENTED_EDGE ( 'NONE', *, *, #645, .F. ) ;
#1310 = DIRECTION ( 'NONE',  ( -5.411053549675415297E-13, 1.013475744154521634E-19, -1.000000000000000000 ) ) ;
#1311 = VECTOR ( 'NONE', #1416, 1000.000000000000000 ) ;
#1312 = DIRECTION ( 'NONE',  ( -5.411053549675415297E-13, 0.000000000000000000, -1.000000000000000000 ) ) ;
#1313 = EDGE_LOOP ( 'NONE', ( #52, #1402, #1024, #540 ) ) ;
#1314 = CARTESIAN_POINT ( 'NONE',  ( -52.00000000000532907, 170.0000000000000000, 40.00000000002703615 ) ) ;
#1315 = VERTEX_POINT ( 'NONE', #1597 ) ;
#1316 = EDGE_CURVE ( 'NONE', #1037, #1075, #463, .T. ) ;
#1317 = CYLINDRICAL_SURFACE ( 'NONE', #1375, 9.599999999999997868 ) ;
#1318 = LINE ( 'NONE', #178, #852 ) ;
#1319 = ORIENTED_EDGE ( 'NONE', *, *, #1408, .F. ) ;
#1320 = LINE ( 'NONE', #308, #1457 ) ;
#1321 = ORIENTED_EDGE ( 'NONE', *, *, #634, .T. ) ;
#1322 = AXIS2_PLACEMENT_3D ( 'NONE', #1221, #77, #330 ) ;
#1323 = VECTOR ( 'NONE', #682, 1000.000000000000000 ) ;
#1324 = ORIENTED_EDGE ( 'NONE', *, *, #1219, .F. ) ;
#1325 = LINE ( 'NONE', #196, #1002 ) ;
#1326 = VECTOR ( 'NONE', #99, 1000.000000000000000 ) ;
#1327 = AXIS2_PLACEMENT_3D ( 'NONE', #958, #1354, #1503 ) ;
#1328 = DIRECTION ( 'NONE',  ( -7.730208394909068524E-29, 1.000000000000000000, -1.428595803745606684E-16 ) ) ;
#1329 = EDGE_CURVE ( 'NONE', #1184, #973, #1369, .T. ) ;
#1330 = EDGE_LOOP ( 'NONE', ( #747, #442, #1016, #191 ) ) ;
#1331 = FACE_OUTER_BOUND ( 'NONE', #658, .T. ) ;
#1332 = ORIENTED_EDGE ( 'NONE', *, *, #911, .T. ) ;
#1333 = PLANE ( 'NONE',  #467 ) ;
#1334 = ORIENTED_EDGE ( 'NONE', *, *, #1011, .F. ) ;
#1335 = DIRECTION ( 'NONE',  ( 0.000000000000000000, 1.000000000000000000, 0.000000000000000000 ) ) ;
#1336 = ORIENTED_EDGE ( 'NONE', *, *, #1022, .T. ) ;
#1337 = EDGE_CURVE ( 'NONE', #1184, #1134, #186, .T. ) ;
#1338 = CARTESIAN_POINT ( 'NONE',  ( 5.599999999993484856, 161.8000000000000114, 37.79999999999586180 ) ) ;
#1339 = ADVANCED_FACE ( 'NONE', ( #356, #1239, #1624, #860, #325, #827 ), #1345, .T. ) ;
#1340 = FACE_OUTER_BOUND ( 'NONE', #477, .T. ) ;
#1341 = ORIENTED_EDGE ( 'NONE', *, *, #138, .T. ) ;
#1342 = CARTESIAN_POINT ( 'NONE',  ( 5.599999999994137667, 170.0000000000000000, 38.99999999999586464 ) ) ;
#1343 = LINE ( 'NONE', #104, #991 ) ;
#1344 = VERTEX_POINT ( 'NONE', #974 ) ;
#1345 = PLANE ( 'NONE',  #1169 ) ;
#1346 = PLANE ( 'NONE',  #440 ) ;
#1347 = EDGE_CURVE ( 'NONE', #1102, #1213, #1485, .T. ) ;
#1348 = EDGE_CURVE ( 'NONE', #404, #1102, #576, .T. ) ;
#1349 = CARTESIAN_POINT ( 'NONE',  ( 48.00000000000712674, 1.390208423157299270E-15, 62.99999999997293543 ) ) ;
#1350 = VERTEX_POINT ( 'NONE', #834 ) ;
#1351 = CARTESIAN_POINT ( 'NONE',  ( 46.50000000000279954, 170.0000000000000000, 54.99999999997371702 ) ) ;
#1352 = FILL_AREA_STYLE ('',( #69 ) ) ;
#1353 = ORIENTED_EDGE ( 'NONE', *, *, #276, .F. ) ;
#1354 = DIRECTION ( 'NONE',  ( -0.000000000000000000, -1.000000000000000000, -0.000000000000000000 ) ) ;
#1355 = DIRECTION ( 'NONE',  ( 1.000000000000000000, 0.000000000000000000, -5.411053549675415297E-13 ) ) ;
#1356 = EDGE_CURVE ( 'NONE', #253, #366, #1494, .T. ) ;
#1357 = CARTESIAN_POINT ( 'NONE',  ( -38.49999999999908340, 170.0000000000000000, 51.50000000001973177 ) ) ;
#1358 = VERTEX_POINT ( 'NONE', #384 ) ;
#1359 = DIRECTION ( 'NONE',  ( -5.295405317943627821E-13, 0.000000000000000000, -1.000000000000000000 ) ) ;
#1360 = DIRECTION ( 'NONE',  ( -5.411053549675415297E-13, 1.013475744154521634E-19, -1.000000000000000000 ) ) ;
#1361 = DIRECTION ( 'NONE',  ( 0.000000000000000000, 1.000000000000000000, 0.000000000000000000 ) ) ;
#1362 = DIRECTION ( 'NONE',  ( -5.411053549675415297E-13, 1.013475744154521634E-19, -1.000000000000000000 ) ) ;
#1363 = CIRCLE ( 'NONE', #509, 9.599999999999997868 ) ;
#1364 = LINE ( 'NONE', #1126, #103 ) ;
#1365 = ORIENTED_EDGE ( 'NONE', *, *, #777, .F. ) ;
#1366 = CARTESIAN_POINT ( 'NONE',  ( 46.50000000000279954, 170.0000000000000000, 54.99999999997371702 ) ) ;
#1367 = SURFACE_SIDE_STYLE ('',( #982 ) ) ;
#1368 = ADVANCED_FACE ( 'NONE', ( #1647 ), #755, .T. ) ;
#1369 = LINE ( 'NONE', #992, #155 ) ;
#1370 = CARTESIAN_POINT ( 'NONE',  ( 46.50000000000117240, 1.500000000000000222, 51.99999999997370992 ) ) ;
#1371 = FACE_OUTER_BOUND ( 'NONE', #1078, .T. ) ;
#1372 = CARTESIAN_POINT ( 'NONE',  ( -28.91302967564712034, 6.245004513515943476E-17, 52.00000000001452349 ) ) ;
#1373 = ORIENTED_EDGE ( 'NONE', *, *, #192, .T. ) ;
#1374 = FACE_OUTER_BOUND ( 'NONE', #626, .T. ) ;
#1375 = AXIS2_PLACEMENT_3D ( 'NONE', #542, #684, #1591 ) ;
#1376 = CIRCLE ( 'NONE', #1111, 9.599999999999997868 ) ;
#1377 = EDGE_CURVE ( 'NONE', #114, #411, #635, .T. ) ;
#1378 = CARTESIAN_POINT ( 'NONE',  ( -52.00000000000478195, 0.000000000000000000, 41.00000000002705747 ) ) ;
#1379 = DIRECTION ( 'NONE',  ( -6.684877166066349828E-29, 1.000000000000000000, -1.235411386100096055E-16 ) ) ;
#1380 = AXIS2_PLACEMENT_3D ( 'NONE', #854, #984, #706 ) ;
#1381 = VECTOR ( 'NONE', #853, 1000.000000000000000 ) ;
#1382 = DIRECTION ( 'NONE',  ( -6.758410768120495470E-29, 1.000000000000000000, -1.249000902703301108E-16 ) ) ;
#1383 = CARTESIAN_POINT ( 'NONE',  ( 45.00000000000716938, 3.000000000000002665, 62.99999999997457678 ) ) ;
#1384 = VERTEX_POINT ( 'NONE', #513 ) ;
#1385 = VECTOR ( 'NONE', #1464, 1000.000000000000000 ) ;
#1386 = ORIENTED_EDGE ( 'NONE', *, *, #1186, .T. ) ;
#1387 = LINE ( 'NONE', #376, #100 ) ;
#1388 = CIRCLE ( 'NONE', #790, 9.599999999999997868 ) ;
#1389 = DIRECTION ( 'NONE',  ( -1.000000000000000000, -8.986231569607283937E-17, 5.411053549675415297E-13 ) ) ;
#1390 = VECTOR ( 'NONE', #1131, 1000.000000000000000 ) ;
#1391 = LINE ( 'NONE', #614, #1245 ) ;
#1392 = EDGE_CURVE ( 'NONE', #1041, #1482, #1020, .T. ) ;
#1393 = DIRECTION ( 'NONE',  ( -5.411053549675415297E-13, -0.000000000000000000, -1.000000000000000000 ) ) ;
#1394 = EDGE_LOOP ( 'NONE', ( #1296, #939, #711, #1451 ) ) ;
#1395 = ORIENTED_EDGE ( 'NONE', *, *, #911, .F. ) ;
#1396 = CARTESIAN_POINT ( 'NONE',  ( -38.49999999999908340, 0.000000000000000000, 51.50000000001975309 ) ) ;
#1397 = VECTOR ( 'NONE', #651, 1000.000000000000000 ) ;
#1398 = FACE_OUTER_BOUND ( 'NONE', #8, .T. ) ;
#1399 = DIRECTION ( 'NONE',  ( 1.000000000000000000, 0.000000000000000000, -5.411053549675415297E-13 ) ) ;
#1400 = ADVANCED_FACE ( 'NONE', ( #1512 ), #623, .T. ) ;
#1401 = ORIENTED_EDGE ( 'NONE', *, *, #628, .F. ) ;
#1402 = ORIENTED_EDGE ( 'NONE', *, *, #760, .T. ) ;
#1403 = DIRECTION ( 'NONE',  ( -6.758410768120495470E-29, 1.000000000000000000, -1.249000902703301108E-16 ) ) ;
#1404 = DIRECTION ( 'NONE',  ( -6.758410768120495470E-29, 1.000000000000000000, -1.249000902703301108E-16 ) ) ;
#1405 = CARTESIAN_POINT ( 'NONE',  ( 24.00000000000120792, 3.000000000000000000, 51.99999999998588862 ) ) ;
#1406 = ORIENTED_EDGE ( 'NONE', *, *, #1526, .F. ) ;
#1407 = EDGE_LOOP ( 'NONE', ( #160, #198, #469, #1 ) ) ;
#1408 = EDGE_CURVE ( 'NONE', #686, #1227, #5, .T. ) ;
#1409 = DIRECTION ( 'NONE',  ( -1.000000000000000000, 0.000000000000000000, 5.412337245047643183E-13 ) ) ;
#1410 = EDGE_LOOP ( 'NONE', ( #1141, #489, #779, #1386 ) ) ;
#1411 = EDGE_CURVE ( 'NONE', #247, #1070, #1286, .T. ) ;
#1412 = CARTESIAN_POINT ( 'NONE',  ( -48.08697032434889707, 6.245004513515943476E-17, 55.00000000002489742 ) ) ;
#1413 = DIRECTION ( 'NONE',  ( 1.000000000000000000, 1.235411377550249001E-16, -5.411053549675415297E-13 ) ) ;
#1414 = APPLICATION_CONTEXT ( 'automotive_design' ) ;
#1415 = EDGE_LOOP ( 'NONE', ( #1567, #665, #1191, #417 ) ) ;
#1416 = DIRECTION ( 'NONE',  ( -1.000000000000000000, -8.986231569607298728E-17, 5.411053549675415297E-13 ) ) ;
#1417 = VERTEX_POINT ( 'NONE', #490 ) ;
#1418 = ADVANCED_FACE ( 'NONE', ( #1398 ), #277, .F. ) ;
#1419 = DIRECTION ( 'NONE',  ( 8.986231569607293798E-17, -1.000000000000000000, -1.013475744640771398E-19 ) ) ;
#1420 = CARTESIAN_POINT ( 'NONE',  ( -27.99999999999284483, 170.0000000000000000, 63.00000000001403322 ) ) ;
#1421 = ORIENTED_EDGE ( 'NONE', *, *, #743, .F. ) ;
#1422 = CARTESIAN_POINT ( 'NONE',  ( -50.49999999999720757, 1.500000000000000444, 55.00000000002620482 ) ) ;
#1423 = VERTEX_POINT ( 'NONE', #12 ) ;
#1424 = CARTESIAN_POINT ( 'NONE',  ( 24.00000000000716582, 3.000000000000002665, 62.99999999998593125 ) ) ;
#1425 = EDGE_CURVE ( 'NONE', #56, #1198, #256, .T. ) ;
#1426 = ORIENTED_EDGE ( 'NONE', *, *, #1535, .T. ) ;
#1427 = DIRECTION ( 'NONE',  ( 1.000000000000000000, -1.208562007568983346E-17, -5.411053549675415297E-13 ) ) ;
#1428 = ORIENTED_EDGE ( 'NONE', *, *, #498, .F. ) ;
#1429 = DIRECTION ( 'NONE',  ( -5.413782847944287157E-13, -1.355252715606880789E-16, -1.000000000000000000 ) ) ;
#1430 = DIRECTION ( 'NONE',  ( -1.000000000000000000, 0.000000000000000000, 5.411053549675415297E-13 ) ) ;
#1431 = FACE_OUTER_BOUND ( 'NONE', #1313, .T. ) ;
#1432 = LINE ( 'NONE', #283, #1593 ) ;
#1433 = VECTOR ( 'NONE', #1138, 1000.000000000000000 ) ;
#1434 = EDGE_CURVE ( 'NONE', #1612, #247, #269, .T. ) ;
#1435 = EDGE_LOOP ( 'NONE', ( #618, #759, #1649, #268 ) ) ;
#1436 = SURFACE_STYLE_FILL_AREA ( #814 ) ;
#1437 = VERTEX_POINT ( 'NONE', #1412 ) ;
#1438 = CARTESIAN_POINT ( 'NONE',  ( 44.08697032435286900, 1.500000000000000000, 51.99999999997501732 ) ) ;
#1439 = CARTESIAN_POINT ( 'NONE',  ( -9.600000000005866951, 161.8000000000000114, 39.00000000000409273 ) ) ;
#1440 = CIRCLE ( 'NONE', #90, 3.999999999999996447 ) ;
#1441 = DIRECTION ( 'NONE',  ( 1.000000000000000000, 1.235411386100096301E-16, -5.411053549675415297E-13 ) ) ;
#1442 = VERTEX_POINT ( 'NONE', #365 ) ;
#1443 = EDGE_CURVE ( 'NONE', #1180, #1085, #762, .T. ) ;
#1444 =( LENGTH_UNIT ( ) NAMED_UNIT ( * ) SI_UNIT ( .MILLI., .METRE. ) );
#1445 = EDGE_LOOP ( 'NONE', ( #1067, #737, #695, #909 ) ) ;
#1446 = CARTESIAN_POINT ( 'NONE',  ( -28.91302967564712034, 1.500000000000000666, 52.00000000001452349 ) ) ;
#1447 = LINE ( 'NONE', #1046, #374 ) ;
#1448 = VERTEX_POINT ( 'NONE', #250 ) ;
#1449 = CARTESIAN_POINT ( 'NONE',  ( -51.99999999999883471, 0.000000000000000000, 52.00000000002700773 ) ) ;
#1450 = VECTOR ( 'NONE', #756, 1000.000000000000000 ) ;
#1451 = ORIENTED_EDGE ( 'NONE', *, *, #260, .T. ) ;
#1452 = CIRCLE ( 'NONE', #941, 9.599999999999997868 ) ;
#1453 = DIRECTION ( 'NONE',  ( -6.758410768120495470E-29, 1.000000000000000000, -1.249000902703301108E-16 ) ) ;
#1454 = EDGE_CURVE ( 'NONE', #1060, #1282, #506, .T. ) ;
#1455 = EDGE_LOOP ( 'NONE', ( #840, #1095, #184, #1128 ) ) ;
#1456 = DIRECTION ( 'NONE',  ( -5.411053549675415297E-13, -0.000000000000000000, -1.000000000000000000 ) ) ;
#1457 = VECTOR ( 'NONE', #688, 1000.000000000000000 ) ;
#1458 = AXIS2_PLACEMENT_3D ( 'NONE', #139, #1547, #1273 ) ;
#1459 = CARTESIAN_POINT ( 'NONE',  ( -24.40000000000588187, 161.8000000000000114, 39.00000000001209344 ) ) ;
#1460 = VERTEX_POINT ( 'NONE', #1280 ) ;
#1461 = EDGE_CURVE ( 'NONE', #1289, #1070, #1144, .T. ) ;
#1462 = CARTESIAN_POINT ( 'NONE',  ( -48.08697032434889707, 1.500000000000000666, 55.00000000002489742 ) ) ;
#1463 = VECTOR ( 'NONE', #1240, 1000.000000000000000 ) ;
#1464 = DIRECTION ( 'NONE',  ( 5.411053549675415297E-13, 0.000000000000000000, 1.000000000000000000 ) ) ;
#1465 = ORIENTED_EDGE ( 'NONE', *, *, #1032, .F. ) ;
#1466 = CARTESIAN_POINT ( 'NONE',  ( -28.91302967564549675, 6.214600241191306880E-17, 55.00000000001451639 ) ) ;
#1467 = ORIENTED_EDGE ( 'NONE', *, *, #698, .F. ) ;
#1468 = DIRECTION ( 'NONE',  ( -5.412337245047643183E-13, 0.000000000000000000, -1.000000000000000000 ) ) ;
#1469 =( LENGTH_UNIT ( ) NAMED_UNIT ( * ) SI_UNIT ( .MILLI., .METRE. ) );
#1470 = ORIENTED_EDGE ( 'NONE', *, *, #192, .F. ) ;
#1471 = ADVANCED_FACE ( 'NONE', ( #898 ), #19, .F. ) ;
#1472 = PLANE ( 'NONE',  #444 ) ;
#1473 = DIRECTION ( 'NONE',  ( -6.758410768120495470E-29, 1.000000000000000000, -1.249000902703301108E-16 ) ) ;
#1474 = ORIENTED_EDGE ( 'NONE', *, *, #1337, .T. ) ;
#1475 = FACE_OUTER_BOUND ( 'NONE', #794, .T. ) ;
#1476 =( NAMED_UNIT ( * ) SI_UNIT ( $, .STERADIAN. ) SOLID_ANGLE_UNIT ( ) );
#1477 = EDGE_LOOP ( 'NONE', ( #961, #886, #753, #34 ) ) ;
#1478 = DIRECTION ( 'NONE',  ( -1.000000000000000000, 0.000000000000000000, 5.411053549675415297E-13 ) ) ;
#1479 = ADVANCED_FACE ( 'NONE', ( #904 ), #1012, .F. ) ;
#1480 = DIRECTION ( 'NONE',  ( 0.000000000000000000, 1.000000000000000000, 0.000000000000000000 ) ) ;
#1481 = CARTESIAN_POINT ( 'NONE',  ( -48.08697032434889707, 6.245004513515943476E-17, 55.00000000002489742 ) ) ;
#1482 = VERTEX_POINT ( 'NONE', #1524 ) ;
#1483 = CARTESIAN_POINT ( 'NONE',  ( -51.99999999999883471, 0.000000000000000000, 52.00000000002700773 ) ) ;
#1484 = VECTOR ( 'NONE', #1193, 1000.000000000000000 ) ;
#1485 = LINE ( 'NONE', #472, #1381 ) ;
#1486 = DIRECTION ( 'NONE',  ( -5.411053549675415297E-13, 0.000000000000000000, -1.000000000000000000 ) ) ;
#1487 = ADVANCED_FACE ( 'NONE', ( #377 ), #1258, .F. ) ;
#1488 = PLANE ( 'NONE',  #335 ) ;
#1489 = ADVANCED_FACE ( 'NONE', ( #1572 ), #551, .F. ) ;
#1490 = CARTESIAN_POINT ( 'NONE',  ( 47.99999999999395328, 1.980391800961748343E-15, 38.65685424946532578 ) ) ;
#1491 = ORIENTED_EDGE ( 'NONE', *, *, #260, .F. ) ;
#1492 = PLANE ( 'NONE',  #234 ) ;
#1493 = PRESENTATION_STYLE_ASSIGNMENT (( #86 ) ) ;
#1494 = LINE ( 'NONE', #712, #311 ) ;
#1495 = LINE ( 'NONE', #439, #394 ) ;
#1496 = APPLICATION_CONTEXT ( 'automotive_design' ) ;
#1497 = CARTESIAN_POINT ( 'NONE',  ( 35.59999999999413944, 161.8000000000000114, 38.99999999997963585 ) ) ;
#1498 = CARTESIAN_POINT ( 'NONE',  ( 24.91302967565109938, 6.214600241191314276E-17, 54.99999999998539124 ) ) ;
#1499 = PRESENTATION_LAYER_ASSIGNMENT (  '', '', ( #274 ) ) ;
#1500 = VERTEX_POINT ( 'NONE', #153 ) ;
#1501 = EDGE_CURVE ( 'NONE', #632, #1423, #1299, .T. ) ;
#1502 = FACE_OUTER_BOUND ( 'NONE', #1415, .T. ) ;
#1503 = DIRECTION ( 'NONE',  ( -1.000000000000000000, 0.000000000000000000, 5.412337245047643183E-13 ) ) ;
#1504 = DIRECTION ( 'NONE',  ( -1.235411377550249001E-16, 1.000000000000000000, 6.684877119802669363E-29 ) ) ;
#1505 = ORIENTED_EDGE ( 'NONE', *, *, #1237, .F. ) ;
#1506 = DIRECTION ( 'NONE',  ( -0.000000000000000000, -1.000000000000000000, -0.000000000000000000 ) ) ;
#1507 = LINE ( 'NONE', #1383, #523 ) ;
#1508 = VERTEX_POINT ( 'NONE', #783 ) ;
#1509 = VERTEX_POINT ( 'NONE', #304 ) ;
#1510 = CARTESIAN_POINT ( 'NONE',  ( -9.600000000005866951, 161.8000000000000114, 39.00000000000409273 ) ) ;
#1511 = VECTOR ( 'NONE', #1335, 1000.000000000000000 ) ;
#1512 = FACE_OUTER_BOUND ( 'NONE', #1455, .T. ) ;
#1513 = EDGE_CURVE ( 'NONE', #253, #352, #289, .T. ) ;
#1514 = ORIENTED_EDGE ( 'NONE', *, *, #156, .F. ) ;
#1515 = FACE_OUTER_BOUND ( 'NONE', #281, .T. ) ;
#1516 = ORIENTED_EDGE ( 'NONE', *, *, #64, .F. ) ;
#1517 = CARTESIAN_POINT ( 'NONE',  ( 48.00000000000279954, -3.040427232463565263E-19, 54.99999999997290701 ) ) ;
#1518 = DIRECTION ( 'NONE',  ( -5.411053549675415297E-13, -0.000000000000000000, -1.000000000000000000 ) ) ;
#1519 = ORIENTED_EDGE ( 'NONE', *, *, #998, .T. ) ;
#1520 = VECTOR ( 'NONE', #616, 1000.000000000000000 ) ;
#1521 = ORIENTED_EDGE ( 'NONE', *, *, #1434, .T. ) ;
#1522 = DIRECTION ( 'NONE',  ( 0.000000000000000000, 1.000000000000000000, 0.000000000000000000 ) ) ;
#1523 = VECTOR ( 'NONE', #36, 1000.000000000000000 ) ;
#1524 = CARTESIAN_POINT ( 'NONE',  ( -38.49999999999389644, 170.0000000000000000, 61.10000000001972609 ) ) ;
#1525 = PRODUCT_DEFINITION_CONTEXT ( 'detailed design', #1414, 'design' ) ;
#1526 = EDGE_CURVE ( 'NONE', #1180, #1282, #933, .T. ) ;
#1527 = LINE ( 'NONE', #1004, #163 ) ;
#1528 = VECTOR ( 'NONE', #399, 1000.000000000000000 ) ;
#1529 = VERTEX_POINT ( 'NONE', #1197 ) ;
#1530 = ORIENTED_EDGE ( 'NONE', *, *, #536, .T. ) ;
#1531 = PLANE ( 'NONE',  #379 ) ;
#1532 = DIRECTION ( 'NONE',  ( 0.000000000000000000, 1.000000000000000000, 0.000000000000000000 ) ) ;
#1533 = PLANE ( 'NONE',  #938 ) ;
#1534 = EDGE_CURVE ( 'NONE', #1536, #575, #1182, .T. ) ;
#1535 = EDGE_CURVE ( 'NONE', #1358, #1529, #668, .T. ) ;
#1536 = VERTEX_POINT ( 'NONE', #1053 ) ;
#1537 = VERTEX_POINT ( 'NONE', #1557 ) ;
#1538 = DIRECTION ( 'NONE',  ( 5.411053549675415297E-13, 1.428595803745606684E-16, 1.000000000000000000 ) ) ;
#1539 = CARTESIAN_POINT ( 'NONE',  ( -28.91302967564549675, 6.214600241191306880E-17, 55.00000000001451639 ) ) ;
#1540 = VECTOR ( 'NONE', #582, 1000.000000000000000 ) ;
#1541 = CARTESIAN_POINT ( 'NONE',  ( -28.91302967564712034, 0.000000000000000000, 52.00000000001452349 ) ) ;
#1542 = AXIS2_PLACEMENT_3D ( 'NONE', #653, #1040, #1162 ) ;
#1543 = VECTOR ( 'NONE', #1088, 1000.000000000000000 ) ;
#1544 = ORIENTED_EDGE ( 'NONE', *, *, #606, .F. ) ;
#1545 = EDGE_CURVE ( 'NONE', #772, #1315, #1388, .T. ) ;
#1546 = DIRECTION ( 'NONE',  ( -5.413782847944287157E-13, -1.249000902703301354E-16, -1.000000000000000000 ) ) ;
#1547 = DIRECTION ( 'NONE',  ( 0.000000000000000000, 1.000000000000000000, 0.000000000000000000 ) ) ;
#1548 = CARTESIAN_POINT ( 'NONE',  ( 47.99999999999521805, 0.000000000000000000, 40.99999999997294964 ) ) ;
#1549 = ORIENTED_EDGE ( 'NONE', *, *, #536, .F. ) ;
#1550 = DIRECTION ( 'NONE',  ( -6.758410768120495470E-29, 1.000000000000000000, -1.249000902703301108E-16 ) ) ;
#1551 = ADVANCED_FACE ( 'NONE', ( #1431 ), #776, .F. ) ;
#1552 = CYLINDRICAL_SURFACE ( 'NONE', #692, 3.999999999999996447 ) ;
#1553 = DIRECTION ( 'NONE',  ( 8.986231569607282704E-17, -1.000000000000000000, -4.862498023292876534E-29 ) ) ;
#1554 = ORIENTED_EDGE ( 'NONE', *, *, #593, .T. ) ;
#1555 = CARTESIAN_POINT ( 'NONE',  ( -39.60000000000587050, 170.0000000000000000, 39.00000000002032152 ) ) ;
#1556 = ORIENTED_EDGE ( 'NONE', *, *, #252, .F. ) ;
#1557 = CARTESIAN_POINT ( 'NONE',  ( -48.99999999999283062, 3.000000000000003997, 63.00000000002543743 ) ) ;
#1558 = EDGE_CURVE ( 'NONE', #1350, #957, #1447, .T. ) ;
#1559 = CARTESIAN_POINT ( 'NONE',  ( -24.40000000000588187, 161.8000000000000114, 39.00000000001209344 ) ) ;
#1560 = EDGE_LOOP ( 'NONE', ( #560, #309, #322, #305 ) ) ;
#1561 = DIRECTION ( 'NONE',  ( 1.000000000000000000, 0.000000000000000000, -5.411053549675415297E-13 ) ) ;
#1562 = ORIENTED_EDGE ( 'NONE', *, *, #1545, .F. ) ;
#1563 = DIRECTION ( 'NONE',  ( 5.411053549675415297E-13, 0.000000000000000000, 1.000000000000000000 ) ) ;
#1564 = LINE ( 'NONE', #1292, #876 ) ;
#1565 = CARTESIAN_POINT ( 'NONE',  ( 43.99999999999305089, 170.0000000000000000, 36.99999999997508837 ) ) ;
#1566 = EDGE_CURVE ( 'NONE', #285, #717, #1564, .T. ) ;
#1567 = ORIENTED_EDGE ( 'NONE', *, *, #284, .T. ) ;
#1568 = DIRECTION ( 'NONE',  ( -5.411053549675415297E-13, 0.000000000000000000, -1.000000000000000000 ) ) ;
#1569 = ORIENTED_EDGE ( 'NONE', *, *, #354, .F. ) ;
#1570 = LINE ( 'NONE', #775, #1176 ) ;
#1571 = CARTESIAN_POINT ( 'NONE',  ( -38.49999999999908340, 3.000000000000001332, 51.50000000001975309 ) ) ;
#1572 = FACE_OUTER_BOUND ( 'NONE', #646, .T. ) ;
#1573 = EDGE_LOOP ( 'NONE', ( #1334, #1204, #38, #555, #1606 ) ) ;
#1574 = VECTOR ( 'NONE', #627, 1000.000000000000000 ) ;
#1575 = DIRECTION ( 'NONE',  ( 1.000000000000000000, 8.986231569607282704E-17, -5.411053549675415297E-13 ) ) ;
#1576 = EDGE_CURVE ( 'NONE', #70, #1007, #1206, .T. ) ;
#1577 = EDGE_LOOP ( 'NONE', ( #165, #47, #272, #641 ) ) ;
#1578 = DIRECTION ( 'NONE',  ( -5.411053549675415297E-13, 1.013475744154521634E-19, -1.000000000000000000 ) ) ;
#1579 = ADVANCED_FACE ( 'NONE', ( #543 ), #1552, .T. ) ;
#1580 = ORIENTED_EDGE ( 'NONE', *, *, #200, .T. ) ;
#1581 = LINE ( 'NONE', #1342, #649 ) ;
#1582 = DIRECTION ( 'NONE',  ( 0.000000000000000000, 1.000000000000000000, 0.000000000000000000 ) ) ;
#1583 = ORIENTED_EDGE ( 'NONE', *, *, #689, .T. ) ;
#1584 = ORIENTED_EDGE ( 'NONE', *, *, #1461, .T. ) ;
#1585 = CARTESIAN_POINT ( 'NONE',  ( -52.00000000000478195, 0.000000000000000000, 41.00000000002705747 ) ) ;
#1586 = PLANE ( 'NONE',  #1380 ) ;
#1587 = VECTOR ( 'NONE', #68, 1000.000000000000000 ) ;
#1588 = VECTOR ( 'NONE', #1236, 1000.000000000000000 ) ;
#1589 = FACE_OUTER_BOUND ( 'NONE', #151, .T. ) ;
#1590 = ORIENTED_EDGE ( 'NONE', *, *, #291, .F. ) ;
#1591 = DIRECTION ( 'NONE',  ( -5.413782847944287157E-13, -1.249000902703301354E-16, -1.000000000000000000 ) ) ;
#1592 = VECTOR ( 'NONE', #1362, 1000.000000000000000 ) ;
#1593 = VECTOR ( 'NONE', #290, 1000.000000000000000 ) ;
#1594 = ORIENTED_EDGE ( 'NONE', *, *, #1042, .F. ) ;
#1595 = LINE ( 'NONE', #966, #449 ) ;
#1596 = ORIENTED_EDGE ( 'NONE', *, *, #1534, .F. ) ;
#1597 = CARTESIAN_POINT ( 'NONE',  ( 24.91302967564947579, 6.245004513515949639E-17, 51.99999999998539124 ) ) ;
#1598 = VECTOR ( 'NONE', #465, 1000.000000000000000 ) ;
#1599 = CARTESIAN_POINT ( 'NONE',  ( -38.49999999999908340, 0.000000000000000000, 51.50000000001975309 ) ) ;
#1600 = LINE ( 'NONE', #580, #809 ) ;
#1601 = VECTOR ( 'NONE', #1404, 1000.000000000000000 ) ;
#1602 = AXIS2_PLACEMENT_3D ( 'NONE', #835, #1430, #805 ) ;
#1603 = EDGE_LOOP ( 'NONE', ( #907, #826, #1049, #1421 ) ) ;
#1604 = CARTESIAN_POINT ( 'NONE',  ( -24.40000000000588187, 161.8000000000000114, 39.00000000001209344 ) ) ;
#1605 = EDGE_CURVE ( 'NONE', #410, #235, #924, .T. ) ;
#1606 = ORIENTED_EDGE ( 'NONE', *, *, #1443, .T. ) ;
#1607 = FACE_OUTER_BOUND ( 'NONE', #194, .T. ) ;
#1608 = CARTESIAN_POINT ( 'NONE',  ( -50.49999999999720757, 1.500000000000000444, 55.00000000002620482 ) ) ;
#1609 = DIRECTION ( 'NONE',  ( 5.483971522917256794E-32, 1.000000000000000000, 1.013475744154521634E-19 ) ) ;
#1610 = VERTEX_POINT ( 'NONE', #1069 ) ;
#1611 = DIRECTION ( 'NONE',  ( 0.000000000000000000, 1.000000000000000000, 0.000000000000000000 ) ) ;
#1612 = VERTEX_POINT ( 'NONE', #297 ) ;
#1613 = EDGE_LOOP ( 'NONE', ( #195, #931 ) ) ;
#1614 = PLANE ( 'NONE',  #736 ) ;
#1615 = EDGE_CURVE ( 'NONE', #1235, #397, #1318, .T. ) ;
#1616 = CARTESIAN_POINT ( 'NONE',  ( 44.08697032435448904, 1.500000000000000000, 54.99999999997501732 ) ) ;
#1617 = PLANE ( 'NONE',  #544 ) ;
#1618 = VECTOR ( 'NONE', #296, 1000.000000000000000 ) ;
#1619 = ORIENTED_EDGE ( 'NONE', *, *, #1501, .T. ) ;
#1620 = DIRECTION ( 'NONE',  ( 0.000000000000000000, 1.000000000000000000, 0.000000000000000000 ) ) ;
#1621 = VECTOR ( 'NONE', #929, 1000.000000000000000 ) ;
#1622 = DIRECTION ( 'NONE',  ( 0.000000000000000000, 0.000000000000000000, 1.000000000000000000 ) ) ;
#1623 = VECTOR ( 'NONE', #1518, 1000.000000000000000 ) ;
#1624 = FACE_BOUND ( 'NONE', #76, .T. ) ;
#1625 = CARTESIAN_POINT ( 'NONE',  ( -9.600000000006513545, 170.0000000000000000, 37.80000000000409699 ) ) ;
#1626 = EDGE_CURVE ( 'NONE', #1442, #432, #559, .T. ) ;
#1627 = CARTESIAN_POINT ( 'NONE',  ( 44.08697032435286900, 1.500000000000000000, 51.99999999997501732 ) ) ;
#1628 = CARTESIAN_POINT ( 'NONE',  ( 43.99999999999305089, 3.999999999999999112, 36.99999999997510969 ) ) ;
#1629 = ORIENTED_EDGE ( 'NONE', *, *, #839, .T. ) ;
#1630 = PLANE ( 'NONE',  #1247 ) ;
#1631 = DIRECTION ( 'NONE',  ( 1.235411386100764861E-16, -1.000000000000000000, 1.235411386099427742E-16 ) ) ;
#1632 = CARTESIAN_POINT ( 'NONE',  ( -9.600000000006513545, 161.8000000000000114, 37.80000000000409699 ) ) ;
#1633 = EDGE_CURVE ( 'NONE', #1263, #1160, #434, .T. ) ;
#1634 = LINE ( 'NONE', #484, #80 ) ;
#1635 = DIRECTION ( 'NONE',  ( 5.411053549675415297E-13, 0.000000000000000000, 1.000000000000000000 ) ) ;
#1636 = VECTOR ( 'NONE', #1582, 1000.000000000000000 ) ;
#1637 = EDGE_LOOP ( 'NONE', ( #9, #387, #1467, #831, #704, #406, #362 ) ) ;
#1638 = DIRECTION ( 'NONE',  ( 5.411053549675415297E-13, 0.000000000000000000, 1.000000000000000000 ) ) ;
#1639 = CARTESIAN_POINT ( 'NONE',  ( -52.00000000000478195, 4.000000000000000000, 41.00000000002705747 ) ) ;
#1640 = CARTESIAN_POINT ( 'NONE',  ( 44.08697032435448904, 1.500000000000000000, 54.99999999997501732 ) ) ;
#1641 = DIRECTION ( 'NONE',  ( 5.411053549675415297E-13, -1.013475744154521754E-19, 1.000000000000000000 ) ) ;
#1642 = CARTESIAN_POINT ( 'NONE',  ( 5.599999999993484856, 170.0000000000000000, 37.79999999999586180 ) ) ;
#1643 = ORIENTED_EDGE ( 'NONE', *, *, #1011, .T. ) ;
#1644 = EDGE_LOOP ( 'NONE', ( #502, #952, #1505, #671 ) ) ;
#1645 = DIRECTION ( 'NONE',  ( 0.000000000000000000, 1.000000000000000000, 0.000000000000000000 ) ) ;
#1646 = EDGE_CURVE ( 'NONE', #70, #746, #1343, .T. ) ;
#1647 = FACE_OUTER_BOUND ( 'NONE', #462, .T. ) ;
#1648 = DIRECTION ( 'NONE',  ( 1.000000000000000000, 0.000000000000000000, -5.411053549675415297E-13 ) ) ;
#1649 = ORIENTED_EDGE ( 'NONE', *, *, #14, .F. ) ;
ENDSEC;
END-ISO-10303-21;
