ISO-10303-21;
HEADER;
FILE_DESCRIPTION (( 'STEP AP214' ),
    '1' );
FILE_NAME ('BASE 2.STEP',
    '2026-04-26T15:49:29',
    ( '' ),
    ( '' ),
    'SwSTEP 2.0',
    'SolidWorks 2022',
    '' );
FILE_SCHEMA (( 'AUTOMOTIVE_DESIGN' ));
ENDSEC;

DATA;
#1 = ORIENTED_EDGE ( 'NONE', *, *, #91, .F. ) ;
#2 = ORIENTED_EDGE ( 'NONE', *, *, #1057, .F. ) ;
#3 = DIRECTION ( 'NONE',  ( -1.235411377550934817E-16, 1.000000000000000000, -1.235411377549563185E-16 ) ) ;
#4 = CARTESIAN_POINT ( 'NONE',  ( -24.40000000000605596, 339.9999999999998863, 39.00000000001239897 ) ) ;
#5 = CARTESIAN_POINT ( 'NONE',  ( 20.49999999999339906, 170.0000000000000000, 37.99999999998750155 ) ) ;
#6 = EDGE_CURVE ( 'NONE', #540, #617, #1620, .T. ) ;
#7 = LINE ( 'NONE', #516, #1134 ) ;
#8 = EDGE_CURVE ( 'NONE', #425, #806, #500, .T. ) ;
#9 = VERTEX_POINT ( 'NONE', #717 ) ;
#10 = VECTOR ( 'NONE', #531, 1000.000000000000000 ) ;
#11 = VECTOR ( 'NONE', #367, 1000.000000000000000 ) ;
#12 = EDGE_LOOP ( 'NONE', ( #1316, #1455, #1218, #722 ) ) ;
#13 = AXIS2_PLACEMENT_3D ( 'NONE', #1405, #1518, #762 ) ;
#14 = CARTESIAN_POINT ( 'NONE',  ( 48.00000000000283507, 0.000000000000000000, 54.99999999997221067 ) ) ;
#15 = CARTESIAN_POINT ( 'NONE',  ( 5.499999999993399058, 170.0000000000000000, 37.99999999999582911 ) ) ;
#16 = DIRECTION ( 'NONE',  ( -1.000000000000000000, 0.000000000000000000, 5.551086211067849419E-13 ) ) ;
#17 = VERTEX_POINT ( 'NONE', #462 ) ;
#18 = EDGE_CURVE ( 'NONE', #617, #425, #1499, .T. ) ;
#19 = EDGE_LOOP ( 'NONE', ( #942, #533, #1229, #1255 ) ) ;
#20 = FACE_OUTER_BOUND ( 'NONE', #137, .T. ) ;
#21 = LINE ( 'NONE', #395, #1475 ) ;
#22 = PLANE ( 'NONE',  #1072 ) ;
#23 = VECTOR ( 'NONE', #686, 1000.000000000000000 ) ;
#24 = DIRECTION ( 'NONE',  ( 5.552242693385167627E-13, 0.000000000000000000, 1.000000000000000000 ) ) ;
#25 = ORIENTED_EDGE ( 'NONE', *, *, #1181, .T. ) ;
#26 = EDGE_CURVE ( 'NONE', #1480, #276, #986, .T. ) ;
#27 = ORIENTED_EDGE ( 'NONE', *, *, #1615, .F. ) ;
#28 = DIRECTION ( 'NONE',  ( -5.552242693385167627E-13, -1.249000902703301108E-16, -1.000000000000000000 ) ) ;
#29 = PRESENTATION_STYLE_ASSIGNMENT (( #1179 ) ) ;
#30 = DIRECTION ( 'NONE',  ( 0.000000000000000000, 1.000000000000000000, 0.000000000000000000 ) ) ;
#31 = CARTESIAN_POINT ( 'NONE',  ( -48.00000000000493827, 339.9999999999998863, 41.00000000002550138 ) ) ;
#32 = ORIENTED_EDGE ( 'NONE', *, *, #1490, .F. ) ;
#33 = VECTOR ( 'NONE', #416, 1000.000000000000000 ) ;
#34 = AXIS2_PLACEMENT_3D ( 'NONE', #611, #1127, #1645 ) ;
#35 = ORIENTED_EDGE ( 'NONE', *, *, #18, .T. ) ;
#36 = EDGE_CURVE ( 'NONE', #68, #1363, #845, .T. ) ;
#37 = FACE_BOUND ( 'NONE', #321, .T. ) ;
#38 = VECTOR ( 'NONE', #1459, 1000.000000000000000 ) ;
#39 = LINE ( 'NONE', #1058, #191 ) ;
#40 = EDGE_CURVE ( 'NONE', #742, #173, #739, .T. ) ;
#41 = ORIENTED_EDGE ( 'NONE', *, *, #1355, .F. ) ;
#42 = CARTESIAN_POINT ( 'NONE',  ( 35.59999999999327258, 331.7999999999998977, 37.79999999997908589 ) ) ;
#43 = VERTEX_POINT ( 'NONE', #1121 ) ;
#44 = FACE_OUTER_BOUND ( 'NONE', #1268, .T. ) ;
#45 = ADVANCED_FACE ( 'NONE', ( #480 ), #1509, .F. ) ;
#46 = DIRECTION ( 'NONE',  ( 5.551115123125783712E-13, 0.000000000000000000, 1.000000000000000000 ) ) ;
#47 = ORIENTED_EDGE ( 'NONE', *, *, #644, .F. ) ;
#48 = CARTESIAN_POINT ( 'NONE',  ( 35.59999999999394049, 331.7999999999998977, 38.99999999997908873 ) ) ;
#49 = ORIENTED_EDGE ( 'NONE', *, *, #579, .T. ) ;
#50 = DIRECTION ( 'NONE',  ( -5.552242693385167627E-13, 0.000000000000000000, -1.000000000000000000 ) ) ;
#51 = APPLICATION_CONTEXT ( 'automotive_design' ) ;
#52 = PLANE ( 'NONE',  #1535 ) ;
#53 = ADVANCED_FACE ( 'NONE', ( #1668 ), #1397, .T. ) ;
#54 = EDGE_LOOP ( 'NONE', ( #804, #519, #1007, #1603 ) ) ;
#55 = EDGE_CURVE ( 'NONE', #1539, #1480, #253, .T. ) ;
#56 = DIRECTION ( 'NONE',  ( -5.552242693385167627E-13, -0.000000000000000000, -1.000000000000000000 ) ) ;
#57 = VERTEX_POINT ( 'NONE', #129 ) ;
#58 = AXIS2_PLACEMENT_3D ( 'NONE', #315, #1605, #1318 ) ;
#59 = CARTESIAN_POINT ( 'NONE',  ( 48.00000000000283507, 170.0000000000000000, 54.99999999997221067 ) ) ;
#60 = CARTESIAN_POINT ( 'NONE',  ( -50.49999999999883471, 340.0000000000000000, 52.00000000002690115 ) ) ;
#61 = CIRCLE ( 'NONE', #1214, 9.599999999999997868 ) ;
#62 = CARTESIAN_POINT ( 'NONE',  ( 46.50000000000282796, 170.0000000000000000, 54.99999999997304201 ) ) ;
#63 = AXIS2_PLACEMENT_3D ( 'NONE', #1317, #830, #732 ) ;
#64 = DIRECTION ( 'NONE',  ( -7.931910613147255541E-29, 1.000000000000000000, -1.428595803745606684E-16 ) ) ;
#65 = ORIENTED_EDGE ( 'NONE', *, *, #705, .T. ) ;
#66 = LINE ( 'NONE', #1337, #1295 ) ;
#67 = EDGE_CURVE ( 'NONE', #1085, #1259, #1078, .T. ) ;
#68 = VERTEX_POINT ( 'NONE', #1462 ) ;
#69 = DIRECTION ( 'NONE',  ( 5.552242693385167627E-13, 0.000000000000000000, 1.000000000000000000 ) ) ;
#70 = FACE_OUTER_BOUND ( 'NONE', #295, .T. ) ;
#71 = CARTESIAN_POINT ( 'NONE',  ( 5.599999999993388045, 331.7999999999998977, 37.99999999999575095 ) ) ;
#72 = VERTEX_POINT ( 'NONE', #1445 ) ;
#73 = CARTESIAN_POINT ( 'NONE',  ( -48.99999999999883471, 339.9999999999998863, 52.00000000002606981 ) ) ;
#74 = DIRECTION ( 'NONE',  ( -5.627063295405038219E-32, -1.000000000000000000, -1.013475744154521634E-19 ) ) ;
#75 = ORIENTED_EDGE ( 'NONE', *, *, #26, .T. ) ;
#76 = DIRECTION ( 'NONE',  ( -1.000000000000000000, 0.000000000000000000, 5.552242693385167627E-13 ) ) ;
#77 = EDGE_CURVE ( 'NONE', #72, #1554, #1200, .T. ) ;
#78 = DIRECTION ( 'NONE',  ( 0.000000000000000000, 1.000000000000000000, 0.000000000000000000 ) ) ;
#79 = DIRECTION ( 'NONE',  ( -6.934756136065882237E-29, 1.000000000000000000, -1.249000902703301108E-16 ) ) ;
#80 = LINE ( 'NONE', #73, #435 ) ;
#81 = DIRECTION ( 'NONE',  ( 7.931910613147255541E-29, -1.000000000000000000, 1.428595803745606684E-16 ) ) ;
#82 = ORIENTED_EDGE ( 'NONE', *, *, #18, .F. ) ;
#83 = LINE ( 'NONE', #1623, #434 ) ;
#84 = LINE ( 'NONE', #1062, #1622 ) ;
#85 = ORIENTED_EDGE ( 'NONE', *, *, #350, .T. ) ;
#86 = CARTESIAN_POINT ( 'NONE',  ( -24.50000000000658673, 170.0000000000000000, 38.00000000001248424 ) ) ;
#87 = AXIS2_PLACEMENT_3D ( 'NONE', #1473, #556, #1570 ) ;
#88 = LINE ( 'NONE', #704, #410 ) ;
#89 = VECTOR ( 'NONE', #1047, 1000.000000000000000 ) ;
#90 = DIRECTION ( 'NONE',  ( 5.552242693385167627E-13, 0.000000000000000000, 1.000000000000000000 ) ) ;
#91 = EDGE_CURVE ( 'NONE', #1251, #1085, #822, .T. ) ;
#92 = CARTESIAN_POINT ( 'NONE',  ( 47.99999999998728839, 339.9999999999998863, 26.99999999997212541 ) ) ;
#93 = VECTOR ( 'NONE', #1150, 1000.000000000000000 ) ;
#94 = DIRECTION ( 'NONE',  ( -6.934756136065882237E-29, 1.000000000000000000, -1.249000902703301108E-16 ) ) ;
#95 = CIRCLE ( 'NONE', #327, 9.599999999999997868 ) ;
#96 = CARTESIAN_POINT ( 'NONE',  ( 47.99999999999506173, 170.0000000000000000, 40.99999999997222488 ) ) ;
#97 = ORIENTED_EDGE ( 'NONE', *, *, #267, .F. ) ;
#98 = ORIENTED_EDGE ( 'NONE', *, *, #77, .T. ) ;
#99 = DIRECTION ( 'NONE',  ( 5.552242693385167627E-13, 0.000000000000000000, 1.000000000000000000 ) ) ;
#100 = CARTESIAN_POINT ( 'NONE',  ( 5.499999999993954169, 162.0000000000000000, 38.99999999999582911 ) ) ;
#101 = PLANE ( 'NONE',  #565 ) ;
#102 = ADVANCED_FACE ( 'NONE', ( #809 ), #1221, .T. ) ;
#103 = ORIENTED_EDGE ( 'NONE', *, *, #892, .F. ) ;
#104 = DIRECTION ( 'NONE',  ( -1.000000000000000000, 0.000000000000000000, 5.551086211067849419E-13 ) ) ;
#105 = FACE_OUTER_BOUND ( 'NONE', #306, .T. ) ;
#106 = VERTEX_POINT ( 'NONE', #42 ) ;
#107 = ORIENTED_EDGE ( 'NONE', *, *, #77, .F. ) ;
#108 = DIRECTION ( 'NONE',  ( -5.551115123125783712E-13, -1.249000902703301354E-16, -1.000000000000000000 ) ) ;
#109 = LINE ( 'NONE', #1279, #1514 ) ;
#110 = DIRECTION ( 'NONE',  ( -6.934756136065882237E-29, 1.000000000000000000, -1.249000902703301108E-16 ) ) ;
#111 = ORIENTED_EDGE ( 'NONE', *, *, #300, .F. ) ;
#112 = DIRECTION ( 'NONE',  ( 5.552242693385167627E-13, 0.000000000000000000, 1.000000000000000000 ) ) ;
#113 = ORIENTED_EDGE ( 'NONE', *, *, #114, .F. ) ;
#114 = EDGE_CURVE ( 'NONE', #17, #575, #1095, .T. ) ;
#115 = ORIENTED_EDGE ( 'NONE', *, *, #1401, .F. ) ;
#116 = CARTESIAN_POINT ( 'NONE',  ( 34.50000000000621014, 1.199040866595168945E-15, 61.09999999997974385 ) ) ;
#117 = EDGE_CURVE ( 'NONE', #292, #1251, #312, .T. ) ;
#118 = CARTESIAN_POINT ( 'NONE',  ( -39.50000000000660094, 170.0000000000000000, 38.00000000002081180 ) ) ;
#119 = DIRECTION ( 'NONE',  ( -5.552242693385167627E-13, 0.000000000000000000, -1.000000000000000000 ) ) ;
#120 = ORIENTED_EDGE ( 'NONE', *, *, #1479, .F. ) ;
#121 = DIRECTION ( 'NONE',  ( -1.000000000000000000, 0.000000000000000000, 5.551115123125783712E-13 ) ) ;
#122 = ORIENTED_EDGE ( 'NONE', *, *, #616, .F. ) ;
#123 = AXIS2_PLACEMENT_3D ( 'NONE', #1248, #981, #1610 ) ;
#124 = EDGE_CURVE ( 'NONE', #262, #1568, #66, .T. ) ;
#125 = ORIENTED_EDGE ( 'NONE', *, *, #675, .T. ) ;
#126 = LINE ( 'NONE', #1309, #1664 ) ;
#127 = CARTESIAN_POINT ( 'NONE',  ( 48.00000000000283507, 169.9999999999999432, 54.99999999997221067 ) ) ;
#128 = CARTESIAN_POINT ( 'NONE',  ( -52.00000000000716227, 170.0000000000000000, 37.00000000002774669 ) ) ;
#129 = CARTESIAN_POINT ( 'NONE',  ( 34.50000000000621014, 339.9999976677415248, 61.09999999997970832 ) ) ;
#130 = ORIENTED_EDGE ( 'NONE', *, *, #442, .F. ) ;
#131 = ORIENTED_EDGE ( 'NONE', *, *, #67, .F. ) ;
#132 = EDGE_CURVE ( 'NONE', #1130, #955, #1323, .T. ) ;
#133 = CARTESIAN_POINT ( 'NONE',  ( -27.99999999999272404, 339.9999999999998863, 63.00000000001440270 ) ) ;
#134 = FACE_OUTER_BOUND ( 'NONE', #1390, .T. ) ;
#135 = CARTESIAN_POINT ( 'NONE',  ( -50.49999999999883471, 170.0000000000000000, 52.00000000002690115 ) ) ;
#136 = LINE ( 'NONE', #142, #560 ) ;
#137 = EDGE_LOOP ( 'NONE', ( #634, #1384, #1403, #289 ) ) ;
#138 = EDGE_LOOP ( 'NONE', ( #1635, #1183, #270, #775 ) ) ;
#139 =( LENGTH_UNIT ( ) NAMED_UNIT ( * ) SI_UNIT ( .MILLI., .METRE. ) );
#140 = LINE ( 'NONE', #15, #1614 ) ;
#141 = ADVANCED_FACE ( 'NONE', ( #678 ), #180, .F. ) ;
#142 = CARTESIAN_POINT ( 'NONE',  ( 5.599999999994054178, 331.7999999999998977, 39.19999999999575380 ) ) ;
#143 = VERTEX_POINT ( 'NONE', #187 ) ;
#144 = AXIS2_PLACEMENT_3D ( 'NONE', #352, #230, #108 ) ;
#145 = ORIENTED_EDGE ( 'NONE', *, *, #374, .T. ) ;
#146 = LINE ( 'NONE', #250, #1027 ) ;
#147 = PLANE ( 'NONE',  #1160 ) ;
#148 = LINE ( 'NONE', #260, #10 ) ;
#149 = EDGE_CURVE ( 'NONE', #894, #1159, #1217, .T. ) ;
#150 = ORIENTED_EDGE ( 'NONE', *, *, #819, .F. ) ;
#151 = VERTEX_POINT ( 'NONE', #1315 ) ;
#152 = DIRECTION ( 'NONE',  ( 5.552242693385167627E-13, 0.000000000000000000, 1.000000000000000000 ) ) ;
#153 = DIRECTION ( 'NONE',  ( 0.000000000000000000, -1.000000000000000000, -0.000000000000000000 ) ) ;
#154 = CARTESIAN_POINT ( 'NONE',  ( 45.00000000000726885, 339.9999976677415248, 62.99999999997388045 ) ) ;
#155 = ORIENTED_EDGE ( 'NONE', *, *, #1136, .F. ) ;
#156 = EDGE_CURVE ( 'NONE', #604, #746, #1576, .T. ) ;
#157 = ORIENTED_EDGE ( 'NONE', *, *, #862, .F. ) ;
#158 = PLANE ( 'NONE',  #841 ) ;
#159 = CARTESIAN_POINT ( 'NONE',  ( -51.99999999999884182, 0.000000000000000000, 52.00000000002773248 ) ) ;
#160 = CARTESIAN_POINT ( 'NONE',  ( 35.59999999999327258, 331.7999999999998977, 37.79999999997908589 ) ) ;
#161 = VERTEX_POINT ( 'NONE', #421 ) ;
#162 = CARTESIAN_POINT ( 'NONE',  ( 47.99999999999506173, 339.9999999999998863, 40.99999999997220357 ) ) ;
#163 = ORIENTED_EDGE ( 'NONE', *, *, #1574, .F. ) ;
#164 = VECTOR ( 'NONE', #429, 1000.000000000000000 ) ;
#165 = ADVANCED_FACE ( 'NONE', ( #1609 ), #933, .F. ) ;
#166 =( LENGTH_UNIT ( ) NAMED_UNIT ( * ) SI_UNIT ( .MILLI., .METRE. ) );
#167 = VECTOR ( 'NONE', #1617, 1000.000000000000000 ) ;
#168 = DIRECTION ( 'NONE',  ( -1.000000000000000000, 0.000000000000000000, 5.551086211067849419E-13 ) ) ;
#169 = ORIENTED_EDGE ( 'NONE', *, *, #1204, .F. ) ;
#170 = EDGE_LOOP ( 'NONE', ( #1546, #582, #861, #685 ) ) ;
#171 = AXIS2_PLACEMENT_3D ( 'NONE', #983, #1494, #587 ) ;
#172 = CARTESIAN_POINT ( 'NONE',  ( 47.99999999998728839, 340.0000000000000000, 26.99999999997212541 ) ) ;
#173 = VERTEX_POINT ( 'NONE', #1068 ) ;
#174 = CARTESIAN_POINT ( 'NONE',  ( -52.00000000001271871, 340.0000000000000000, 27.00000000002764722 ) ) ;
#175 = EDGE_CURVE ( 'NONE', #955, #17, #961, .T. ) ;
#176 = CARTESIAN_POINT ( 'NONE',  ( -27.99999999999272404, 339.9999999999998863, 63.00000000001440270 ) ) ;
#177 = VERTEX_POINT ( 'NONE', #1582 ) ;
#178 = EDGE_CURVE ( 'NONE', #276, #1338, #1353, .T. ) ;
#179 = EDGE_LOOP ( 'NONE', ( #1377, #1292, #1522, #332 ) ) ;
#180 = PLANE ( 'NONE',  #1237 ) ;
#181 = ORIENTED_EDGE ( 'NONE', *, *, #774, .T. ) ;
#182 = FACE_OUTER_BOUND ( 'NONE', #313, .T. ) ;
#183 = PLANE ( 'NONE',  #1474 ) ;
#184 = CARTESIAN_POINT ( 'NONE',  ( -27.99999999999272404, 339.9999999999998863, 63.00000000001440270 ) ) ;
#185 = EDGE_CURVE ( 'NONE', #9, #451, #320, .T. ) ;
#186 = ORIENTED_EDGE ( 'NONE', *, *, #231, .T. ) ;
#187 = CARTESIAN_POINT ( 'NONE',  ( -38.49999999999377565, 339.9999999999998863, 61.10000000002023768 ) ) ;
#188 = ORIENTED_EDGE ( 'NONE', *, *, #6, .T. ) ;
#189 = VECTOR ( 'NONE', #499, 1000.000000000000000 ) ;
#190 = CARTESIAN_POINT ( 'NONE',  ( -50.50000000005908163, 368.0000000000000000, -56.49999999997309885 ) ) ;
#191 = VECTOR ( 'NONE', #900, 1000.000000000000000 ) ;
#192 = VECTOR ( 'NONE', #1362, 1000.000000000000000 ) ;
#193 = PLANE ( 'NONE',  #1024 ) ;
#194 = CARTESIAN_POINT ( 'NONE',  ( -48.99999999999883471, 170.0000000000000000, 52.00000000002606981 ) ) ;
#195 = AXIS2_PLACEMENT_3D ( 'NONE', #1476, #1590, #569 ) ;
#196 = ORIENTED_EDGE ( 'NONE', *, *, #1594, .T. ) ;
#197 = EDGE_CURVE ( 'NONE', #262, #1130, #291, .T. ) ;
#198 = DIRECTION ( 'NONE',  ( 5.552242693385167627E-13, 0.000000000000000000, 1.000000000000000000 ) ) ;
#199 = DIRECTION ( 'NONE',  ( -1.000000000000000000, 0.000000000000000000, 5.551115123125777653E-13 ) ) ;
#200 = EDGE_LOOP ( 'NONE', ( #1643, #706, #1365, #285 ) ) ;
#201 = FACE_OUTER_BOUND ( 'NONE', #1039, .T. ) ;
#202 = LINE ( 'NONE', #834, #758 ) ;
#203 = CARTESIAN_POINT ( 'NONE',  ( -39.50000000000660094, 162.0000000000000000, 38.00000000002081180 ) ) ;
#204 = DIRECTION ( 'NONE',  ( -1.000000000000000000, 0.000000000000000000, 5.551115123125783712E-13 ) ) ;
#205 = SURFACE_STYLE_USAGE ( .BOTH. , #464 ) ;
#206 = VERTEX_POINT ( 'NONE', #814 ) ;
#207 = EDGE_CURVE ( 'NONE', #1415, #902, #1332, .T. ) ;
#208 = CARTESIAN_POINT ( 'NONE',  ( 35.49999999999395328, 170.0000000000000000, 38.99999999997916689 ) ) ;
#209 = CARTESIAN_POINT ( 'NONE',  ( 35.49999999999339906, 170.0000000000000000, 37.99999999997917399 ) ) ;
#210 = EDGE_CURVE ( 'NONE', #1264, #633, #1641, .T. ) ;
#211 = PLANE ( 'NONE',  #697 ) ;
#212 = ORIENTED_EDGE ( 'NONE', *, *, #1401, .T. ) ;
#213 = CARTESIAN_POINT ( 'NONE',  ( -38.49999999999910472, 170.0000000000000000, 51.50000000002025757 ) ) ;
#214 = ORIENTED_EDGE ( 'NONE', *, *, #848, .F. ) ;
#215 = ORIENTED_EDGE ( 'NONE', *, *, #185, .F. ) ;
#216 = EDGE_CURVE ( 'NONE', #614, #1260, #1189, .T. ) ;
#217 = CARTESIAN_POINT ( 'NONE',  ( -24.40000000000605596, 331.7999999999998977, 39.00000000001239897 ) ) ;
#218 = VECTOR ( 'NONE', #1311, 1000.000000000000000 ) ;
#219 = VECTOR ( 'NONE', #370, 1000.000000000000000 ) ;
#220 = FACE_BOUND ( 'NONE', #619, .T. ) ;
#221 = PLANE ( 'NONE',  #1341 ) ;
#222 = VECTOR ( 'NONE', #1016, 1000.000000000000000 ) ;
#223 = ORIENTED_EDGE ( 'NONE', *, *, #862, .T. ) ;
#224 = AXIS2_PLACEMENT_3D ( 'NONE', #258, #1028, #865 ) ;
#225 = ADVANCED_BREP_SHAPE_REPRESENTATION ( 'BASE 2', ( #1030, #917 ), #974 ) ;
#226 = DIRECTION ( 'NONE',  ( 0.000000000000000000, -1.000000000000000000, 0.000000000000000000 ) ) ;
#227 = APPLICATION_PROTOCOL_DEFINITION ( 'draft international standard', 'automotive_design', 1998, #1343 ) ;
#228 = ORIENTED_EDGE ( 'NONE', *, *, #648, .T. ) ;
#229 = VERTEX_POINT ( 'NONE', #1511 ) ;
#230 = DIRECTION ( 'NONE',  ( -6.934756136065882237E-29, 1.000000000000000000, -1.249000902703301108E-16 ) ) ;
#231 = EDGE_CURVE ( 'NONE', #161, #1275, #1257, .T. ) ;
#232 = DIRECTION ( 'NONE',  ( -0.000000000000000000, -1.000000000000000000, -0.000000000000000000 ) ) ;
#233 = LINE ( 'NONE', #985, #618 ) ;
#234 = EDGE_CURVE ( 'NONE', #1422, #161, #1481, .T. ) ;
#235 = ORIENTED_EDGE ( 'NONE', *, *, #316, .T. ) ;
#236 = CARTESIAN_POINT ( 'NONE',  ( 20.39999999999327684, 331.7999999999998977, 37.79999999998752713 ) ) ;
#237 = APPLICATION_PROTOCOL_DEFINITION ( 'draft international standard', 'automotive_design', 1998, #51 ) ;
#238 = ORIENTED_EDGE ( 'NONE', *, *, #874, .T. ) ;
#239 = PRODUCT_RELATED_PRODUCT_CATEGORY ( 'part', '', ( #605 ) ) ;
#240 = ORIENTED_EDGE ( 'NONE', *, *, #988, .F. ) ;
#241 = CARTESIAN_POINT ( 'NONE',  ( -9.600000000005943335, 339.9999999999998863, 39.20000000000418794 ) ) ;
#242 = CARTESIAN_POINT ( 'NONE',  ( 5.599999999993388045, 339.9999999999998863, 37.99999999999575095 ) ) ;
#243 = DIRECTION ( 'NONE',  ( -5.552242693385167627E-13, 0.000000000000000000, -1.000000000000000000 ) ) ;
#244 = FACE_OUTER_BOUND ( 'NONE', #1371, .T. ) ;
#245 = ORIENTED_EDGE ( 'NONE', *, *, #419, .T. ) ;
#246 = ADVANCED_FACE ( 'NONE', ( #1383 ), #837, .T. ) ;
#247 = LINE ( 'NONE', #1236, #943 ) ;
#248 = EDGE_LOOP ( 'NONE', ( #1001, #495, #1137, #398 ) ) ;
#249 = VERTEX_POINT ( 'NONE', #1650 ) ;
#250 = CARTESIAN_POINT ( 'NONE',  ( -9.500000000006044942, 170.0000000000000000, 39.00000000000415668 ) ) ;
#251 = DIRECTION ( 'NONE',  ( -0.000000000000000000, -1.000000000000000000, -0.000000000000000000 ) ) ;
#252 = FACE_OUTER_BOUND ( 'NONE', #1333, .T. ) ;
#253 = LINE ( 'NONE', #1274, #93 ) ;
#254 = ADVANCED_FACE ( 'NONE', ( #360 ), #1266, .F. ) ;
#255 = EDGE_LOOP ( 'NONE', ( #1461, #369, #510, #111 ) ) ;
#256 = ORIENTED_EDGE ( 'NONE', *, *, #526, .F. ) ;
#257 = LINE ( 'NONE', #896, #89 ) ;
#258 = CARTESIAN_POINT ( 'NONE',  ( -24.40000000000672031, 331.7999999999998977, 37.80000000001240323 ) ) ;
#259 = DIRECTION ( 'NONE',  ( 1.000000000000000000, 0.000000000000000000, -5.552242693385167627E-13 ) ) ;
#260 = CARTESIAN_POINT ( 'NONE',  ( -52.00000000000716227, 339.9999999999998863, 37.00000000002771827 ) ) ;
#261 = ORIENTED_EDGE ( 'NONE', *, *, #675, .F. ) ;
#262 = VERTEX_POINT ( 'NONE', #96 ) ;
#263 = CARTESIAN_POINT ( 'NONE',  ( -38.50000000000443379, 339.9999999999998863, 41.90000000002024194 ) ) ;
#264 = EDGE_CURVE ( 'NONE', #1094, #894, #723, .T. ) ;
#265 = FACE_OUTER_BOUND ( 'NONE', #1447, .T. ) ;
#266 = DIRECTION ( 'NONE',  ( -1.000000000000000000, 0.000000000000000000, 5.552242693385167627E-13 ) ) ;
#267 = EDGE_CURVE ( 'NONE', #425, #1489, #1633, .T. ) ;
#268 = CARTESIAN_POINT ( 'NONE',  ( 5.499999999993954169, 162.0000000000000000, 38.99999999999582911 ) ) ;
#269 = EDGE_LOOP ( 'NONE', ( #1440, #438, #893, #1393 ) ) ;
#270 = ORIENTED_EDGE ( 'NONE', *, *, #272, .F. ) ;
#271 = DIRECTION ( 'NONE',  ( -6.934756136065882237E-29, 1.000000000000000000, -1.249000902703301108E-16 ) ) ;
#272 = EDGE_CURVE ( 'NONE', #909, #990, #1247, .T. ) ;
#273 = PLANE ( 'NONE',  #1265 ) ;
#274 = DIRECTION ( 'NONE',  ( -1.235411386100096301E-16, 1.000000000000000000, 6.859303841799101733E-29 ) ) ;
#275 = VECTOR ( 'NONE', #1044, 1000.000000000000000 ) ;
#276 = VERTEX_POINT ( 'NONE', #876 ) ;
#277 = ORIENTED_EDGE ( 'NONE', *, *, #1598, .F. ) ;
#278 = DIRECTION ( 'NONE',  ( 5.552242693385167627E-13, 0.000000000000000000, 1.000000000000000000 ) ) ;
#279 = FACE_OUTER_BOUND ( 'NONE', #883, .T. ) ;
#280 = LINE ( 'NONE', #1420, #218 ) ;
#281 = DIRECTION ( 'NONE',  ( -1.000000000000000000, 0.000000000000000000, 5.552242693385167627E-13 ) ) ;
#282 = EDGE_CURVE ( 'NONE', #960, #625, #868, .T. ) ;
#283 = VERTEX_POINT ( 'NONE', #472 ) ;
#284 = VECTOR ( 'NONE', #28, 1000.000000000000000 ) ;
#285 = ORIENTED_EDGE ( 'NONE', *, *, #781, .F. ) ;
#286 = DIRECTION ( 'NONE',  ( 5.552242693385167627E-13, 0.000000000000000000, 1.000000000000000000 ) ) ;
#287 = LINE ( 'NONE', #390, #484 ) ;
#288 = CARTESIAN_POINT ( 'NONE',  ( 5.599999999994054178, 339.9999999999998863, 39.19999999999575380 ) ) ;
#289 = ORIENTED_EDGE ( 'NONE', *, *, #637, .F. ) ;
#290 = EDGE_CURVE ( 'NONE', #1568, #575, #1008, .T. ) ;
#291 = LINE ( 'NONE', #162, #1164 ) ;
#292 = VERTEX_POINT ( 'NONE', #626 ) ;
#293 = PLANE ( 'NONE',  #784 ) ;
#294 = LINE ( 'NONE', #302, #33 ) ;
#295 = EDGE_LOOP ( 'NONE', ( #1336, #849, #235, #196 ) ) ;
#296 = VECTOR ( 'NONE', #396, 1000.000000000000000 ) ;
#297 = EDGE_CURVE ( 'NONE', #894, #1094, #807, .T. ) ;
#298 = CARTESIAN_POINT ( 'NONE',  ( 35.49999999999339906, 162.0000000000000000, 37.99999999997917399 ) ) ;
#299 = ORIENTED_EDGE ( 'NONE', *, *, #851, .T. ) ;
#300 = EDGE_CURVE ( 'NONE', #548, #1513, #710, .T. ) ;
#301 = AXIS2_PLACEMENT_3D ( 'NONE', #331, #1196, #199 ) ;
#302 = CARTESIAN_POINT ( 'NONE',  ( -9.600000000006609469, 331.7999999999998977, 38.00000000000419931 ) ) ;
#303 = CARTESIAN_POINT ( 'NONE',  ( 46.50000000000116529, 1.500000000000000222, 51.99999999997304201 ) ) ;
#304 = EDGE_LOOP ( 'NONE', ( #1471, #107, #810, #103, #696, #720, #791, #399, #555, #337, #1177, #821, #870, #1144, #665, #359, #415, #1220 ) ) ;
#305 = DIRECTION ( 'NONE',  ( -7.931910613147255541E-29, 1.000000000000000000, -1.428595803745606684E-16 ) ) ;
#306 = EDGE_LOOP ( 'NONE', ( #223, #978, #277, #1142 ) ) ;
#307 = LINE ( 'NONE', #59, #1092 ) ;
#308 = CARTESIAN_POINT ( 'NONE',  ( 20.49999999999395328, 162.0000000000000000, 38.99999999998749445 ) ) ;
#309 = LINE ( 'NONE', #317, #1297 ) ;
#310 = LINE ( 'NONE', #581, #622 ) ;
#311 = ORIENTED_EDGE ( 'NONE', *, *, #393, .T. ) ;
#312 = LINE ( 'NONE', #1602, #1344 ) ;
#313 = EDGE_LOOP ( 'NONE', ( #908, #2, #729, #1425 ) ) ;
#314 = LINE ( 'NONE', #1484, #1572 ) ;
#315 = CARTESIAN_POINT ( 'NONE',  ( 34.50000000000088107, 339.9999976677415248, 51.49999999997970690 ) ) ;
#316 = EDGE_CURVE ( 'NONE', #604, #1382, #247, .T. ) ;
#317 = CARTESIAN_POINT ( 'NONE',  ( 35.59999999999327258, 331.7999999999998977, 37.79999999997908589 ) ) ;
#318 = PLANE ( 'NONE',  #1051 ) ;
#319 = ORIENTED_EDGE ( 'NONE', *, *, #175, .T. ) ;
#320 = LINE ( 'NONE', #969, #829 ) ;
#321 = EDGE_LOOP ( 'NONE', ( #1151, #532, #885, #1536 ) ) ;
#322 = AXIS2_PLACEMENT_3D ( 'NONE', #460, #1360, #412 ) ;
#323 = AXIS2_PLACEMENT_3D ( 'NONE', #459, #1655, #975 ) ;
#324 = AXIS2_PLACEMENT_3D ( 'NONE', #1391, #1521, #204 ) ;
#325 = FACE_BOUND ( 'NONE', #734, .T. ) ;
#326 = DIRECTION ( 'NONE',  ( -5.552242693385167627E-13, 0.000000000000000000, -1.000000000000000000 ) ) ;
#327 = AXIS2_PLACEMENT_3D ( 'NONE', #1505, #232, #612 ) ;
#328 = VERTEX_POINT ( 'NONE', #597 ) ;
#329 = EDGE_CURVE ( 'NONE', #68, #106, #501, .T. ) ;
#330 = DIRECTION ( 'NONE',  ( -0.000000000000000000, -1.000000000000000000, -0.000000000000000000 ) ) ;
#331 = CARTESIAN_POINT ( 'NONE',  ( 43.99999999999505462, 339.9999999999998863, 40.99999999997442757 ) ) ;
#332 = ORIENTED_EDGE ( 'NONE', *, *, #1185, .F. ) ;
#333 = FACE_OUTER_BOUND ( 'NONE', #447, .T. ) ;
#334 = CARTESIAN_POINT ( 'NONE',  ( 34.49999999999555200, 170.0000000000000000, 41.89999999997973390 ) ) ;
#335 = PLANE ( 'NONE',  #1216 ) ;
#336 = CARTESIAN_POINT ( 'NONE',  ( -50.49999999999717204, 340.0000000000000000, 55.00000000002689404 ) ) ;
#337 = ORIENTED_EDGE ( 'NONE', *, *, #1545, .F. ) ;
#338 = CARTESIAN_POINT ( 'NONE',  ( -52.00000000000549960, 339.9999999999998863, 40.00000000002771827 ) ) ;
#339 = PLANE ( 'NONE',  #123 ) ;
#340 = ADVANCED_FACE ( 'NONE', ( #1660 ), #1114, .F. ) ;
#341 = ORIENTED_EDGE ( 'NONE', *, *, #1136, .T. ) ;
#342 = ORIENTED_EDGE ( 'NONE', *, *, #114, .T. ) ;
#343 = DIRECTION ( 'NONE',  ( -1.000000000000000000, 0.000000000000000000, 5.552242693385167627E-13 ) ) ;
#344 = CARTESIAN_POINT ( 'NONE',  ( 20.39999999999327684, 331.7999999999998977, 37.79999999998752713 ) ) ;
#345 = CARTESIAN_POINT ( 'NONE',  ( -50.49999999999717204, 1.500000000000000444, 55.00000000002689404 ) ) ;
#346 = CARTESIAN_POINT ( 'NONE',  ( -48.99999999999273115, 339.9999999999998863, 63.00000000002606271 ) ) ;
#347 = DIRECTION ( 'NONE',  ( -1.000000000000000000, 0.000000000000000000, 5.552242693385167627E-13 ) ) ;
#348 = LINE ( 'NONE', #608, #890 ) ;
#349 = ORIENTED_EDGE ( 'NONE', *, *, #1666, .F. ) ;
#350 = EDGE_CURVE ( 'NONE', #177, #151, #83, .T. ) ;
#351 = ORIENTED_EDGE ( 'NONE', *, *, #1243, .T. ) ;
#352 = CARTESIAN_POINT ( 'NONE',  ( -38.49999999999910472, 0.000000000000000000, 51.50000000002027889 ) ) ;
#353 = MECHANICAL_DESIGN_GEOMETRIC_PRESENTATION_REPRESENTATION (  '', ( #1561 ), #430 ) ;
#354 = EDGE_CURVE ( 'NONE', #376, #368, #1093, .T. ) ;
#355 = VECTOR ( 'NONE', #731, 1000.000000000000000 ) ;
#356 = LINE ( 'NONE', #636, #674 ) ;
#357 = DIRECTION ( 'NONE',  ( 0.000000000000000000, 1.000000000000000000, 0.000000000000000000 ) ) ;
#358 = VECTOR ( 'NONE', #835, 1000.000000000000000 ) ;
#359 = ORIENTED_EDGE ( 'NONE', *, *, #1346, .F. ) ;
#360 = FACE_OUTER_BOUND ( 'NONE', #628, .T. ) ;
#361 = ORIENTED_EDGE ( 'NONE', *, *, #579, .F. ) ;
#362 = VERTEX_POINT ( 'NONE', #701 ) ;
#363 = LINE ( 'NONE', #116, #1584 ) ;
#364 = CARTESIAN_POINT ( 'NONE',  ( -48.99999999999270273, 170.0000000000000000, 63.00000000002609113 ) ) ;
#365 = DIRECTION ( 'NONE',  ( -5.552242693385167627E-13, -0.000000000000000000, -1.000000000000000000 ) ) ;
#366 = EDGE_LOOP ( 'NONE', ( #1322, #1161, #596, #877 ) ) ;
#367 = DIRECTION ( 'NONE',  ( 1.000000000000000000, -0.000000000000000000, -5.553383958829889263E-13 ) ) ;
#368 = VERTEX_POINT ( 'NONE', #1460 ) ;
#369 = ORIENTED_EDGE ( 'NONE', *, *, #1286, .F. ) ;
#370 = DIRECTION ( 'NONE',  ( -6.934756136065882237E-29, 1.000000000000000000, -1.249000902703301108E-16 ) ) ;
#371 = AXIS2_PLACEMENT_3D ( 'NONE', #948, #1208, #1456 ) ;
#372 = DIRECTION ( 'NONE',  ( -1.000000000000000000, 0.000000000000000000, 5.552242693385167627E-13 ) ) ;
#373 = DIRECTION ( 'NONE',  ( -1.000000000000000000, 0.000000000000000000, 5.552242693385167627E-13 ) ) ;
#374 = EDGE_CURVE ( 'NONE', #1338, #328, #1211, .T. ) ;
#375 = DIRECTION ( 'NONE',  ( -6.934756136065882237E-29, 1.000000000000000000, -1.249000902703301108E-16 ) ) ;
#376 = VERTEX_POINT ( 'NONE', #1467 ) ;
#377 = VERTEX_POINT ( 'NONE', #1477 ) ;
#378 = DIRECTION ( 'NONE',  ( -1.000000000000000000, 0.000000000000000000, 5.552242693385167627E-13 ) ) ;
#379 = AXIS2_PLACEMENT_3D ( 'NONE', #1173, #763, #1543 ) ;
#380 = DIRECTION ( 'NONE',  ( 0.000000000000000000, 1.000000000000000000, 0.000000000000000000 ) ) ;
#381 = AXIS2_PLACEMENT_3D ( 'NONE', #646, #544, #1174 ) ;
#382 = DIRECTION ( 'NONE',  ( 1.000000000000000000, -0.000000000000000000, -5.553383958829889263E-13 ) ) ;
#383 = VECTOR ( 'NONE', #74, 1000.000000000000000 ) ;
#384 = ORIENTED_EDGE ( 'NONE', *, *, #1314, .T. ) ;
#385 = EDGE_CURVE ( 'NONE', #72, #1113, #310, .T. ) ;
#386 = EDGE_LOOP ( 'NONE', ( #926, #1011, #1577, #351 ) ) ;
#387 = DIRECTION ( 'NONE',  ( 1.235411386100782117E-16, -1.000000000000000000, 1.235411386099410485E-16 ) ) ;
#388 = DIRECTION ( 'NONE',  ( 5.552242693385167627E-13, 0.000000000000000000, 1.000000000000000000 ) ) ;
#389 = VECTOR ( 'NONE', #466, 1000.000000000000000 ) ;
#390 = CARTESIAN_POINT ( 'NONE',  ( -51.99999999999717204, 0.000000000000000000, 55.00000000002772538 ) ) ;
#391 = DIRECTION ( 'NONE',  ( 1.000000000000000000, -0.000000000000000000, -5.553383958829889263E-13 ) ) ;
#392 = ORIENTED_EDGE ( 'NONE', *, *, #816, .F. ) ;
#393 = EDGE_CURVE ( 'NONE', #9, #474, #1580, .T. ) ;
#394 = ORIENTED_EDGE ( 'NONE', *, *, #264, .T. ) ;
#395 = CARTESIAN_POINT ( 'NONE',  ( 5.599999999994054178, 331.7999999999998977, 39.19999999999575380 ) ) ;
#396 = DIRECTION ( 'NONE',  ( 1.000000000000000000, 0.000000000000000000, -5.551086211067849419E-13 ) ) ;
#397 = LINE ( 'NONE', #154, #275 ) ;
#398 = ORIENTED_EDGE ( 'NONE', *, *, #36, .T. ) ;
#399 = ORIENTED_EDGE ( 'NONE', *, *, #799, .F. ) ;
#400 = LINE ( 'NONE', #1178, #284 ) ;
#401 = CARTESIAN_POINT ( 'NONE',  ( -52.00000000000549960, 339.9999999999998863, 40.00000000002771827 ) ) ;
#402 = ADVANCED_FACE ( 'NONE', ( #1064 ), #318, .F. ) ;
#403 = CARTESIAN_POINT ( 'NONE',  ( -39.50000000000660094, 162.0000000000000000, 38.00000000002081180 ) ) ;
#404 = LINE ( 'NONE', #1407, #1508 ) ;
#405 = VECTOR ( 'NONE', #1167, 1000.000000000000000 ) ;
#406 = ADVANCED_FACE ( 'NONE', ( #1084 ), #930, .F. ) ;
#407 = EDGE_LOOP ( 'NONE', ( #994, #1601, #553, #1432 ) ) ;
#408 = VECTOR ( 'NONE', #446, 1000.000000000000000 ) ;
#409 = ORIENTED_EDGE ( 'NONE', *, *, #1346, .T. ) ;
#410 = VECTOR ( 'NONE', #453, 1000.000000000000000 ) ;
#411 = PLANE ( 'NONE',  #887 ) ;
#412 = DIRECTION ( 'NONE',  ( -1.000000000000000000, 0.000000000000000000, 5.551086211067849419E-13 ) ) ;
#413 = EDGE_CURVE ( 'NONE', #1045, #143, #61, .T. ) ;
#414 = VERTEX_POINT ( 'NONE', #551 ) ;
#415 = ORIENTED_EDGE ( 'NONE', *, *, #1314, .F. ) ;
#416 = DIRECTION ( 'NONE',  ( -6.934756136065882237E-29, 1.000000000000000000, -1.249000902703301108E-16 ) ) ;
#417 = ORIENTED_EDGE ( 'NONE', *, *, #297, .F. ) ;
#418 = DIRECTION ( 'NONE',  ( 5.552242693385167627E-13, 1.428595803745606684E-16, 1.000000000000000000 ) ) ;
#419 = EDGE_CURVE ( 'NONE', #1010, #482, #1330, .T. ) ;
#420 = ORIENTED_EDGE ( 'NONE', *, *, #1466, .F. ) ;
#421 = CARTESIAN_POINT ( 'NONE',  ( 20.39999999999326974, 339.9999999999998863, 37.79999999998752713 ) ) ;
#422 = EDGE_LOOP ( 'NONE', ( #1583, #570, #673, #502 ) ) ;
#423 = CARTESIAN_POINT ( 'NONE',  ( 20.49999999999339906, 162.0000000000000000, 37.99999999998750155 ) ) ;
#424 = CARTESIAN_POINT ( 'NONE',  ( -24.40000000000672031, 331.7999999999998977, 37.80000000001240323 ) ) ;
#425 = VERTEX_POINT ( 'NONE', #1102 ) ;
#426 = CARTESIAN_POINT ( 'NONE',  ( -9.500000000006044942, 162.0000000000000000, 39.00000000000415668 ) ) ;
#427 = EDGE_LOOP ( 'NONE', ( #238, #1345 ) ) ;
#428 = AXIS2_PLACEMENT_3D ( 'NONE', #654, #1050, #259 ) ;
#429 = DIRECTION ( 'NONE',  ( 0.000000000000000000, 1.000000000000000000, 0.000000000000000000 ) ) ;
#430 =( GEOMETRIC_REPRESENTATION_CONTEXT ( 3 ) GLOBAL_UNCERTAINTY_ASSIGNED_CONTEXT ( ( #653 ) ) GLOBAL_UNIT_ASSIGNED_CONTEXT ( ( #139, #1394, #1147 ) ) REPRESENTATION_CONTEXT ( 'NONE', 'WORKASPACE' ) );
#431 = EDGE_CURVE ( 'NONE', #1513, #1282, #479, .T. ) ;
#432 = ORIENTED_EDGE ( 'NONE', *, *, #475, .F. ) ;
#433 = CYLINDRICAL_SURFACE ( 'NONE', #371, 4.000000000000003553 ) ;
#434 = VECTOR ( 'NONE', #1592, 1000.000000000000000 ) ;
#435 = VECTOR ( 'NONE', #941, 1000.000000000000000 ) ;
#436 = FACE_OUTER_BOUND ( 'NONE', #918, .T. ) ;
#437 = LINE ( 'NONE', #184, #1495 ) ;
#438 = ORIENTED_EDGE ( 'NONE', *, *, #1556, .T. ) ;
#439 = DIRECTION ( 'NONE',  ( 5.553383958829889263E-13, 1.249000902703301108E-16, 1.000000000000000000 ) ) ;
#440 = ORIENTED_EDGE ( 'NONE', *, *, #1547, .F. ) ;
#441 = PLANE ( 'NONE',  #1329 ) ;
#442 = EDGE_CURVE ( 'NONE', #1539, #1662, #716, .T. ) ;
#443 = DIRECTION ( 'NONE',  ( -5.552242693385167627E-13, 0.000000000000000000, -1.000000000000000000 ) ) ;
#444 = CARTESIAN_POINT ( 'NONE',  ( -50.50000000005908163, 340.0000000000000000, -56.49999999997309885 ) ) ;
#445 = ORIENTED_EDGE ( 'NONE', *, *, #1243, .F. ) ;
#446 = DIRECTION ( 'NONE',  ( -6.934756136065882237E-29, 1.000000000000000000, -1.249000902703301108E-16 ) ) ;
#447 = EDGE_LOOP ( 'NONE', ( #1328, #711, #215, #311 ) ) ;
#448 = CARTESIAN_POINT ( 'NONE',  ( -9.500000000006600942, 162.0000000000000000, 38.00000000000415668 ) ) ;
#449 = FACE_BOUND ( 'NONE', #255, .T. ) ;
#450 = ADVANCED_FACE ( 'NONE', ( #1507 ), #977, .F. ) ;
#451 = VERTEX_POINT ( 'NONE', #1233 ) ;
#452 = CARTESIAN_POINT ( 'NONE',  ( -51.99999999999884182, 340.0000000000000000, 52.00000000002773248 ) ) ;
#453 = DIRECTION ( 'NONE',  ( -5.552242693385167627E-13, -0.000000000000000000, -1.000000000000000000 ) ) ;
#454 = VERTEX_POINT ( 'NONE', #866 ) ;
#455 = VECTOR ( 'NONE', #380, 1000.000000000000000 ) ;
#456 = LINE ( 'NONE', #956, #23 ) ;
#457 = VECTOR ( 'NONE', #1366, 1000.000000000000000 ) ;
#458 = AXIS2_PLACEMENT_3D ( 'NONE', #740, #226, #855 ) ;
#459 = CARTESIAN_POINT ( 'NONE',  ( 34.50000000000088107, 339.9999976677415248, 51.49999999997970690 ) ) ;
#460 = CARTESIAN_POINT ( 'NONE',  ( -9.500000000006044942, 162.0000000000000000, 39.00000000000415668 ) ) ;
#461 = ADVANCED_FACE ( 'NONE', ( #244 ), #211, .T. ) ;
#462 = CARTESIAN_POINT ( 'NONE',  ( 46.50000000000282796, 340.0000000000000000, 54.99999999997304201 ) ) ;
#463 = CARTESIAN_POINT ( 'NONE',  ( -27.99999999999272404, 339.9999999999998863, 63.00000000001440270 ) ) ;
#464 = SURFACE_SIDE_STYLE ('',( #549 ) ) ;
#465 = ORIENTED_EDGE ( 'NONE', *, *, #413, .T. ) ;
#466 = DIRECTION ( 'NONE',  ( 1.000000000000000000, 0.000000000000000000, -5.552242693385167627E-13 ) ) ;
#467 = FACE_OUTER_BOUND ( 'NONE', #269, .T. ) ;
#468 = FACE_BOUND ( 'NONE', #1239, .T. ) ;
#469 = DIRECTION ( 'NONE',  ( 5.552242693385167627E-13, 0.000000000000000000, 1.000000000000000000 ) ) ;
#470 = DIRECTION ( 'NONE',  ( -5.552242693385167627E-13, -0.000000000000000000, -1.000000000000000000 ) ) ;
#471 = ADVANCED_FACE ( 'NONE', ( #1263 ), #101, .F. ) ;
#472 = CARTESIAN_POINT ( 'NONE',  ( 24.00000000000726885, 339.9999976677415248, 62.99999999998554046 ) ) ;
#473 =( NAMED_UNIT ( * ) SI_UNIT ( $, .STERADIAN. ) SOLID_ANGLE_UNIT ( ) );
#474 = VERTEX_POINT ( 'NONE', #1369 ) ;
#475 = EDGE_CURVE ( 'NONE', #1503, #1192, #603, .T. ) ;
#476 = ORIENTED_EDGE ( 'NONE', *, *, #442, .T. ) ;
#477 = DIRECTION ( 'NONE',  ( 1.000000000000000000, 0.000000000000000000, -5.551086211067849419E-13 ) ) ;
#478 = DIRECTION ( 'NONE',  ( 0.000000000000000000, 1.000000000000000000, 0.000000000000000000 ) ) ;
#479 = LINE ( 'NONE', #1618, #783 ) ;
#480 = FACE_OUTER_BOUND ( 'NONE', #600, .T. ) ;
#481 = CARTESIAN_POINT ( 'NONE',  ( -24.50000000000658673, 162.0000000000000000, 38.00000000001248424 ) ) ;
#482 = VERTEX_POINT ( 'NONE', #336 ) ;
#483 = EDGE_CURVE ( 'NONE', #362, #960, #844, .T. ) ;
#484 = VECTOR ( 'NONE', #153, 1000.000000000000000 ) ;
#485 = ORIENTED_EDGE ( 'NONE', *, *, #535, .T. ) ;
#486 = CARTESIAN_POINT ( 'NONE',  ( 48.00000000000283507, -3.040427232463565263E-19, 54.99999999997221067 ) ) ;
#487 = VECTOR ( 'NONE', #1485, 1000.000000000000000 ) ;
#488 = VECTOR ( 'NONE', #1143, 1000.000000000000000 ) ;
#489 = CARTESIAN_POINT ( 'NONE',  ( 20.39999999999394475, 331.7999999999998977, 38.99999999998752287 ) ) ;
#490 = CARTESIAN_POINT ( 'NONE',  ( -51.99999999999884182, 340.0000000000000000, 52.00000000002773248 ) ) ;
#491 = AXIS2_PLACEMENT_3D ( 'NONE', #1443, #805, #1321 ) ;
#492 = VERTEX_POINT ( 'NONE', #1015 ) ;
#493 = DIRECTION ( 'NONE',  ( -6.934756136065882237E-29, 1.000000000000000000, -1.249000902703301108E-16 ) ) ;
#494 = VERTEX_POINT ( 'NONE', #1111 ) ;
#495 = ORIENTED_EDGE ( 'NONE', *, *, #1417, .F. ) ;
#496 = ADVANCED_FACE ( 'NONE', ( #252 ), #221, .F. ) ;
#497 = LINE ( 'NONE', #601, #487 ) ;
#498 = PLANE ( 'NONE',  #224 ) ;
#499 = DIRECTION ( 'NONE',  ( 5.552242693385167627E-13, 0.000000000000000000, 1.000000000000000000 ) ) ;
#500 = LINE ( 'NONE', #1246, #222 ) ;
#501 = LINE ( 'NONE', #980, #488 ) ;
#502 = ORIENTED_EDGE ( 'NONE', *, *, #1457, .T. ) ;
#503 = VECTOR ( 'NONE', #1195, 1000.000000000000000 ) ;
#504 = EDGE_LOOP ( 'NONE', ( #1654, #1023, #1066, #349 ) ) ;
#505 = DIRECTION ( 'NONE',  ( 1.000000000000000000, 0.000000000000000000, -5.552242693385167627E-13 ) ) ;
#506 = CARTESIAN_POINT ( 'NONE',  ( -48.99999999999273115, 339.9999999999998863, 63.00000000002606271 ) ) ;
#507 = DIRECTION ( 'NONE',  ( 0.000000000000000000, 1.000000000000000000, 0.000000000000000000 ) ) ;
#508 = EDGE_CURVE ( 'NONE', #1415, #792, #233, .T. ) ;
#509 = DIRECTION ( 'NONE',  ( -5.551115123125783712E-13, -1.249000902703301354E-16, -1.000000000000000000 ) ) ;
#510 = ORIENTED_EDGE ( 'NONE', *, *, #431, .F. ) ;
#511 = ORIENTED_EDGE ( 'NONE', *, *, #518, .T. ) ;
#512 = CARTESIAN_POINT ( 'NONE',  ( -51.99999999999717204, 170.0000000000000000, 55.00000000002772538 ) ) ;
#513 = CARTESIAN_POINT ( 'NONE',  ( -48.00000000000716227, 339.9999999999998863, 37.00000000002550848 ) ) ;
#514 = VECTOR ( 'NONE', #1012, 1000.000000000000000 ) ;
#515 = LINE ( 'NONE', #1667, #691 ) ;
#516 = CARTESIAN_POINT ( 'NONE',  ( 35.59999999999394049, 331.7999999999998977, 38.99999999997908873 ) ) ;
#517 = VECTOR ( 'NONE', #547, 1000.000000000000000 ) ;
#518 = EDGE_CURVE ( 'NONE', #1085, #206, #993, .T. ) ;
#519 = ORIENTED_EDGE ( 'NONE', *, *, #705, .F. ) ;
#520 = ORIENTED_EDGE ( 'NONE', *, *, #1307, .F. ) ;
#521 = PLANE ( 'NONE',  #1235 ) ;
#522 = FACE_OUTER_BOUND ( 'NONE', #1017, .T. ) ;
#523 = PLANE ( 'NONE',  #1537 ) ;
#524 = EDGE_CURVE ( 'NONE', #746, #869, #1639, .T. ) ;
#525 = ORIENTED_EDGE ( 'NONE', *, *, #1125, .F. ) ;
#526 = EDGE_CURVE ( 'NONE', #815, #43, #737, .T. ) ;
#527 = ORIENTED_EDGE ( 'NONE', *, *, #207, .T. ) ;
#528 = DIRECTION ( 'NONE',  ( -6.934756136065882237E-29, 1.000000000000000000, -1.249000902703301108E-16 ) ) ;
#529 = FACE_OUTER_BOUND ( 'NONE', #170, .T. ) ;
#530 = EDGE_CURVE ( 'NONE', #368, #1201, #1129, .T. ) ;
#531 = DIRECTION ( 'NONE',  ( 1.000000000000000000, -0.000000000000000000, -5.552242693385167627E-13 ) ) ;
#532 = ORIENTED_EDGE ( 'NONE', *, *, #1298, .F. ) ;
#533 = ORIENTED_EDGE ( 'NONE', *, *, #957, .T. ) ;
#534 = CARTESIAN_POINT ( 'NONE',  ( 35.59999999999327258, 331.7999999999998977, 37.79999999997908589 ) ) ;
#535 = EDGE_CURVE ( 'NONE', #625, #1611, #1647, .T. ) ;
#536 = CARTESIAN_POINT ( 'NONE',  ( -39.50000000000660094, 162.0000000000000000, 38.00000000002081180 ) ) ;
#537 = VECTOR ( 'NONE', #1412, 1000.000000000000000 ) ;
#538 = VECTOR ( 'NONE', #620, 1000.000000000000000 ) ;
#539 = ORIENTED_EDGE ( 'NONE', *, *, #1632, .T. ) ;
#540 = VERTEX_POINT ( 'NONE', #1396 ) ;
#541 = DIRECTION ( 'NONE',  ( -5.553383958829889263E-13, -1.249000902703301108E-16, -1.000000000000000000 ) ) ;
#542 = ADVANCED_FACE ( 'NONE', ( #756 ), #1273, .F. ) ;
#543 = DIRECTION ( 'NONE',  ( -1.000000000000000000, -1.235411386100096301E-16, 5.552242693385167627E-13 ) ) ;
#544 = DIRECTION ( 'NONE',  ( -6.934756136065882237E-29, 1.000000000000000000, -1.249000902703301108E-16 ) ) ;
#545 = ORIENTED_EDGE ( 'NONE', *, *, #282, .F. ) ;
#546 = AXIS2_PLACEMENT_3D ( 'NONE', #712, #840, #50 ) ;
#547 = DIRECTION ( 'NONE',  ( 0.000000000000000000, 1.000000000000000000, 0.000000000000000000 ) ) ;
#548 = VERTEX_POINT ( 'NONE', #643 ) ;
#549 = SURFACE_STYLE_FILL_AREA ( #1470 ) ;
#550 = DIRECTION ( 'NONE',  ( 1.000000000000000000, 0.000000000000000000, -5.552242693385167627E-13 ) ) ;
#551 = CARTESIAN_POINT ( 'NONE',  ( -39.60000000000673026, 339.9999999999998863, 37.80000000002083738 ) ) ;
#552 = ADVANCED_FACE ( 'NONE', ( #529 ), #273, .T. ) ;
#553 = ORIENTED_EDGE ( 'NONE', *, *, #874, .F. ) ;
#554 = DIRECTION ( 'NONE',  ( 1.000000000000000000, 0.000000000000000000, -5.551086211067849419E-13 ) ) ;
#555 = ORIENTED_EDGE ( 'NONE', *, *, #1307, .T. ) ;
#556 = DIRECTION ( 'NONE',  ( 6.934756136065882237E-29, -1.000000000000000000, 1.249000902703301108E-16 ) ) ;
#557 = VECTOR ( 'NONE', #30, 1000.000000000000000 ) ;
#558 = ORIENTED_EDGE ( 'NONE', *, *, #1551, .T. ) ;
#559 = ADVANCED_FACE ( 'NONE', ( #1029 ), #147, .T. ) ;
#560 = VECTOR ( 'NONE', #382, 1000.000000000000000 ) ;
#561 = DIRECTION ( 'NONE',  ( 5.551086211067849419E-13, 0.000000000000000000, 1.000000000000000000 ) ) ;
#562 = VECTOR ( 'NONE', #1348, 1000.000000000000000 ) ;
#563 = ORIENTED_EDGE ( 'NONE', *, *, #1204, .T. ) ;
#564 = DIRECTION ( 'NONE',  ( -1.000000000000000000, 0.000000000000000000, 5.552242693385167627E-13 ) ) ;
#565 = AXIS2_PLACEMENT_3D ( 'NONE', #1006, #745, #110 ) ;
#566 = UNCERTAINTY_MEASURE_WITH_UNIT (LENGTH_MEASURE( 1.000000000000000082E-05 ), #166, 'distance_accuracy_value', 'NONE');
#567 = VECTOR ( 'NONE', #992, 1000.000000000000000 ) ;
#568 = FACE_OUTER_BOUND ( 'NONE', #577, .T. ) ;
#569 = DIRECTION ( 'NONE',  ( 6.934756136065882237E-29, -1.000000000000000000, 1.249000902703301108E-16 ) ) ;
#570 = ORIENTED_EDGE ( 'NONE', *, *, #393, .F. ) ;
#571 = CARTESIAN_POINT ( 'NONE',  ( 34.49999999999555200, -1.199040866595168945E-15, 41.89999999997975522 ) ) ;
#572 = EDGE_LOOP ( 'NONE', ( #1559, #1515, #27, #765 ) ) ;
#573 = EDGE_CURVE ( 'NONE', #1399, #377, #280, .T. ) ;
#574 = LINE ( 'NONE', #708, #514 ) ;
#575 = VERTEX_POINT ( 'NONE', #913 ) ;
#576 = CARTESIAN_POINT ( 'NONE',  ( 20.49999999999339906, 162.0000000000000000, 37.99999999998750155 ) ) ;
#577 = EDGE_LOOP ( 'NONE', ( #130, #1375, #75, #525 ) ) ;
#578 = DIRECTION ( 'NONE',  ( 5.552242693385167627E-13, 0.000000000000000000, 1.000000000000000000 ) ) ;
#579 = EDGE_CURVE ( 'NONE', #617, #1241, #1155, .T. ) ;
#580 = DIRECTION ( 'NONE',  ( 5.552242693385167627E-13, 0.000000000000000000, 1.000000000000000000 ) ) ;
#581 = CARTESIAN_POINT ( 'NONE',  ( -52.00000000000549960, 170.0000000000000000, 40.00000000002774669 ) ) ;
#582 = ORIENTED_EDGE ( 'NONE', *, *, #1034, .T. ) ;
#583 = DIRECTION ( 'NONE',  ( 1.235411377550249001E-16, -1.000000000000000000, -6.859303794328274387E-29 ) ) ;
#584 =( NAMED_UNIT ( * ) PLANE_ANGLE_UNIT ( ) SI_UNIT ( $, .RADIAN. ) );
#585 = ORIENTED_EDGE ( 'NONE', *, *, #329, .T. ) ;
#586 = AXIS2_PLACEMENT_3D ( 'NONE', #1340, #1588, #168 ) ;
#587 = DIRECTION ( 'NONE',  ( -5.552242693385167627E-13, 0.000000000000000000, -1.000000000000000000 ) ) ;
#588 = VECTOR ( 'NONE', #907, 1000.000000000000000 ) ;
#589 = VECTOR ( 'NONE', #554, 1000.000000000000000 ) ;
#590 = PLANE ( 'NONE',  #621 ) ;
#591 = VECTOR ( 'NONE', #1128, 1000.000000000000000 ) ;
#592 = ADVANCED_FACE ( 'NONE', ( #522 ), #772, .T. ) ;
#593 = DIRECTION ( 'NONE',  ( 1.000000000000000000, 0.000000000000000000, -5.552242693385167627E-13 ) ) ;
#594 = DIRECTION ( 'NONE',  ( -5.552242693385167627E-13, -0.000000000000000000, -1.000000000000000000 ) ) ;
#595 = EDGE_CURVE ( 'NONE', #492, #161, #794, .T. ) ;
#596 = ORIENTED_EDGE ( 'NONE', *, *, #1176, .F. ) ;
#597 = CARTESIAN_POINT ( 'NONE',  ( 46.50000000000116529, 170.0000000000000000, 51.99999999997304201 ) ) ;
#598 = CARTESIAN_POINT ( 'NONE',  ( -51.99999999999717204, 340.0000000000000000, 55.00000000002772538 ) ) ;
#599 = ORIENTED_EDGE ( 'NONE', *, *, #374, .F. ) ;
#600 = EDGE_LOOP ( 'NONE', ( #150, #394, #609, #1076 ) ) ;
#601 = CARTESIAN_POINT ( 'NONE',  ( -27.99999999999269562, 170.0000000000000000, 63.00000000001440270 ) ) ;
#602 = LINE ( 'NONE', #1013, #1240 ) ;
#603 = LINE ( 'NONE', #1487, #1651 ) ;
#604 = VERTEX_POINT ( 'NONE', #135 ) ;
#605 = PRODUCT ( 'BASE 2', 'BASE 2', '', ( #1169 ) ) ;
#606 = EDGE_CURVE ( 'NONE', #362, #414, #661, .T. ) ;
#607 = CARTESIAN_POINT ( 'NONE',  ( -24.40000000000605596, 331.7999999999998977, 39.00000000001239897 ) ) ;
#608 = CARTESIAN_POINT ( 'NONE',  ( -38.50000000000443379, -1.199040866595168945E-15, 41.90000000002028457 ) ) ;
#609 = ORIENTED_EDGE ( 'NONE', *, *, #149, .T. ) ;
#610 = ORIENTED_EDGE ( 'NONE', *, *, #210, .T. ) ;
#611 = CARTESIAN_POINT ( 'NONE',  ( -48.00000000000493827, 170.0000000000000000, 41.00000000002552980 ) ) ;
#612 = DIRECTION ( 'NONE',  ( -1.000000000000000000, 0.000000000000000000, 5.551115123125783712E-13 ) ) ;
#613 = CARTESIAN_POINT ( 'NONE',  ( 45.00000000000726885, 339.9999976677415248, 62.99999999997388045 ) ) ;
#614 = VERTEX_POINT ( 'NONE', #1557 ) ;
#615 = DIRECTION ( 'NONE',  ( -1.000000000000000000, 0.000000000000000000, 5.553383958829889263E-13 ) ) ;
#616 = EDGE_CURVE ( 'NONE', #1568, #955, #515, .T. ) ;
#617 = VERTEX_POINT ( 'NONE', #536 ) ;
#618 = VECTOR ( 'NONE', #1658, 1000.000000000000000 ) ;
#619 = EDGE_LOOP ( 'NONE', ( #465, #181 ) ) ;
#620 = DIRECTION ( 'NONE',  ( -1.000000000000000000, 0.000000000000000000, 5.551086211067849419E-13 ) ) ;
#621 = AXIS2_PLACEMENT_3D ( 'NONE', #1110, #1118, #477 ) ;
#622 = VECTOR ( 'NONE', #820, 1000.000000000000000 ) ;
#623 = CARTESIAN_POINT ( 'NONE',  ( -9.600000000006609469, 339.9999999999998863, 38.00000000000419931 ) ) ;
#624 = DIRECTION ( 'NONE',  ( -6.934756136065882237E-29, 1.000000000000000000, -1.249000902703301108E-16 ) ) ;
#625 = VERTEX_POINT ( 'NONE', #1149 ) ;
#626 = CARTESIAN_POINT ( 'NONE',  ( 20.49999999999395328, 162.0000000000000000, 38.99999999998749445 ) ) ;
#627 = ORIENTED_EDGE ( 'NONE', *, *, #988, .T. ) ;
#628 = EDGE_LOOP ( 'NONE', ( #1636, #1331, #1054, #953 ) ) ;
#629 = EDGE_CURVE ( 'NONE', #1662, #283, #1165, .T. ) ;
#630 = PLANE ( 'NONE',  #832 ) ;
#631 = CARTESIAN_POINT ( 'NONE',  ( 23.99999999999452527, 339.9999999999998863, 39.99999999998553335 ) ) ;
#632 = CARTESIAN_POINT ( 'NONE',  ( 34.50000000000088107, 0.000000000000000000, 51.49999999997974953 ) ) ;
#633 = VERTEX_POINT ( 'NONE', #631 ) ;
#634 = ORIENTED_EDGE ( 'NONE', *, *, #1278, .F. ) ;
#635 = DIRECTION ( 'NONE',  ( -7.931910613147255541E-29, 1.000000000000000000, -1.428595803745606684E-16 ) ) ;
#636 = CARTESIAN_POINT ( 'NONE',  ( -24.50000000000603251, 162.0000000000000000, 39.00000000001248424 ) ) ;
#637 = EDGE_CURVE ( 'NONE', #1631, #1035, #287, .T. ) ;
#638 = DIRECTION ( 'NONE',  ( -5.552242693385167627E-13, -0.000000000000000000, -1.000000000000000000 ) ) ;
#639 = CARTESIAN_POINT ( 'NONE',  ( 5.499999999993399058, 162.0000000000000000, 37.99999999999582911 ) ) ;
#640 = ORIENTED_EDGE ( 'NONE', *, *, #216, .F. ) ;
#641 = ORIENTED_EDGE ( 'NONE', *, *, #882, .T. ) ;
#642 = CARTESIAN_POINT ( 'NONE',  ( -39.60000000000606235, 331.7999999999998977, 39.00000000002084022 ) ) ;
#643 = CARTESIAN_POINT ( 'NONE',  ( -39.60000000000606235, 339.9999999999998863, 39.00000000002084022 ) ) ;
#644 = EDGE_CURVE ( 'NONE', #1251, #454, #1020, .T. ) ;
#645 = CIRCLE ( 'NONE', #1291, 4.000000000000003553 ) ;
#646 = CARTESIAN_POINT ( 'NONE',  ( -38.49999999999910472, 0.000000000000000000, 51.50000000002027889 ) ) ;
#647 = AXIS2_PLACEMENT_3D ( 'NONE', #747, #330, #718 ) ;
#648 = EDGE_CURVE ( 'NONE', #990, #454, #1287, .T. ) ;
#649 = CIRCLE ( 'NONE', #301, 4.000000000000003553 ) ;
#650 = ORIENTED_EDGE ( 'NONE', *, *, #483, .T. ) ;
#651 = ORIENTED_EDGE ( 'NONE', *, *, #1335, .T. ) ;
#652 = CARTESIAN_POINT ( 'NONE',  ( 46.50000000000282796, 1.500000000000000222, 54.99999999997304201 ) ) ;
#653 = UNCERTAINTY_MEASURE_WITH_UNIT (LENGTH_MEASURE( 1.000000000000000082E-05 ), #139, 'distance_accuracy_value', 'NONE');
#654 = CARTESIAN_POINT ( 'NONE',  ( 48.00000000000116529, 162.0000000000000000, 51.99999999997221067 ) ) ;
#655 = CARTESIAN_POINT ( 'NONE',  ( 20.49999999999395328, 162.0000000000000000, 38.99999999998749445 ) ) ;
#656 = ORIENTED_EDGE ( 'NONE', *, *, #300, .T. ) ;
#657 = ADVANCED_FACE ( 'NONE', ( #889 ), #1406, .T. ) ;
#658 = ORIENTED_EDGE ( 'NONE', *, *, #1215, .F. ) ;
#659 = CARTESIAN_POINT ( 'NONE',  ( -39.60000000000606235, 331.7999999999998977, 39.00000000002084022 ) ) ;
#660 = DIRECTION ( 'NONE',  ( -1.000000000000000000, 0.000000000000000000, 5.551086211067849419E-13 ) ) ;
#661 = LINE ( 'NONE', #788, #537 ) ;
#662 = PLANE ( 'NONE',  #1372 ) ;
#663 = ORIENTED_EDGE ( 'NONE', *, *, #1250, .T. ) ;
#664 = EDGE_CURVE ( 'NONE', #151, #229, #140, .T. ) ;
#665 = ORIENTED_EDGE ( 'NONE', *, *, #290, .T. ) ;
#666 = CARTESIAN_POINT ( 'NONE',  ( 45.00000000000726885, 339.9999976677415248, 62.99999999997388045 ) ) ;
#667 = VECTOR ( 'NONE', #1450, 1000.000000000000000 ) ;
#668 = DIRECTION ( 'NONE',  ( -1.000000000000000000, 0.000000000000000000, 5.553383958829889263E-13 ) ) ;
#669 = VECTOR ( 'NONE', #387, 1000.000000000000000 ) ;
#670 = ORIENTED_EDGE ( 'NONE', *, *, #483, .F. ) ;
#671 = AXIS2_PLACEMENT_3D ( 'NONE', #48, #439, #1595 ) ;
#672 = CARTESIAN_POINT ( 'NONE',  ( 24.00000000000729017, 170.0000000000000000, 62.99999999998554046 ) ) ;
#673 = ORIENTED_EDGE ( 'NONE', *, *, #713, .F. ) ;
#674 = VECTOR ( 'NONE', #897, 1000.000000000000000 ) ;
#675 = EDGE_CURVE ( 'NONE', #451, #494, #1550, .T. ) ;
#676 = FACE_OUTER_BOUND ( 'NONE', #1271, .T. ) ;
#677 = EDGE_LOOP ( 'NONE', ( #925, #361, #1184, #827 ) ) ;
#678 = FACE_OUTER_BOUND ( 'NONE', #1226, .T. ) ;
#679 = ORIENTED_EDGE ( 'NONE', *, *, #1574, .T. ) ;
#680 = CARTESIAN_POINT ( 'NONE',  ( -38.49999999999377565, 170.0000000000000000, 61.10000000002025899 ) ) ;
#681 = DIRECTION ( 'NONE',  ( -5.552242693385167627E-13, 0.000000000000000000, -1.000000000000000000 ) ) ;
#682 = ADVANCED_FACE ( 'NONE', ( #1296 ), #22, .F. ) ;
#683 = ORIENTED_EDGE ( 'NONE', *, *, #1615, .T. ) ;
#684 = DIRECTION ( 'NONE',  ( -1.000000000000000000, 0.000000000000000000, 5.552242693385167627E-13 ) ) ;
#685 = ORIENTED_EDGE ( 'NONE', *, *, #979, .T. ) ;
#686 = DIRECTION ( 'NONE',  ( -1.000000000000000000, 0.000000000000000000, 5.552242693385167627E-13 ) ) ;
#687 = CARTESIAN_POINT ( 'NONE',  ( 5.599999999993388045, 339.9999999999998863, 37.99999999999575095 ) ) ;
#688 = DIRECTION ( 'NONE',  ( -5.552242693385167627E-13, -1.249000902703301108E-16, -1.000000000000000000 ) ) ;
#689 = CARTESIAN_POINT ( 'NONE',  ( -52.00000000000716227, 339.9999999999998863, 37.00000000002772538 ) ) ;
#690 = ADVANCED_FACE ( 'NONE', ( #1188 ), #193, .F. ) ;
#691 = VECTOR ( 'NONE', #922, 1000.000000000000000 ) ;
#692 = ORIENTED_EDGE ( 'NONE', *, *, #1040, .T. ) ;
#693 = ADVANCED_FACE ( 'NONE', ( #44 ), #817, .F. ) ;
#694 = DIRECTION ( 'NONE',  ( 5.552242693385167627E-13, 1.235411386100096055E-16, 1.000000000000000000 ) ) ;
#695 = AXIS2_PLACEMENT_3D ( 'NONE', #1022, #881, #757 ) ;
#696 = ORIENTED_EDGE ( 'NONE', *, *, #803, .T. ) ;
#697 = AXIS2_PLACEMENT_3D ( 'NONE', #92, #852, #119 ) ;
#698 = VECTOR ( 'NONE', #1342, 1000.000000000000000 ) ;
#699 = FACE_BOUND ( 'NONE', #138, .T. ) ;
#700 = DIRECTION ( 'NONE',  ( 5.552242693385167627E-13, 0.000000000000000000, 1.000000000000000000 ) ) ;
#701 = CARTESIAN_POINT ( 'NONE',  ( -39.60000000000673026, 331.7999999999998977, 37.80000000002083738 ) ) ;
#702 = EDGE_LOOP ( 'NONE', ( #440, #32, #831, #214 ) ) ;
#703 = DIRECTION ( 'NONE',  ( 1.000000000000000000, 0.000000000000000000, -5.551086211067849419E-13 ) ) ;
#704 = CARTESIAN_POINT ( 'NONE',  ( 5.599999999993388045, 331.7999999999998977, 37.99999999999575095 ) ) ;
#705 = EDGE_CURVE ( 'NONE', #902, #1080, #294, .T. ) ;
#706 = ORIENTED_EDGE ( 'NONE', *, *, #1040, .F. ) ;
#707 = CARTESIAN_POINT ( 'NONE',  ( -28.00000000000549250, 339.9999999999998863, 40.00000000001440270 ) ) ;
#708 = CARTESIAN_POINT ( 'NONE',  ( -50.50000000005908163, 170.0000000000000000, -56.49999999997309885 ) ) ;
#709 = CARTESIAN_POINT ( 'NONE',  ( 45.00000000000116529, 339.9999999999998863, 51.99999999997387334 ) ) ;
#710 = LINE ( 'NONE', #987, #11 ) ;
#711 = ORIENTED_EDGE ( 'NONE', *, *, #1551, .F. ) ;
#712 = CARTESIAN_POINT ( 'NONE',  ( -9.500000000006600942, 162.0000000000000000, 38.00000000000415668 ) ) ;
#713 = EDGE_CURVE ( 'NONE', #1152, #9, #1090, .T. ) ;
#714 = FACE_OUTER_BOUND ( 'NONE', #1468, .T. ) ;
#715 = PLANE ( 'NONE',  #195 ) ;
#716 = LINE ( 'NONE', #613, #1512 ) ;
#717 = CARTESIAN_POINT ( 'NONE',  ( -9.500000000006044942, 162.0000000000000000, 39.00000000000415668 ) ) ;
#718 = DIRECTION ( 'NONE',  ( -1.000000000000000000, 0.000000000000000000, 5.551115123125783712E-13 ) ) ;
#719 = PRESENTATION_STYLE_ASSIGNMENT (( #205 ) ) ;
#720 = ORIENTED_EDGE ( 'NONE', *, *, #957, .F. ) ;
#721 = VECTOR ( 'NONE', #271, 1000.000000000000000 ) ;
#722 = ORIENTED_EDGE ( 'NONE', *, *, #156, .T. ) ;
#723 = CIRCLE ( 'NONE', #647, 9.599999999999997868 ) ;
#724 = CARTESIAN_POINT ( 'NONE',  ( 5.599999999993388045, 339.9999999999998863, 37.99999999999575095 ) ) ;
#725 = PRODUCT_DEFINITION_FORMATION_WITH_SPECIFIED_SOURCE ( 'ANY', '', #605, .NOT_KNOWN. ) ;
#726 = FACE_BOUND ( 'NONE', #427, .T. ) ;
#727 = ADVANCED_FACE ( 'NONE', ( #37, #325, #1458, #1219, #825, #699 ), #964, .F. ) ;
#728 = CARTESIAN_POINT ( 'NONE',  ( 34.50000000000088107, 0.000000000000000000, 51.49999999997974953 ) ) ;
#729 = ORIENTED_EDGE ( 'NONE', *, *, #518, .F. ) ;
#730 = PRODUCT_DEFINITION ( 'UNKNOWN', '', #725, #1532 ) ;
#731 = DIRECTION ( 'NONE',  ( 5.552242693385167627E-13, 0.000000000000000000, 1.000000000000000000 ) ) ;
#732 = DIRECTION ( 'NONE',  ( -5.552242693385167627E-13, 0.000000000000000000, -1.000000000000000000 ) ) ;
#733 = ORIENTED_EDGE ( 'NONE', *, *, #1527, .T. ) ;
#734 = EDGE_LOOP ( 'NONE', ( #417, #761 ) ) ;
#735 = CARTESIAN_POINT ( 'NONE',  ( -39.50000000000604672, 162.0000000000000000, 39.00000000002081180 ) ) ;
#736 = CARTESIAN_POINT ( 'NONE',  ( 24.00000000000729017, 170.0000000000000568, 62.99999999998555467 ) ) ;
#737 = LINE ( 'NONE', #1498, #1131 ) ;
#738 = ADVANCED_FACE ( 'NONE', ( #70 ), #183, .F. ) ;
#739 = LINE ( 'NONE', #346, #1212 ) ;
#740 = CARTESIAN_POINT ( 'NONE',  ( 48.00000000000116529, 162.0000000000000000, 51.99999999997221067 ) ) ;
#741 = ORIENTED_EDGE ( 'NONE', *, *, #132, .F. ) ;
#742 = VERTEX_POINT ( 'NONE', #176 ) ;
#743 = LINE ( 'NONE', #1378, #538 ) ;
#744 = FACE_OUTER_BOUND ( 'NONE', #1349, .T. ) ;
#745 = DIRECTION ( 'NONE',  ( 5.553383958829889263E-13, 1.249000902703301108E-16, 1.000000000000000000 ) ) ;
#746 = VERTEX_POINT ( 'NONE', #60 ) ;
#747 = CARTESIAN_POINT ( 'NONE',  ( 34.50000000000088107, 170.0000000000000000, 51.49999999997972822 ) ) ;
#748 = ORIENTED_EDGE ( 'NONE', *, *, #1547, .T. ) ;
#749 = EDGE_CURVE ( 'NONE', #57, #1159, #1560, .T. ) ;
#750 = VECTOR ( 'NONE', #1519, 1000.000000000000000 ) ;
#751 = ORIENTED_EDGE ( 'NONE', *, *, #606, .T. ) ;
#752 = CARTESIAN_POINT ( 'NONE',  ( 24.00000000000726885, 339.9999976677415248, 62.99999999998554046 ) ) ;
#753 = AXIS2_PLACEMENT_3D ( 'NONE', #652, #505, #1418 ) ;
#754 = VECTOR ( 'NONE', #81, 1000.000000000000000 ) ;
#755 = CARTESIAN_POINT ( 'NONE',  ( -24.40000000000672031, 331.7999999999998977, 37.80000000001240323 ) ) ;
#756 = FACE_OUTER_BOUND ( 'NONE', #422, .T. ) ;
#757 = DIRECTION ( 'NONE',  ( -1.000000000000000000, 0.000000000000000000, 5.552242693385167627E-13 ) ) ;
#758 = VECTOR ( 'NONE', #700, 1000.000000000000000 ) ;
#759 = ORIENTED_EDGE ( 'NONE', *, *, #1286, .T. ) ;
#760 = ADVANCED_FACE ( 'NONE', ( #568 ), #52, .F. ) ;
#761 = ORIENTED_EDGE ( 'NONE', *, *, #264, .F. ) ;
#762 = DIRECTION ( 'NONE',  ( -6.934756136065882237E-29, 1.000000000000000000, -1.249000902703301108E-16 ) ) ;
#763 = DIRECTION ( 'NONE',  ( -7.931910613147255541E-29, 1.000000000000000000, -1.428595803745606684E-16 ) ) ;
#764 = FACE_OUTER_BOUND ( 'NONE', #386, .T. ) ;
#765 = ORIENTED_EDGE ( 'NONE', *, *, #197, .F. ) ;
#766 = ORIENTED_EDGE ( 'NONE', *, *, #949, .F. ) ;
#767 = DIRECTION ( 'NONE',  ( -5.552242693385167627E-13, 0.000000000000000000, -1.000000000000000000 ) ) ;
#768 = ADVANCED_FACE ( 'NONE', ( #676 ), #1334, .F. ) ;
#769 = FACE_OUTER_BOUND ( 'NONE', #1414, .T. ) ;
#770 = CARTESIAN_POINT ( 'NONE',  ( -24.50000000000603251, 162.0000000000000000, 39.00000000001248424 ) ) ;
#771 = ADVANCED_FACE ( 'NONE', ( #436 ), #1056, .F. ) ;
#772 = PLANE ( 'NONE',  #428 ) ;
#773 = LINE ( 'NONE', #1288, #405 ) ;
#774 = EDGE_CURVE ( 'NONE', #143, #1045, #1398, .T. ) ;
#775 = ORIENTED_EDGE ( 'NONE', *, *, #1380, .F. ) ;
#776 = ORIENTED_EDGE ( 'NONE', *, *, #290, .F. ) ;
#777 = DIRECTION ( 'NONE',  ( 1.235411377550934817E-16, -1.000000000000000000, 1.235411377549563185E-16 ) ) ;
#778 = VECTOR ( 'NONE', #668, 1000.000000000000000 ) ;
#779 = CARTESIAN_POINT ( 'NONE',  ( -39.50000000000660094, 162.0000000000000000, 38.00000000002081180 ) ) ;
#780 = AXIS2_PLACEMENT_3D ( 'NONE', #463, #1123, #583 ) ;
#781 = EDGE_CURVE ( 'NONE', #1113, #1264, #927, .T. ) ;
#782 = CARTESIAN_POINT ( 'NONE',  ( 34.50000000000621014, 170.0000000000000000, 61.09999999997972964 ) ) ;
#783 = VECTOR ( 'NONE', #594, 1000.000000000000000 ) ;
#784 = AXIS2_PLACEMENT_3D ( 'NONE', #1096, #1238, #838 ) ;
#785 = ORIENTED_EDGE ( 'NONE', *, *, #573, .T. ) ;
#786 = EDGE_LOOP ( 'NONE', ( #934, #663, #1433, #585 ) ) ;
#787 = FACE_OUTER_BOUND ( 'NONE', #1025, .T. ) ;
#788 = CARTESIAN_POINT ( 'NONE',  ( -39.60000000000673026, 331.7999999999998977, 37.80000000002083738 ) ) ;
#789 = CARTESIAN_POINT ( 'NONE',  ( -28.00000000000546407, 170.0000000000000000, 40.00000000001442402 ) ) ;
#790 = EDGE_CURVE ( 'NONE', #292, #990, #1071, .T. ) ;
#791 = ORIENTED_EDGE ( 'NONE', *, *, #316, .F. ) ;
#792 = VERTEX_POINT ( 'NONE', #687 ) ;
#793 = LINE ( 'NONE', #1310, #1424 ) ;
#794 = LINE ( 'NONE', #1567, #1506 ) ;
#795 = CARTESIAN_POINT ( 'NONE',  ( 34.49999999999555200, 339.9999976677415248, 41.89999999997971258 ) ) ;
#796 = AXIS2_PLACEMENT_3D ( 'NONE', #1081, #76, #578 ) ;
#797 = ORIENTED_EDGE ( 'NONE', *, *, #790, .F. ) ;
#798 = CARTESIAN_POINT ( 'NONE',  ( 48.00000000000727596, 1.390208412897482608E-15, 62.99999999997224620 ) ) ;
#799 = EDGE_CURVE ( 'NONE', #1010, #604, #574, .T. ) ;
#800 = ORIENTED_EDGE ( 'NONE', *, *, #40, .F. ) ;
#801 = PLANE ( 'NONE',  #63 ) ;
#802 = DIRECTION ( 'NONE',  ( -1.000000000000000000, 0.000000000000000000, 5.551086211067849419E-13 ) ) ;
#803 = EDGE_CURVE ( 'NONE', #823, #1444, #1504, .T. ) ;
#804 = ORIENTED_EDGE ( 'NONE', *, *, #905, .T. ) ;
#805 = DIRECTION ( 'NONE',  ( 1.000000000000000000, 1.235411377550249001E-16, -5.552242693385167627E-13 ) ) ;
#806 = VERTEX_POINT ( 'NONE', #86 ) ;
#807 = CIRCLE ( 'NONE', #324, 9.599999999999997868 ) ;
#808 = VECTOR ( 'NONE', #372, 1000.000000000000000 ) ;
#809 = FACE_OUTER_BOUND ( 'NONE', #1289, .T. ) ;
#810 = ORIENTED_EDGE ( 'NONE', *, *, #385, .T. ) ;
#811 = DIRECTION ( 'NONE',  ( -1.000000000000000000, 0.000000000000000000, 5.552242693385167627E-13 ) ) ;
#812 = DIRECTION ( 'NONE',  ( 6.934756136065882237E-29, -1.000000000000000000, 1.249000902703301108E-16 ) ) ;
#813 = ORIENTED_EDGE ( 'NONE', *, *, #524, .T. ) ;
#814 = CARTESIAN_POINT ( 'NONE',  ( 35.49999999999395328, 162.0000000000000000, 38.99999999997916689 ) ) ;
#815 = VERTEX_POINT ( 'NONE', #863 ) ;
#816 = EDGE_CURVE ( 'NONE', #540, #377, #1517, .T. ) ;
#817 = PLANE ( 'NONE',  #586 ) ;
#818 = CARTESIAN_POINT ( 'NONE',  ( 46.50000000000116529, 340.0000000000000000, 51.99999999997304201 ) ) ;
#819 = EDGE_CURVE ( 'NONE', #1094, #57, #363, .T. ) ;
#820 = DIRECTION ( 'NONE',  ( -1.000000000000000000, 0.000000000000000000, 5.552242693385167627E-13 ) ) ;
#821 = ORIENTED_EDGE ( 'NONE', *, *, #530, .F. ) ;
#822 = LINE ( 'NONE', #1060, #589 ) ;
#823 = VERTEX_POINT ( 'NONE', #1224 ) ;
#824 = CARTESIAN_POINT ( 'NONE',  ( -51.99999999999884182, 170.0000000000000000, 52.00000000002773248 ) ) ;
#825 = FACE_BOUND ( 'NONE', #702, .T. ) ;
#826 = EDGE_CURVE ( 'NONE', #414, #548, #1252, .T. ) ;
#827 = ORIENTED_EDGE ( 'NONE', *, *, #816, .T. ) ;
#828 = DIRECTION ( 'NONE',  ( -5.552242693385167627E-13, -0.000000000000000000, -1.000000000000000000 ) ) ;
#829 = VECTOR ( 'NONE', #56, 1000.000000000000000 ) ;
#830 = DIRECTION ( 'NONE',  ( 1.000000000000000000, 0.000000000000000000, -5.552242693385167627E-13 ) ) ;
#831 = ORIENTED_EDGE ( 'NONE', *, *, #573, .F. ) ;
#832 = AXIS2_PLACEMENT_3D ( 'NONE', #1542, #1272, #243 ) ;
#833 = CARTESIAN_POINT ( 'NONE',  ( -9.500000000006044942, 162.0000000000000000, 39.00000000000415668 ) ) ;
#834 = CARTESIAN_POINT ( 'NONE',  ( -9.600000000006609469, 331.7999999999998977, 38.00000000000419931 ) ) ;
#835 = DIRECTION ( 'NONE',  ( 1.000000000000000000, 0.000000000000000000, -5.551086211067849419E-13 ) ) ;
#836 = ADVANCED_FACE ( 'NONE', ( #201 ), #1099, .T. ) ;
#837 = PLANE ( 'NONE',  #458 ) ;
#838 = DIRECTION ( 'NONE',  ( -1.000000000000000000, 0.000000000000000000, 5.551086211067849419E-13 ) ) ;
#839 = ORIENTED_EDGE ( 'NONE', *, *, #1125, .T. ) ;
#840 = DIRECTION ( 'NONE',  ( 1.000000000000000000, 0.000000000000000000, -5.552242693385167627E-13 ) ) ;
#841 = AXIS2_PLACEMENT_3D ( 'NONE', #1416, #895, #767 ) ;
#842 = CARTESIAN_POINT ( 'NONE',  ( -9.600000000006609469, 331.7999999999998977, 38.00000000000419931 ) ) ;
#843 = FACE_OUTER_BOUND ( 'NONE', #54, .T. ) ;
#844 = LINE ( 'NONE', #1381, #1002 ) ;
#845 = LINE ( 'NONE', #1361, #1619 ) ;
#846 = DIRECTION ( 'NONE',  ( 1.000000000000000000, 0.000000000000000000, -5.552242693385167627E-13 ) ) ;
#847 = ORIENTED_EDGE ( 'NONE', *, *, #91, .T. ) ;
#848 = EDGE_CURVE ( 'NONE', #806, #1399, #850, .T. ) ;
#849 = ORIENTED_EDGE ( 'NONE', *, *, #156, .F. ) ;
#850 = LINE ( 'NONE', #871, #860 ) ;
#851 = EDGE_CURVE ( 'NONE', #454, #1259, #1261, .T. ) ;
#852 = DIRECTION ( 'NONE',  ( 1.000000000000000000, 0.000000000000000000, -5.552242693385167627E-13 ) ) ;
#853 = DIRECTION ( 'NONE',  ( -1.000000000000000000, 0.000000000000000000, 5.552242693385167627E-13 ) ) ;
#854 = VECTOR ( 'NONE', #343, 1000.000000000000000 ) ;
#855 = DIRECTION ( 'NONE',  ( 1.000000000000000000, 0.000000000000000000, -5.552242693385167627E-13 ) ) ;
#856 = DIRECTION ( 'NONE',  ( -6.934756136065882237E-29, 1.000000000000000000, -1.249000902703301108E-16 ) ) ;
#857 = ORIENTED_EDGE ( 'NONE', *, *, #272, .T. ) ;
#858 = VECTOR ( 'NONE', #78, 1000.000000000000000 ) ;
#859 = PRODUCT_DEFINITION_SHAPE ( 'NONE', 'NONE',  #730 ) ;
#860 = VECTOR ( 'NONE', #99, 1000.000000000000000 ) ;
#861 = ORIENTED_EDGE ( 'NONE', *, *, #40, .T. ) ;
#862 = EDGE_CURVE ( 'NONE', #901, #792, #1386, .T. ) ;
#863 = CARTESIAN_POINT ( 'NONE',  ( -52.00000000000494538, 339.9999999999998863, 41.00000000002772538 ) ) ;
#864 = AXIS2_PLACEMENT_3D ( 'NONE', #1533, #251, #1646 ) ;
#865 = DIRECTION ( 'NONE',  ( 6.934756136065882237E-29, -1.000000000000000000, 1.249000902703301108E-16 ) ) ;
#866 = CARTESIAN_POINT ( 'NONE',  ( 20.49999999999339906, 170.0000000000000000, 37.99999999998750155 ) ) ;
#867 = ORIENTED_EDGE ( 'NONE', *, *, #1197, .T. ) ;
#868 = LINE ( 'NONE', #607, #1000 ) ;
#869 = VERTEX_POINT ( 'NONE', #1613 ) ;
#870 = ORIENTED_EDGE ( 'NONE', *, *, #1566, .T. ) ;
#871 = CARTESIAN_POINT ( 'NONE',  ( -24.50000000000658673, 170.0000000000000000, 38.00000000001248424 ) ) ;
#872 = DIRECTION ( 'NONE',  ( -5.552242693385167627E-13, -0.000000000000000000, -1.000000000000000000 ) ) ;
#873 = DIRECTION ( 'NONE',  ( -6.934756136065882237E-29, 1.000000000000000000, -1.249000902703301108E-16 ) ) ;
#874 = EDGE_CURVE ( 'NONE', #1159, #57, #1587, .T. ) ;
#875 = ORIENTED_EDGE ( 'NONE', *, *, #1389, .T. ) ;
#876 = CARTESIAN_POINT ( 'NONE',  ( 45.00000000000116529, 339.9999976677415248, 51.99999999997387334 ) ) ;
#877 = ORIENTED_EDGE ( 'NONE', *, *, #1417, .T. ) ;
#878 = ORIENTED_EDGE ( 'NONE', *, *, #629, .F. ) ;
#879 = DIRECTION ( 'NONE',  ( 1.000000000000000000, 0.000000000000000000, -5.551086211067849419E-13 ) ) ;
#880 = CARTESIAN_POINT ( 'NONE',  ( -24.40000000000672031, 331.7999999999998977, 37.80000000001240323 ) ) ;
#881 = DIRECTION ( 'NONE',  ( 0.000000000000000000, 1.000000000000000000, 0.000000000000000000 ) ) ;
#882 = EDGE_CURVE ( 'NONE', #1489, #540, #743, .T. ) ;
#883 = EDGE_LOOP ( 'NONE', ( #245, #1053, #1520, #520 ) ) ;
#884 = VECTOR ( 'NONE', #1465, 1000.000000000000000 ) ;
#885 = ORIENTED_EDGE ( 'NONE', *, *, #965, .F. ) ;
#886 = CARTESIAN_POINT ( 'NONE',  ( 48.00000000000283507, 339.9999999999998863, 54.99999999997221067 ) ) ;
#887 = AXIS2_PLACEMENT_3D ( 'NONE', #921, #1435, #286 ) ;
#888 = CARTESIAN_POINT ( 'NONE',  ( 5.599999999994054178, 331.7999999999998977, 39.19999999999575380 ) ) ;
#889 = FACE_OUTER_BOUND ( 'NONE', #572, .T. ) ;
#890 = VECTOR ( 'NONE', #856, 1000.000000000000000 ) ;
#891 = CARTESIAN_POINT ( 'NONE',  ( -24.50000000000658673, 162.0000000000000000, 38.00000000001248424 ) ) ;
#892 = EDGE_CURVE ( 'NONE', #823, #1113, #497, .T. ) ;
#893 = ORIENTED_EDGE ( 'NONE', *, *, #1666, .T. ) ;
#894 = VERTEX_POINT ( 'NONE', #334 ) ;
#895 = DIRECTION ( 'NONE',  ( 1.000000000000000000, 0.000000000000000000, -5.552242693385167627E-13 ) ) ;
#896 = CARTESIAN_POINT ( 'NONE',  ( -48.99999999999270273, 170.0000000000000000, 63.00000000002606271 ) ) ;
#897 = DIRECTION ( 'NONE',  ( 0.000000000000000000, 1.000000000000000000, 0.000000000000000000 ) ) ;
#898 = DIRECTION ( 'NONE',  ( 5.552242693385167627E-13, 1.235411377550249001E-16, 1.000000000000000000 ) ) ;
#899 = VECTOR ( 'NONE', #1578, 1000.000000000000000 ) ;
#900 = DIRECTION ( 'NONE',  ( -6.934756136065882237E-29, 1.000000000000000000, -1.249000902703301108E-16 ) ) ;
#901 = VERTEX_POINT ( 'NONE', #1524 ) ;
#902 = VERTEX_POINT ( 'NONE', #842 ) ;
#903 = CARTESIAN_POINT ( 'NONE',  ( -39.50000000000660094, 170.0000000000000000, 38.00000000002081180 ) ) ;
#904 = CARTESIAN_POINT ( 'NONE',  ( -50.49999999999717204, 170.0000000000000000, 55.00000000002689404 ) ) ;
#905 = EDGE_CURVE ( 'NONE', #792, #1080, #1637, .T. ) ;
#906 = CARTESIAN_POINT ( 'NONE',  ( -9.500000000006600942, 162.0000000000000000, 38.00000000000415668 ) ) ;
#907 = DIRECTION ( 'NONE',  ( 1.000000000000000000, -0.000000000000000000, -5.553383958829889263E-13 ) ) ;
#908 = ORIENTED_EDGE ( 'NONE', *, *, #1380, .T. ) ;
#909 = VERTEX_POINT ( 'NONE', #208 ) ;
#910 = FILL_AREA_STYLE_COLOUR ( '', #1048 ) ;
#911 = EDGE_CURVE ( 'NONE', #625, #1513, #1351, .T. ) ;
#912 = VECTOR ( 'NONE', #16, 1000.000000000000000 ) ;
#913 = CARTESIAN_POINT ( 'NONE',  ( 46.50000000000282796, 170.0000000000000000, 54.99999999997304201 ) ) ;
#914 = VECTOR ( 'NONE', #198, 1000.000000000000000 ) ;
#915 = DIRECTION ( 'NONE',  ( 1.000000000000000000, 1.235411386100096301E-16, -5.552242693385167627E-13 ) ) ;
#916 = VECTOR ( 'NONE', #357, 1000.000000000000000 ) ;
#917 = AXIS2_PLACEMENT_3D ( 'NONE', #997, #1258, #1009 ) ;
#918 = EDGE_LOOP ( 'NONE', ( #1356, #929, #1593, #982 ) ) ;
#919 = EDGE_LOOP ( 'NONE', ( #1385, #169, #670, #751 ) ) ;
#920 = LINE ( 'NONE', #659, #503 ) ;
#921 = CARTESIAN_POINT ( 'NONE',  ( 20.39999999999327684, 331.7999999999998977, 37.79999999998752713 ) ) ;
#922 = DIRECTION ( 'NONE',  ( 5.627063295405038219E-32, 1.000000000000000000, 1.013475744154521754E-19 ) ) ;
#923 = CARTESIAN_POINT ( 'NONE',  ( -9.600000000006609469, 339.9999999999998863, 38.00000000000419931 ) ) ;
#924 = ADVANCED_FACE ( 'NONE', ( #714 ), #590, .F. ) ;
#925 = ORIENTED_EDGE ( 'NONE', *, *, #1490, .T. ) ;
#926 = ORIENTED_EDGE ( 'NONE', *, *, #664, .T. ) ;
#927 = LINE ( 'NONE', #1198, #667 ) ;
#928 = VECTOR ( 'NONE', #69, 1000.000000000000000 ) ;
#929 = ORIENTED_EDGE ( 'NONE', *, *, #1181, .F. ) ;
#930 = PLANE ( 'NONE',  #491 ) ;
#931 = ORIENTED_EDGE ( 'NONE', *, *, #1089, .T. ) ;
#932 = ADVANCED_FACE ( 'NONE', ( #467 ), #991, .F. ) ;
#933 = PLANE ( 'NONE',  #671 ) ;
#934 = ORIENTED_EDGE ( 'NONE', *, *, #1176, .T. ) ;
#935 = CARTESIAN_POINT ( 'NONE',  ( 5.499999999993399058, 162.0000000000000000, 37.99999999999582911 ) ) ;
#936 = UNCERTAINTY_MEASURE_WITH_UNIT (LENGTH_MEASURE( 1.000000000000000082E-05 ), #1115, 'distance_accuracy_value', 'NONE');
#937 = DIRECTION ( 'NONE',  ( 1.000000000000000000, 0.000000000000000000, -5.552242693385167627E-13 ) ) ;
#938 = VECTOR ( 'NONE', #373, 1000.000000000000000 ) ;
#939 = CARTESIAN_POINT ( 'NONE',  ( -38.49999999999910472, 339.9999999999998863, 51.50000000002023626 ) ) ;
#940 = AXIS2_PLACEMENT_3D ( 'NONE', #1190, #915, #274 ) ;
#941 = DIRECTION ( 'NONE',  ( 0.000000000000000000, 1.000000000000000000, 0.000000000000000000 ) ) ;
#942 = ORIENTED_EDGE ( 'NONE', *, *, #1594, .F. ) ;
#943 = VECTOR ( 'NONE', #846, 1000.000000000000000 ) ;
#944 = VECTOR ( 'NONE', #1154, 1000.000000000000000 ) ;
#945 = EDGE_CURVE ( 'NONE', #43, #1201, #1075, .T. ) ;
#946 = DIRECTION ( 'NONE',  ( 5.552242693385167627E-13, 0.000000000000000000, 1.000000000000000000 ) ) ;
#947 = EDGE_LOOP ( 'NONE', ( #679, #650, #1392, #485 ) ) ;
#948 = CARTESIAN_POINT ( 'NONE',  ( -48.00000000000493827, 339.9999999999998863, 41.00000000002550138 ) ) ;
#949 = EDGE_CURVE ( 'NONE', #1575, #901, #21, .T. ) ;
#950 = DIRECTION ( 'NONE',  ( 1.235411386100096301E-16, -1.000000000000000000, -6.859303841799101733E-29 ) ) ;
#951 = DIRECTION ( 'NONE',  ( 5.552242693385167627E-13, 1.249000902703301108E-16, 1.000000000000000000 ) ) ;
#952 = CARTESIAN_POINT ( 'NONE',  ( 43.99999999999283773, -5.714383214982426734E-16, 36.99999999997447020 ) ) ;
#953 = ORIENTED_EDGE ( 'NONE', *, *, #1335, .F. ) ;
#954 = CARTESIAN_POINT ( 'NONE',  ( 5.599999999993388045, 331.7999999999998977, 37.99999999999575095 ) ) ;
#955 = VERTEX_POINT ( 'NONE', #886 ) ;
#956 = CARTESIAN_POINT ( 'NONE',  ( -24.40000000000672031, 339.9999999999998863, 37.80000000001239613 ) ) ;
#957 = EDGE_CURVE ( 'NONE', #1382, #1444, #257, .T. ) ;
#958 = DIRECTION ( 'NONE',  ( -1.000000000000000000, 0.000000000000000000, 5.552242693385167627E-13 ) ) ;
#959 = LINE ( 'NONE', #1232, #38 ) ;
#960 = VERTEX_POINT ( 'NONE', #642 ) ;
#961 = LINE ( 'NONE', #1469, #1538 ) ;
#962 = ORIENTED_EDGE ( 'NONE', *, *, #1215, .T. ) ;
#963 = DIRECTION ( 'NONE',  ( 0.000000000000000000, 1.000000000000000000, 0.000000000000000000 ) ) ;
#964 = PLANE ( 'NONE',  #1423 ) ;
#965 = EDGE_CURVE ( 'NONE', #229, #474, #146, .T. ) ;
#966 = FACE_OUTER_BOUND ( 'NONE', #1059, .T. ) ;
#967 = AXIS2_PLACEMENT_3D ( 'NONE', #1442, #681, #1599 ) ;
#968 = ORIENTED_EDGE ( 'NONE', *, *, #644, .T. ) ;
#969 = CARTESIAN_POINT ( 'NONE',  ( -9.500000000006600942, 162.0000000000000000, 38.00000000000415668 ) ) ;
#970 = AXIS2_PLACEMENT_3D ( 'NONE', #798, #694, #1193 ) ;
#971 = FACE_OUTER_BOUND ( 'NONE', #947, .T. ) ;
#972 = ORIENTED_EDGE ( 'NONE', *, *, #1067, .T. ) ;
#973 = DIRECTION ( 'NONE',  ( -5.552242693385167627E-13, -0.000000000000000000, -1.000000000000000000 ) ) ;
#974 =( GEOMETRIC_REPRESENTATION_CONTEXT ( 3 ) GLOBAL_UNCERTAINTY_ASSIGNED_CONTEXT ( ( #566 ) ) GLOBAL_UNIT_ASSIGNED_CONTEXT ( ( #166, #584, #473 ) ) REPRESENTATION_CONTEXT ( 'NONE', 'WORKASPACE' ) );
#975 = DIRECTION ( 'NONE',  ( 5.551115123125783712E-13, 0.000000000000000000, 1.000000000000000000 ) ) ;
#976 = LINE ( 'NONE', #62, #698 ) ;
#977 = CYLINDRICAL_SURFACE ( 'NONE', #1428, 9.599999999999997868 ) ;
#978 = ORIENTED_EDGE ( 'NONE', *, *, #508, .F. ) ;
#979 = EDGE_CURVE ( 'NONE', #173, #1444, #1042, .T. ) ;
#980 = CARTESIAN_POINT ( 'NONE',  ( 35.59999999999327258, 331.7999999999998977, 37.79999999997908589 ) ) ;
#981 = DIRECTION ( 'NONE',  ( 0.000000000000000000, 1.000000000000000000, 0.000000000000000000 ) ) ;
#982 = ORIENTED_EDGE ( 'NONE', *, *, #911, .T. ) ;
#983 = CARTESIAN_POINT ( 'NONE',  ( 35.59999999999327258, 331.7999999999998977, 37.79999999997908589 ) ) ;
#984 = DIRECTION ( 'NONE',  ( 5.552242693385167627E-13, -1.013475744154521634E-19, 1.000000000000000000 ) ) ;
#985 = CARTESIAN_POINT ( 'NONE',  ( 5.599999999993388045, 331.7999999999998977, 37.99999999999575095 ) ) ;
#986 = LINE ( 'NONE', #709, #1106 ) ;
#987 = CARTESIAN_POINT ( 'NONE',  ( -24.40000000000605596, 339.9999999999998863, 39.00000000001239897 ) ) ;
#988 = EDGE_CURVE ( 'NONE', #283, #1554, #1162, .T. ) ;
#989 = ORIENTED_EDGE ( 'NONE', *, *, #36, .F. ) ;
#990 = VERTEX_POINT ( 'NONE', #1564 ) ;
#991 = CYLINDRICAL_SURFACE ( 'NONE', #144, 9.599999999999997868 ) ;
#992 = DIRECTION ( 'NONE',  ( -5.552242693385167627E-13, -1.249000902703301108E-16, -1.000000000000000000 ) ) ;
#993 = LINE ( 'NONE', #1526, #189 ) ;
#994 = ORIENTED_EDGE ( 'NONE', *, *, #297, .T. ) ;
#995 = VECTOR ( 'NONE', #580, 1000.000000000000000 ) ;
#996 = CARTESIAN_POINT ( 'NONE',  ( 20.39999999999327684, 339.9999999999998863, 37.79999999998752713 ) ) ;
#997 = CARTESIAN_POINT ( 'NONE',  ( 0.000000000000000000, 0.000000000000000000, 0.000000000000000000 ) ) ;
#998 = ORIENTED_EDGE ( 'NONE', *, *, #197, .T. ) ;
#999 = ADVANCED_FACE ( 'NONE', ( #279 ), #1555, .T. ) ;
#1000 = VECTOR ( 'NONE', #1354, 1000.000000000000000 ) ;
#1001 = ORIENTED_EDGE ( 'NONE', *, *, #1156, .T. ) ;
#1002 = VECTOR ( 'NONE', #1141, 1000.000000000000000 ) ;
#1003 = CARTESIAN_POINT ( 'NONE',  ( 20.49999999999339906, 170.0000000000000000, 37.99999999998750155 ) ) ;
#1004 = ADVANCED_FACE ( 'NONE', ( #1404 ), #521, .T. ) ;
#1005 = LINE ( 'NONE', #755, #1031 ) ;
#1006 = CARTESIAN_POINT ( 'NONE',  ( 5.599999999994054178, 331.7999999999998977, 39.19999999999575380 ) ) ;
#1007 = ORIENTED_EDGE ( 'NONE', *, *, #207, .F. ) ;
#1008 = LINE ( 'NONE', #1491, #1510 ) ;
#1009 = DIRECTION ( 'NONE',  ( 1.000000000000000000, 0.000000000000000000, 0.000000000000000000 ) ) ;
#1010 = VERTEX_POINT ( 'NONE', #904 ) ;
#1011 = ORIENTED_EDGE ( 'NONE', *, *, #1457, .F. ) ;
#1012 = DIRECTION ( 'NONE',  ( -5.552242693385167627E-13, 0.000000000000000000, -1.000000000000000000 ) ) ;
#1013 = CARTESIAN_POINT ( 'NONE',  ( -52.00000000001271871, 170.0000000000000000, 27.00000000002764722 ) ) ;
#1014 = ADVANCED_FACE ( 'NONE', ( #787 ), #1663, .F. ) ;
#1015 = CARTESIAN_POINT ( 'NONE',  ( 35.59999999999327258, 339.9999999999998863, 37.79999999997908589 ) ) ;
#1016 = DIRECTION ( 'NONE',  ( 0.000000000000000000, 1.000000000000000000, 0.000000000000000000 ) ) ;
#1017 = EDGE_LOOP ( 'NONE', ( #125, #867, #1069, #1194 ) ) ;
#1018 = EDGE_LOOP ( 'NONE', ( #1308, #1205, #97, #1103 ) ) ;
#1019 = LINE ( 'NONE', #118, #1621 ) ;
#1020 = LINE ( 'NONE', #1280, #455 ) ;
#1021 = EDGE_CURVE ( 'NONE', #1571, #1275, #1541, .T. ) ;
#1022 = CARTESIAN_POINT ( 'NONE',  ( 48.00000000000116529, 331.7999999999998977, 51.99999999997221067 ) ) ;
#1023 = ORIENTED_EDGE ( 'NONE', *, *, #1409, .T. ) ;
#1024 = AXIS2_PLACEMENT_3D ( 'NONE', #448, #1082, #1209 ) ;
#1025 = EDGE_LOOP ( 'NONE', ( #1596, #145, #409, #113 ) ) ;
#1026 = LINE ( 'NONE', #1172, #669 ) ;
#1027 = VECTOR ( 'NONE', #660, 1000.000000000000000 ) ;
#1028 = DIRECTION ( 'NONE',  ( -5.552242693385167627E-13, -1.249000902703301108E-16, -1.000000000000000000 ) ) ;
#1029 = FACE_OUTER_BOUND ( 'NONE', #786, .T. ) ;
#1030 = MANIFOLD_SOLID_BREP ( 'Body-Move/Copy1', #1589 ) ;
#1031 = VECTOR ( 'NONE', #378, 1000.000000000000000 ) ;
#1032 = FACE_OUTER_BOUND ( 'NONE', #1117, .T. ) ;
#1033 = ORIENTED_EDGE ( 'NONE', *, *, #1556, .F. ) ;
#1034 = EDGE_CURVE ( 'NONE', #823, #742, #1277, .T. ) ;
#1035 = VERTEX_POINT ( 'NONE', #512 ) ;
#1036 = DIRECTION ( 'NONE',  ( 1.235411386100782117E-16, -1.000000000000000000, 1.235411386099410485E-16 ) ) ;
#1037 = DIRECTION ( 'NONE',  ( 5.552242693385167627E-13, 0.000000000000000000, 1.000000000000000000 ) ) ;
#1038 = CARTESIAN_POINT ( 'NONE',  ( 47.99999999999506173, 339.9999999999998863, 40.99999999997219646 ) ) ;
#1039 = EDGE_LOOP ( 'NONE', ( #1302, #319, #342, #776 ) ) ;
#1040 = EDGE_CURVE ( 'NONE', #633, #72, #1026, .T. ) ;
#1041 = ORIENTED_EDGE ( 'NONE', *, *, #475, .T. ) ;
#1042 = LINE ( 'NONE', #1531, #1163 ) ;
#1043 = DIRECTION ( 'NONE',  ( -6.859303794328274387E-29, 1.000000000000000000, -1.235411377550249001E-16 ) ) ;
#1044 = DIRECTION ( 'NONE',  ( -5.552242693385167627E-13, -1.249000902703301108E-16, -1.000000000000000000 ) ) ;
#1045 = VERTEX_POINT ( 'NONE', #263 ) ;
#1046 = EDGE_LOOP ( 'NONE', ( #1410, #989, #1625, #1453 ) ) ;
#1047 = DIRECTION ( 'NONE',  ( 5.552242693385167627E-13, 0.000000000000000000, 1.000000000000000000 ) ) ;
#1048 = COLOUR_RGB ( '',0.7921568627450980005, 0.8196078431372548767, 0.9333333333333333481 ) ;
#1049 = ADVANCED_FACE ( 'NONE', ( #769 ), #411, .F. ) ;
#1050 = DIRECTION ( 'NONE',  ( 0.000000000000000000, -1.000000000000000000, 0.000000000000000000 ) ) ;
#1051 = AXIS2_PLACEMENT_3D ( 'NONE', #689, #418, #64 ) ;
#1052 = DIRECTION ( 'NONE',  ( 0.000000000000000000, 1.000000000000000000, 0.000000000000000000 ) ) ;
#1053 = ORIENTED_EDGE ( 'NONE', *, *, #1438, .T. ) ;
#1054 = ORIENTED_EDGE ( 'NONE', *, *, #781, .T. ) ;
#1055 = DIRECTION ( 'NONE',  ( 6.934756136065882237E-29, -1.000000000000000000, 1.249000902703301108E-16 ) ) ;
#1056 = PLANE ( 'NONE',  #1186 ) ;
#1057 = EDGE_CURVE ( 'NONE', #206, #909, #793, .T. ) ;
#1058 = CARTESIAN_POINT ( 'NONE',  ( -24.40000000000672031, 331.7999999999998977, 37.80000000001240323 ) ) ;
#1059 = EDGE_LOOP ( 'NONE', ( #651, #610, #658, #878, #839, #1107, #539, #1133, #741, #683, #1463, #155, #1126, #1562, #875, #813, #420, #800 ) ) ;
#1060 = CARTESIAN_POINT ( 'NONE',  ( 20.49999999999339906, 162.0000000000000000, 37.99999999998750155 ) ) ;
#1061 = ORIENTED_EDGE ( 'NONE', *, *, #354, .T. ) ;
#1062 = CARTESIAN_POINT ( 'NONE',  ( 46.50000000000282796, 340.0000000000000000, 54.99999999997304201 ) ) ;
#1063 = CARTESIAN_POINT ( 'NONE',  ( 48.00000000000116529, 170.0000000000000000, 51.99999999997221067 ) ) ;
#1064 = FACE_OUTER_BOUND ( 'NONE', #1175, .T. ) ;
#1065 = ADVANCED_FACE ( 'NONE', ( #1182 ), #1413, .F. ) ;
#1066 = ORIENTED_EDGE ( 'NONE', *, *, #413, .F. ) ;
#1067 = EDGE_CURVE ( 'NONE', #249, #376, #148, .T. ) ;
#1068 = CARTESIAN_POINT ( 'NONE',  ( -48.99999999999273115, 339.9999999999998863, 63.00000000002606271 ) ) ;
#1069 = ORIENTED_EDGE ( 'NONE', *, *, #713, .T. ) ;
#1070 = LINE ( 'NONE', #935, #1630 ) ;
#1071 = LINE ( 'NONE', #308, #884 ) ;
#1072 = AXIS2_PLACEMENT_3D ( 'NONE', #403, #550, #443 ) ;
#1073 = AXIS2_PLACEMENT_3D ( 'NONE', #14, #152, #1549 ) ;
#1074 = CARTESIAN_POINT ( 'NONE',  ( 48.00000000000727596, 170.0000000000000000, 62.99999999997223199 ) ) ;
#1075 = CIRCLE ( 'NONE', #34, 4.000000000000003553 ) ;
#1076 = ORIENTED_EDGE ( 'NONE', *, *, #749, .F. ) ;
#1077 = PRESENTATION_LAYER_ASSIGNMENT (  '', '', ( #1320 ) ) ;
#1078 = LINE ( 'NONE', #298, #164 ) ;
#1079 = EDGE_CURVE ( 'NONE', #206, #292, #1421, .T. ) ;
#1080 = VERTEX_POINT ( 'NONE', #923 ) ;
#1081 = CARTESIAN_POINT ( 'NONE',  ( 35.49999999999339906, 162.0000000000000000, 37.99999999997917399 ) ) ;
#1082 = DIRECTION ( 'NONE',  ( 5.551086211067849419E-13, 0.000000000000000000, 1.000000000000000000 ) ) ;
#1083 = LINE ( 'NONE', #209, #1591 ) ;
#1084 = FACE_OUTER_BOUND ( 'NONE', #19, .T. ) ;
#1085 = VERTEX_POINT ( 'NONE', #1558 ) ;
#1086 = CARTESIAN_POINT ( 'NONE',  ( -50.49999999999883471, 1.500000000000000444, 52.00000000002690115 ) ) ;
#1087 = ORIENTED_EDGE ( 'NONE', *, *, #1527, .F. ) ;
#1088 = CARTESIAN_POINT ( 'NONE',  ( -24.40000000000672031, 339.9999999999998863, 37.80000000001239613 ) ) ;
#1089 = EDGE_CURVE ( 'NONE', #1192, #901, #1437, .T. ) ;
#1090 = LINE ( 'NONE', #833, #1586 ) ;
#1091 = FACE_OUTER_BOUND ( 'NONE', #1145, .T. ) ;
#1092 = VECTOR ( 'NONE', #564, 1000.000000000000000 ) ;
#1093 = LINE ( 'NONE', #952, #754 ) ;
#1094 = VERTEX_POINT ( 'NONE', #782 ) ;
#1095 = LINE ( 'NONE', #1454, #383 ) ;
#1096 = CARTESIAN_POINT ( 'NONE',  ( 20.49999999999395328, 162.0000000000000000, 38.99999999998749445 ) ) ;
#1097 = ORIENTED_EDGE ( 'NONE', *, *, #530, .T. ) ;
#1098 = DIRECTION ( 'NONE',  ( -1.000000000000000000, 0.000000000000000000, 5.552242693385167627E-13 ) ) ;
#1099 = PLANE ( 'NONE',  #1104 ) ;
#1100 = DIRECTION ( 'NONE',  ( 0.000000000000000000, -1.000000000000000000, 0.000000000000000000 ) ) ;
#1101 = ADVANCED_FACE ( 'NONE', ( #1032 ), #1544, .F. ) ;
#1102 = CARTESIAN_POINT ( 'NONE',  ( -24.50000000000658673, 162.0000000000000000, 38.00000000001248424 ) ) ;
#1103 = ORIENTED_EDGE ( 'NONE', *, *, #8, .T. ) ;
#1104 = AXIS2_PLACEMENT_3D ( 'NONE', #486, #984, #1138 ) ;
#1105 = DIRECTION ( 'NONE',  ( -1.000000000000000000, 0.000000000000000000, 5.552242693385167627E-13 ) ) ;
#1106 = VECTOR ( 'NONE', #1234, 1000.000000000000000 ) ;
#1107 = ORIENTED_EDGE ( 'NONE', *, *, #178, .T. ) ;
#1108 = PLANE ( 'NONE',  #171 ) ;
#1109 = VECTOR ( 'NONE', #1148, 1000.000000000000000 ) ;
#1110 = CARTESIAN_POINT ( 'NONE',  ( -39.50000000000660094, 162.0000000000000000, 38.00000000002081180 ) ) ;
#1111 = CARTESIAN_POINT ( 'NONE',  ( 5.499999999993399058, 162.0000000000000000, 37.99999999999582911 ) ) ;
#1112 = ADVANCED_FACE ( 'NONE', ( #1157 ), #523, .F. ) ;
#1113 = VERTEX_POINT ( 'NONE', #789 ) ;
#1114 = PLANE ( 'NONE',  #1135 ) ;
#1115 =( LENGTH_UNIT ( ) NAMED_UNIT ( * ) SI_UNIT ( .MILLI., .METRE. ) );
#1116 = EDGE_LOOP ( 'NONE', ( #85, #445, #261, #558 ) ) ;
#1117 = EDGE_LOOP ( 'NONE', ( #692, #98, #240, #962 ) ) ;
#1118 = DIRECTION ( 'NONE',  ( 5.551086211067849419E-13, 0.000000000000000000, 1.000000000000000000 ) ) ;
#1119 = CARTESIAN_POINT ( 'NONE',  ( 45.00000000000729017, 170.0000000000000568, 62.99999999997389466 ) ) ;
#1120 = DIRECTION ( 'NONE',  ( -1.000000000000000000, 0.000000000000000000, 5.552242693385167627E-13 ) ) ;
#1121 = CARTESIAN_POINT ( 'NONE',  ( -52.00000000000494538, 170.0000000000000000, 41.00000000002775380 ) ) ;
#1122 = ADVANCED_FACE ( 'NONE', ( #764 ), #662, .F. ) ;
#1123 = DIRECTION ( 'NONE',  ( -1.000000000000000000, -1.235411377550249001E-16, 5.552242693385167627E-13 ) ) ;
#1124 = EDGE_LOOP ( 'NONE', ( #857, #797, #1207, #1648 ) ) ;
#1125 = EDGE_CURVE ( 'NONE', #1662, #276, #397, .T. ) ;
#1126 = ORIENTED_EDGE ( 'NONE', *, *, #1278, .T. ) ;
#1127 = DIRECTION ( 'NONE',  ( -0.000000000000000000, -1.000000000000000000, -0.000000000000000000 ) ) ;
#1128 = DIRECTION ( 'NONE',  ( 5.552242693385167627E-13, 0.000000000000000000, 1.000000000000000000 ) ) ;
#1129 = LINE ( 'NONE', #128, #938 ) ;
#1130 = VERTEX_POINT ( 'NONE', #1038 ) ;
#1131 = VECTOR ( 'NONE', #1254, 1000.000000000000000 ) ;
#1132 = CARTESIAN_POINT ( 'NONE',  ( 20.49999999999395328, 170.0000000000000000, 38.99999999998749445 ) ) ;
#1133 = ORIENTED_EDGE ( 'NONE', *, *, #175, .F. ) ;
#1134 = VECTOR ( 'NONE', #391, 1000.000000000000000 ) ;
#1135 = AXIS2_PLACEMENT_3D ( 'NONE', #1500, #347, #1227 ) ;
#1136 = EDGE_CURVE ( 'NONE', #815, #249, #645, .T. ) ;
#1137 = ORIENTED_EDGE ( 'NONE', *, *, #329, .F. ) ;
#1138 = DIRECTION ( 'NONE',  ( 5.627063295405038219E-32, 1.000000000000000000, 1.013475744154521634E-19 ) ) ;
#1139 = CIRCLE ( 'NONE', #864, 4.000000000000003553 ) ;
#1140 = LINE ( 'NONE', #513, #944 ) ;
#1141 = DIRECTION ( 'NONE',  ( 5.552242693385167627E-13, 0.000000000000000000, 1.000000000000000000 ) ) ;
#1142 = ORIENTED_EDGE ( 'NONE', *, *, #949, .T. ) ;
#1143 = DIRECTION ( 'NONE',  ( -5.552242693385167627E-13, -0.000000000000000000, -1.000000000000000000 ) ) ;
#1144 = ORIENTED_EDGE ( 'NONE', *, *, #124, .T. ) ;
#1145 = EDGE_LOOP ( 'NONE', ( #35, #1661, #641, #188 ) ) ;
#1146 = EDGE_CURVE ( 'NONE', #1503, #1575, #136, .T. ) ;
#1147 =( NAMED_UNIT ( * ) SI_UNIT ( $, .STERADIAN. ) SOLID_ANGLE_UNIT ( ) );
#1148 = DIRECTION ( 'NONE',  ( 0.000000000000000000, 1.000000000000000000, 0.000000000000000000 ) ) ;
#1149 = CARTESIAN_POINT ( 'NONE',  ( -24.40000000000605596, 331.7999999999998977, 39.00000000001239897 ) ) ;
#1150 = DIRECTION ( 'NONE',  ( -5.552242693385167627E-13, 0.000000000000000000, -1.000000000000000000 ) ) ;
#1151 = ORIENTED_EDGE ( 'NONE', *, *, #350, .F. ) ;
#1152 = VERTEX_POINT ( 'NONE', #268 ) ;
#1153 = CARTESIAN_POINT ( 'NONE',  ( 20.39999999999394475, 331.7999999999998977, 38.99999999998752287 ) ) ;
#1154 = DIRECTION ( 'NONE',  ( -7.931910613147255541E-29, 1.000000000000000000, -1.428595803745606684E-16 ) ) ;
#1155 = LINE ( 'NONE', #779, #557 ) ;
#1156 = EDGE_CURVE ( 'NONE', #1363, #492, #404, .T. ) ;
#1157 = FACE_OUTER_BOUND ( 'NONE', #1018, .T. ) ;
#1158 = SHAPE_DEFINITION_REPRESENTATION ( #859, #225 ) ;
#1159 = VERTEX_POINT ( 'NONE', #795 ) ;
#1160 = AXIS2_PLACEMENT_3D ( 'NONE', #1429, #507, #266 ) ;
#1161 = ORIENTED_EDGE ( 'NONE', *, *, #234, .F. ) ;
#1162 = LINE ( 'NONE', #752, #1449 ) ;
#1163 = VECTOR ( 'NONE', #777, 1000.000000000000000 ) ;
#1164 = VECTOR ( 'NONE', #305, 1000.000000000000000 ) ;
#1165 = LINE ( 'NONE', #1436, #1210 ) ;
#1166 = VECTOR ( 'NONE', #326, 1000.000000000000000 ) ;
#1167 = DIRECTION ( 'NONE',  ( 1.000000000000000000, -0.000000000000000000, -5.553383958829889263E-13 ) ) ;
#1168 = EDGE_CURVE ( 'NONE', #1571, #68, #7, .T. ) ;
#1169 = PRODUCT_CONTEXT ( 'NONE', #1343, 'mechanical' ) ;
#1170 = ORIENTED_EDGE ( 'NONE', *, *, #606, .F. ) ;
#1171 = ORIENTED_EDGE ( 'NONE', *, *, #26, .F. ) ;
#1172 = CARTESIAN_POINT ( 'NONE',  ( 23.99999999999450040, 339.9999976677415248, 39.99999999998553335 ) ) ;
#1173 = CARTESIAN_POINT ( 'NONE',  ( 43.99999999999505462, 339.9999999999998863, 40.99999999997442757 ) ) ;
#1174 = DIRECTION ( 'NONE',  ( -5.551115123125783712E-13, -1.249000902703301354E-16, -1.000000000000000000 ) ) ;
#1175 = EDGE_LOOP ( 'NONE', ( #1061, #1097, #1222, #972 ) ) ;
#1176 = EDGE_CURVE ( 'NONE', #106, #1422, #1312, .T. ) ;
#1177 = ORIENTED_EDGE ( 'NONE', *, *, #945, .T. ) ;
#1178 = CARTESIAN_POINT ( 'NONE',  ( 24.00000000000726885, 339.9999976677415248, 62.99999999998554046 ) ) ;
#1179 = SURFACE_STYLE_USAGE ( .BOTH. , #1303 ) ;
#1180 = DIRECTION ( 'NONE',  ( -1.000000000000000000, 0.000000000000000000, 5.553383958829889263E-13 ) ) ;
#1181 = EDGE_CURVE ( 'NONE', #1611, #1282, #39, .T. ) ;
#1182 = FACE_OUTER_BOUND ( 'NONE', #504, .T. ) ;
#1183 = ORIENTED_EDGE ( 'NONE', *, *, #648, .F. ) ;
#1184 = ORIENTED_EDGE ( 'NONE', *, *, #6, .F. ) ;
#1185 = EDGE_CURVE ( 'NONE', #1275, #1363, #773, .T. ) ;
#1186 = AXIS2_PLACEMENT_3D ( 'NONE', #424, #937, #1203 ) ;
#1187 = PRESENTATION_LAYER_ASSIGNMENT (  '', '', ( #1561 ) ) ;
#1188 = FACE_OUTER_BOUND ( 'NONE', #1116, .T. ) ;
#1189 = CIRCLE ( 'NONE', #1452, 9.599999999999997868 ) ;
#1190 = CARTESIAN_POINT ( 'NONE',  ( 24.00000000000726885, 339.9999976677415248, 62.99999999998554046 ) ) ;
#1191 = VECTOR ( 'NONE', #879, 1000.000000000000000 ) ;
#1192 = VERTEX_POINT ( 'NONE', #241 ) ;
#1193 = DIRECTION ( 'NONE',  ( -6.859303841799100612E-29, 1.000000000000000000, -1.235411386100096055E-16 ) ) ;
#1194 = ORIENTED_EDGE ( 'NONE', *, *, #185, .T. ) ;
#1195 = DIRECTION ( 'NONE',  ( -6.934756136065882237E-29, 1.000000000000000000, -1.249000902703301108E-16 ) ) ;
#1196 = DIRECTION ( 'NONE',  ( 0.000000000000000000, 1.000000000000000000, 0.000000000000000000 ) ) ;
#1197 = EDGE_CURVE ( 'NONE', #494, #1152, #126, .T. ) ;
#1198 = CARTESIAN_POINT ( 'NONE',  ( -28.00000000000549250, 339.9999999999998863, 40.00000000001440270 ) ) ;
#1199 = EDGE_LOOP ( 'NONE', ( #1528, #256, #341, #120 ) ) ;
#1200 = LINE ( 'NONE', #672, #1427 ) ;
#1201 = VERTEX_POINT ( 'NONE', #1563 ) ;
#1202 = FACE_OUTER_BOUND ( 'NONE', #1199, .T. ) ;
#1203 = DIRECTION ( 'NONE',  ( -5.552242693385167627E-13, 0.000000000000000000, -1.000000000000000000 ) ) ;
#1204 = EDGE_CURVE ( 'NONE', #960, #548, #920, .T. ) ;
#1205 = ORIENTED_EDGE ( 'NONE', *, *, #1451, .F. ) ;
#1206 = DIRECTION ( 'NONE',  ( 5.552242693385167627E-13, 0.000000000000000000, 1.000000000000000000 ) ) ;
#1207 = ORIENTED_EDGE ( 'NONE', *, *, #1079, .F. ) ;
#1208 = DIRECTION ( 'NONE',  ( 7.931910613147255541E-29, -1.000000000000000000, 1.428595803745606684E-16 ) ) ;
#1209 = DIRECTION ( 'NONE',  ( 1.000000000000000000, 0.000000000000000000, -5.551086211067849419E-13 ) ) ;
#1210 = VECTOR ( 'NONE', #1304, 1000.000000000000000 ) ;
#1211 = LINE ( 'NONE', #303, #1374 ) ;
#1212 = VECTOR ( 'NONE', #853, 1000.000000000000000 ) ;
#1213 = ORIENTED_EDGE ( 'NONE', *, *, #178, .F. ) ;
#1214 = AXIS2_PLACEMENT_3D ( 'NONE', #939, #812, #46 ) ;
#1215 = EDGE_CURVE ( 'NONE', #283, #633, #400, .T. ) ;
#1216 = AXIS2_PLACEMENT_3D ( 'NONE', #1606, #1628, #951 ) ;
#1217 = LINE ( 'NONE', #571, #408 ) ;
#1218 = ORIENTED_EDGE ( 'NONE', *, *, #799, .T. ) ;
#1219 = FACE_BOUND ( 'NONE', #1502, .T. ) ;
#1220 = ORIENTED_EDGE ( 'NONE', *, *, #55, .F. ) ;
#1221 = PLANE ( 'NONE',  #970 ) ;
#1222 = ORIENTED_EDGE ( 'NONE', *, *, #1479, .T. ) ;
#1223 = ADVANCED_FACE ( 'NONE', ( #20 ), #158, .F. ) ;
#1224 = CARTESIAN_POINT ( 'NONE',  ( -27.99999999999269562, 170.0000000000000000, 63.00000000001443112 ) ) ;
#1225 = CARTESIAN_POINT ( 'NONE',  ( 48.00000000000116529, 162.0000000000000000, 51.99999999997221067 ) ) ;
#1226 = EDGE_LOOP ( 'NONE', ( #299, #131, #1, #968 ) ) ;
#1227 = DIRECTION ( 'NONE',  ( 5.552242693385167627E-13, 0.000000000000000000, 1.000000000000000000 ) ) ;
#1228 = DIRECTION ( 'NONE',  ( 5.552242693385167627E-13, 0.000000000000000000, 1.000000000000000000 ) ) ;
#1229 = ORIENTED_EDGE ( 'NONE', *, *, #979, .F. ) ;
#1230 = ADVANCED_FACE ( 'NONE', ( #1284 ), #1434, .F. ) ;
#1231 = DIRECTION ( 'NONE',  ( -1.000000000000000000, 0.000000000000000000, 5.553383958829889263E-13 ) ) ;
#1232 = CARTESIAN_POINT ( 'NONE',  ( -38.49999999999377565, 1.199040866595168945E-15, 61.10000000002028031 ) ) ;
#1233 = CARTESIAN_POINT ( 'NONE',  ( -9.500000000006600942, 162.0000000000000000, 38.00000000000415668 ) ) ;
#1234 = DIRECTION ( 'NONE',  ( 0.000000000000000000, 1.000000000000000000, 0.000000000000000000 ) ) ;
#1235 = AXIS2_PLACEMENT_3D ( 'NONE', #401, #1293, #635 ) ;
#1236 = CARTESIAN_POINT ( 'NONE',  ( -51.99999999999884182, 170.0000000000000000, 52.00000000002773248 ) ) ;
#1237 = AXIS2_PLACEMENT_3D ( 'NONE', #576, #561, #703 ) ;
#1238 = DIRECTION ( 'NONE',  ( -5.551086211067849419E-13, 0.000000000000000000, -1.000000000000000000 ) ) ;
#1239 = EDGE_LOOP ( 'NONE', ( #1087, #1529, #157, #1553 ) ) ;
#1240 = VECTOR ( 'NONE', #388, 1000.000000000000000 ) ;
#1241 = VERTEX_POINT ( 'NONE', #903 ) ;
#1242 = CARTESIAN_POINT ( 'NONE',  ( -39.60000000000673026, 339.9999999999998863, 37.80000000002083738 ) ) ;
#1243 = EDGE_CURVE ( 'NONE', #494, #151, #1070, .T. ) ;
#1244 = DIRECTION ( 'NONE',  ( -5.551115123125783712E-13, -1.249000902703301354E-16, -1.000000000000000000 ) ) ;
#1245 = ADVANCED_FACE ( 'NONE', ( #333 ), #1585, .F. ) ;
#1246 = CARTESIAN_POINT ( 'NONE',  ( -24.50000000000658673, 162.0000000000000000, 38.00000000001248424 ) ) ;
#1247 = LINE ( 'NONE', #1132, #1402 ) ;
#1248 = CARTESIAN_POINT ( 'NONE',  ( 48.00000000000116529, 331.7999999999998977, 51.99999999997221067 ) ) ;
#1249 = EDGE_LOOP ( 'NONE', ( #847, #511, #1324, #1493 ) ) ;
#1250 = EDGE_CURVE ( 'NONE', #1422, #1571, #1325, .T. ) ;
#1251 = VERTEX_POINT ( 'NONE', #423 ) ;
#1252 = LINE ( 'NONE', #1242, #995 ) ;
#1253 = PLANE ( 'NONE',  #13 ) ;
#1254 = DIRECTION ( 'NONE',  ( 7.931910613147255541E-29, -1.000000000000000000, 1.428595803745606684E-16 ) ) ;
#1255 = ORIENTED_EDGE ( 'NONE', *, *, #1466, .T. ) ;
#1256 = ADVANCED_FACE ( 'NONE', ( #1472 ), #441, .F. ) ;
#1257 = LINE ( 'NONE', #996, #355 ) ;
#1258 = DIRECTION ( 'NONE',  ( 0.000000000000000000, 0.000000000000000000, 1.000000000000000000 ) ) ;
#1259 = VERTEX_POINT ( 'NONE', #1350 ) ;
#1260 = VERTEX_POINT ( 'NONE', #680 ) ;
#1261 = LINE ( 'NONE', #1003, #457 ) ;
#1262 = LINE ( 'NONE', #506, #567 ) ;
#1263 = FACE_OUTER_BOUND ( 'NONE', #1523, .T. ) ;
#1264 = VERTEX_POINT ( 'NONE', #707 ) ;
#1265 = AXIS2_PLACEMENT_3D ( 'NONE', #1534, #898, #1043 ) ;
#1266 = PLANE ( 'NONE',  #780 ) ;
#1267 = ADVANCED_FACE ( 'NONE', ( #182 ), #1464, .F. ) ;
#1268 = EDGE_LOOP ( 'NONE', ( #785, #392, #1283, #1439 ) ) ;
#1269 = VECTOR ( 'NONE', #1627, 1000.000000000000000 ) ;
#1270 = VECTOR ( 'NONE', #112, 1000.000000000000000 ) ;
#1271 = EDGE_LOOP ( 'NONE', ( #1213, #1171, #384, #599 ) ) ;
#1272 = DIRECTION ( 'NONE',  ( 1.000000000000000000, 0.000000000000000000, -5.552242693385167627E-13 ) ) ;
#1273 = PLANE ( 'NONE',  #322 ) ;
#1274 = CARTESIAN_POINT ( 'NONE',  ( 45.00000000000729017, 170.0000000000000000, 62.99999999997388045 ) ) ;
#1275 = VERTEX_POINT ( 'NONE', #1357 ) ;
#1276 = ORIENTED_EDGE ( 'NONE', *, *, #911, .F. ) ;
#1277 = LINE ( 'NONE', #133, #1400 ) ;
#1278 = EDGE_CURVE ( 'NONE', #815, #1631, #1448, .T. ) ;
#1279 = CARTESIAN_POINT ( 'NONE',  ( -9.500000000006600942, 162.0000000000000000, 38.00000000000415668 ) ) ;
#1280 = CARTESIAN_POINT ( 'NONE',  ( 20.49999999999339906, 162.0000000000000000, 37.99999999998750155 ) ) ;
#1281 = DIRECTION ( 'NONE',  ( 0.000000000000000000, -1.000000000000000000, 0.000000000000000000 ) ) ;
#1282 = VERTEX_POINT ( 'NONE', #1088 ) ;
#1283 = ORIENTED_EDGE ( 'NONE', *, *, #882, .F. ) ;
#1284 = FACE_OUTER_BOUND ( 'NONE', #366, .T. ) ;
#1285 = SURFACE_STYLE_FILL_AREA ( #1426 ) ;
#1286 = EDGE_CURVE ( 'NONE', #1282, #414, #456, .T. ) ;
#1287 = LINE ( 'NONE', #5, #1370 ) ;
#1288 = CARTESIAN_POINT ( 'NONE',  ( 35.59999999999394049, 339.9999999999998863, 38.99999999997908162 ) ) ;
#1289 = EDGE_LOOP ( 'NONE', ( #41, #476, #1659, #627 ) ) ;
#1290 = VECTOR ( 'NONE', #365, 1000.000000000000000 ) ;
#1291 = AXIS2_PLACEMENT_3D ( 'NONE', #31, #1281, #1552 ) ;
#1292 = ORIENTED_EDGE ( 'NONE', *, *, #595, .F. ) ;
#1293 = DIRECTION ( 'NONE',  ( 5.552242693385167627E-13, 1.428595803745606684E-16, 1.000000000000000000 ) ) ;
#1294 = VECTOR ( 'NONE', #470, 1000.000000000000000 ) ;
#1295 = VECTOR ( 'NONE', #1206, 1000.000000000000000 ) ;
#1296 = FACE_OUTER_BOUND ( 'NONE', #677, .T. ) ;
#1297 = VECTOR ( 'NONE', #79, 1000.000000000000000 ) ;
#1298 = EDGE_CURVE ( 'NONE', #474, #177, #314, .T. ) ;
#1299 = DIRECTION ( 'NONE',  ( 5.552242693385167627E-13, 0.000000000000000000, 1.000000000000000000 ) ) ;
#1300 = ADVANCED_FACE ( 'NONE', ( #1202 ), #433, .T. ) ;
#1301 = ORIENTED_EDGE ( 'NONE', *, *, #1250, .F. ) ;
#1302 = ORIENTED_EDGE ( 'NONE', *, *, #616, .T. ) ;
#1303 = SURFACE_SIDE_STYLE ('',( #1285 ) ) ;
#1304 = DIRECTION ( 'NONE',  ( -1.000000000000000000, 0.000000000000000000, 5.552242693385167627E-13 ) ) ;
#1305 = DIRECTION ( 'NONE',  ( -5.552242693385167627E-13, -0.000000000000000000, -1.000000000000000000 ) ) ;
#1306 = ORIENTED_EDGE ( 'NONE', *, *, #1146, .F. ) ;
#1307 = EDGE_CURVE ( 'NONE', #1010, #1035, #307, .T. ) ;
#1308 = ORIENTED_EDGE ( 'NONE', *, *, #848, .T. ) ;
#1309 = CARTESIAN_POINT ( 'NONE',  ( 5.499999999993399058, 162.0000000000000000, 37.99999999999582911 ) ) ;
#1310 = CARTESIAN_POINT ( 'NONE',  ( 35.49999999999395328, 162.0000000000000000, 38.99999999997916689 ) ) ;
#1311 = DIRECTION ( 'NONE',  ( -1.000000000000000000, 0.000000000000000000, 5.551086211067849419E-13 ) ) ;
#1312 = LINE ( 'NONE', #160, #778 ) ;
#1313 = ORIENTED_EDGE ( 'NONE', *, *, #132, .T. ) ;
#1314 = EDGE_CURVE ( 'NONE', #1480, #328, #1597, .T. ) ;
#1315 = CARTESIAN_POINT ( 'NONE',  ( 5.499999999993399058, 170.0000000000000000, 37.99999999999582911 ) ) ;
#1316 = ORIENTED_EDGE ( 'NONE', *, *, #1389, .F. ) ;
#1317 = CARTESIAN_POINT ( 'NONE',  ( 5.599999999993388045, 331.7999999999998977, 37.99999999999575095 ) ) ;
#1318 = DIRECTION ( 'NONE',  ( 5.551115123125783712E-13, 0.000000000000000000, 1.000000000000000000 ) ) ;
#1319 = AXIS2_PLACEMENT_3D ( 'NONE', #632, #375, #509 ) ;
#1320 = STYLED_ITEM ( 'NONE', ( #719 ), #225 ) ;
#1321 = DIRECTION ( 'NONE',  ( -1.235411377550249001E-16, 1.000000000000000000, 6.859303794328274387E-29 ) ) ;
#1322 = ORIENTED_EDGE ( 'NONE', *, *, #595, .T. ) ;
#1323 = LINE ( 'NONE', #172, #914 ) ;
#1324 = ORIENTED_EDGE ( 'NONE', *, *, #1079, .T. ) ;
#1325 = LINE ( 'NONE', #1612, #899 ) ;
#1326 = ADVANCED_FACE ( 'NONE', ( #1626 ), #1108, .F. ) ;
#1327 = DIRECTION ( 'NONE',  ( 0.000000000000000000, 1.000000000000000000, 0.000000000000000000 ) ) ;
#1328 = ORIENTED_EDGE ( 'NONE', *, *, #1298, .T. ) ;
#1329 = AXIS2_PLACEMENT_3D ( 'NONE', #190, #1098, #1339 ) ;
#1330 = LINE ( 'NONE', #345, #916 ) ;
#1331 = ORIENTED_EDGE ( 'NONE', *, *, #892, .T. ) ;
#1332 = LINE ( 'NONE', #954, #1649 ) ;
#1333 = EDGE_LOOP ( 'NONE', ( #733, #432, #115, #65 ) ) ;
#1334 = PLANE ( 'NONE',  #967 ) ;
#1335 = EDGE_CURVE ( 'NONE', #742, #1264, #437, .T. ) ;
#1336 = ORIENTED_EDGE ( 'NONE', *, *, #524, .F. ) ;
#1337 = CARTESIAN_POINT ( 'NONE',  ( 47.99999999998728839, 170.0000000000000000, 26.99999999997212541 ) ) ;
#1338 = VERTEX_POINT ( 'NONE', #818 ) ;
#1339 = DIRECTION ( 'NONE',  ( 5.552242693385167627E-13, 0.000000000000000000, 1.000000000000000000 ) ) ;
#1340 = CARTESIAN_POINT ( 'NONE',  ( -39.50000000000604672, 162.0000000000000000, 39.00000000002081180 ) ) ;
#1341 = AXIS2_PLACEMENT_3D ( 'NONE', #1629, #1120, #469 ) ;
#1342 = DIRECTION ( 'NONE',  ( 5.552242693385167627E-13, 0.000000000000000000, 1.000000000000000000 ) ) ;
#1343 = APPLICATION_CONTEXT ( 'automotive_design' ) ;
#1344 = VECTOR ( 'NONE', #828, 1000.000000000000000 ) ;
#1345 = ORIENTED_EDGE ( 'NONE', *, *, #749, .T. ) ;
#1346 = EDGE_CURVE ( 'NONE', #328, #575, #976, .T. ) ;
#1347 = COLOUR_RGB ( '',0.7921568627450980005, 0.8196078431372548767, 0.9333333333333333481 ) ;
#1348 = DIRECTION ( 'NONE',  ( 1.000000000000000000, 0.000000000000000000, -5.552242693385167627E-13 ) ) ;
#1349 = EDGE_LOOP ( 'NONE', ( #228, #47, #1408, #1581 ) ) ;
#1350 = CARTESIAN_POINT ( 'NONE',  ( 35.49999999999339906, 170.0000000000000000, 37.99999999997917399 ) ) ;
#1351 = LINE ( 'NONE', #217, #219 ) ;
#1352 = PLANE ( 'NONE',  #1376 ) ;
#1353 = LINE ( 'NONE', #452, #562 ) ;
#1354 = DIRECTION ( 'NONE',  ( 1.000000000000000000, -0.000000000000000000, -5.553383958829889263E-13 ) ) ;
#1355 = EDGE_CURVE ( 'NONE', #1539, #1554, #1486, .T. ) ;
#1356 = ORIENTED_EDGE ( 'NONE', *, *, #431, .T. ) ;
#1357 = CARTESIAN_POINT ( 'NONE',  ( 20.39999999999394475, 339.9999999999998863, 38.99999999998752287 ) ) ;
#1358 = DIRECTION ( 'NONE',  ( -6.934756136065882237E-29, 1.000000000000000000, -1.249000902703301108E-16 ) ) ;
#1359 = CARTESIAN_POINT ( 'NONE',  ( 35.59999999999394049, 339.9999999999998863, 38.99999999997908162 ) ) ;
#1360 = DIRECTION ( 'NONE',  ( -5.551086211067849419E-13, 0.000000000000000000, -1.000000000000000000 ) ) ;
#1361 = CARTESIAN_POINT ( 'NONE',  ( 35.59999999999394049, 331.7999999999998977, 38.99999999997908873 ) ) ;
#1362 = DIRECTION ( 'NONE',  ( 1.000000000000000000, -0.000000000000000000, -5.552242693385167627E-13 ) ) ;
#1363 = VERTEX_POINT ( 'NONE', #1359 ) ;
#1364 = ADVANCED_FACE ( 'NONE', ( #1600, #468, #449, #966, #220, #726 ), #335, .F. ) ;
#1365 = ORIENTED_EDGE ( 'NONE', *, *, #210, .F. ) ;
#1366 = DIRECTION ( 'NONE',  ( 1.000000000000000000, 0.000000000000000000, -5.551086211067849419E-13 ) ) ;
#1367 = ADVANCED_FACE ( 'NONE', ( #843 ), #715, .F. ) ;
#1368 = LINE ( 'NONE', #444, #1166 ) ;
#1369 = CARTESIAN_POINT ( 'NONE',  ( -9.500000000006044942, 170.0000000000000000, 39.00000000000415668 ) ) ;
#1370 = VECTOR ( 'NONE', #638, 1000.000000000000000 ) ;
#1371 = EDGE_LOOP ( 'NONE', ( #998, #1313, #122, #1608 ) ) ;
#1372 = AXIS2_PLACEMENT_3D ( 'NONE', #639, #1431, #24 ) ;
#1373 = DIRECTION ( 'NONE',  ( -0.000000000000000000, -1.000000000000000000, -0.000000000000000000 ) ) ;
#1374 = VECTOR ( 'NONE', #1607, 1000.000000000000000 ) ;
#1375 = ORIENTED_EDGE ( 'NONE', *, *, #55, .T. ) ;
#1376 = AXIS2_PLACEMENT_3D ( 'NONE', #1225, #1100, #593 ) ;
#1377 = ORIENTED_EDGE ( 'NONE', *, *, #231, .F. ) ;
#1378 = CARTESIAN_POINT ( 'NONE',  ( -39.50000000000604672, 162.0000000000000000, 39.00000000002081180 ) ) ;
#1379 = LINE ( 'NONE', #623, #591 ) ;
#1380 = EDGE_CURVE ( 'NONE', #1259, #909, #1083, .T. ) ;
#1381 = CARTESIAN_POINT ( 'NONE',  ( -39.60000000000673026, 331.7999999999998977, 37.80000000002083738 ) ) ;
#1382 = VERTEX_POINT ( 'NONE', #194 ) ;
#1383 = FACE_OUTER_BOUND ( 'NONE', #1249, .T. ) ;
#1384 = ORIENTED_EDGE ( 'NONE', *, *, #526, .T. ) ;
#1385 = ORIENTED_EDGE ( 'NONE', *, *, #826, .T. ) ;
#1386 = LINE ( 'NONE', #242, #1269 ) ;
#1387 = CARTESIAN_POINT ( 'NONE',  ( 45.00000000000116529, 170.0000000000000000, 51.99999999997387334 ) ) ;
#1388 = DIRECTION ( 'NONE',  ( -1.235411386100782117E-16, 1.000000000000000000, -1.235411386099410485E-16 ) ) ;
#1389 = EDGE_CURVE ( 'NONE', #482, #746, #1368, .T. ) ;
#1390 = EDGE_LOOP ( 'NONE', ( #759, #1170, #163, #25 ) ) ;
#1391 = CARTESIAN_POINT ( 'NONE',  ( 34.50000000000088107, 170.0000000000000000, 51.49999999997972822 ) ) ;
#1392 = ORIENTED_EDGE ( 'NONE', *, *, #282, .T. ) ;
#1393 = ORIENTED_EDGE ( 'NONE', *, *, #774, .F. ) ;
#1394 =( NAMED_UNIT ( * ) PLANE_ANGLE_UNIT ( ) SI_UNIT ( $, .RADIAN. ) );
#1395 = CARTESIAN_POINT ( 'NONE',  ( -9.600000000005943335, 331.7999999999998977, 39.20000000000419504 ) ) ;
#1396 = CARTESIAN_POINT ( 'NONE',  ( -39.50000000000604672, 162.0000000000000000, 39.00000000002081180 ) ) ;
#1397 = PLANE ( 'NONE',  #695 ) ;
#1398 = CIRCLE ( 'NONE', #87, 9.599999999999997868 ) ;
#1399 = VERTEX_POINT ( 'NONE', #1497 ) ;
#1400 = VECTOR ( 'NONE', #3, 1000.000000000000000 ) ;
#1401 = EDGE_CURVE ( 'NONE', #902, #1503, #202, .T. ) ;
#1402 = VECTOR ( 'NONE', #104, 1000.000000000000000 ) ;
#1403 = ORIENTED_EDGE ( 'NONE', *, *, #1545, .T. ) ;
#1404 = FACE_OUTER_BOUND ( 'NONE', #200, .T. ) ;
#1405 = CARTESIAN_POINT ( 'NONE',  ( -24.40000000000605596, 331.7999999999998977, 39.00000000001239897 ) ) ;
#1406 = CYLINDRICAL_SURFACE ( 'NONE', #379, 3.999999999999996447 ) ;
#1407 = CARTESIAN_POINT ( 'NONE',  ( 35.59999999999327258, 339.9999999999998863, 37.79999999997908589 ) ) ;
#1408 = ORIENTED_EDGE ( 'NONE', *, *, #117, .F. ) ;
#1409 = EDGE_CURVE ( 'NONE', #1260, #143, #959, .T. ) ;
#1410 = ORIENTED_EDGE ( 'NONE', *, *, #1185, .T. ) ;
#1411 = LINE ( 'NONE', #1657, #808 ) ;
#1412 = DIRECTION ( 'NONE',  ( -6.934756136065882237E-29, 1.000000000000000000, -1.249000902703301108E-16 ) ) ;
#1413 = CYLINDRICAL_SURFACE ( 'NONE', #381, 9.599999999999997868 ) ;
#1414 = EDGE_LOOP ( 'NONE', ( #186, #1644, #1301, #1530 ) ) ;
#1415 = VERTEX_POINT ( 'NONE', #71 ) ;
#1416 = CARTESIAN_POINT ( 'NONE',  ( -52.00000000001271871, 339.9999999999998863, 27.00000000002764722 ) ) ;
#1417 = EDGE_CURVE ( 'NONE', #106, #492, #309, .T. ) ;
#1418 = DIRECTION ( 'NONE',  ( -5.552242693385167627E-13, 0.000000000000000000, -1.000000000000000000 ) ) ;
#1419 = ADVANCED_FACE ( 'NONE', ( #1091 ), #1352, .T. ) ;
#1420 = CARTESIAN_POINT ( 'NONE',  ( -39.50000000000604672, 170.0000000000000000, 39.00000000002081180 ) ) ;
#1421 = LINE ( 'NONE', #655, #912 ) ;
#1422 = VERTEX_POINT ( 'NONE', #344 ) ;
#1423 = AXIS2_PLACEMENT_3D ( 'NONE', #1063, #1327, #811 ) ;
#1424 = VECTOR ( 'NONE', #1052, 1000.000000000000000 ) ;
#1425 = ORIENTED_EDGE ( 'NONE', *, *, #67, .T. ) ;
#1426 = FILL_AREA_STYLE ('',( #910 ) ) ;
#1427 = VECTOR ( 'NONE', #946, 1000.000000000000000 ) ;
#1428 = AXIS2_PLACEMENT_3D ( 'NONE', #728, #873, #1244 ) ;
#1429 = CARTESIAN_POINT ( 'NONE',  ( 48.00000000000116529, 331.7999999999998977, 51.99999999997221067 ) ) ;
#1430 = ADVANCED_FACE ( 'NONE', ( #744 ), #630, .F. ) ;
#1431 = DIRECTION ( 'NONE',  ( -1.000000000000000000, 0.000000000000000000, 5.552242693385167627E-13 ) ) ;
#1432 = ORIENTED_EDGE ( 'NONE', *, *, #149, .F. ) ;
#1433 = ORIENTED_EDGE ( 'NONE', *, *, #1168, .T. ) ;
#1434 = PLANE ( 'NONE',  #1488 ) ;
#1435 = DIRECTION ( 'NONE',  ( -1.000000000000000000, 0.000000000000000000, 5.552242693385167627E-13 ) ) ;
#1436 = CARTESIAN_POINT ( 'NONE',  ( 24.00000000000726885, 339.9999976677415248, 62.99999999998554046 ) ) ;
#1437 = LINE ( 'NONE', #288, #588 ) ;
#1438 = EDGE_CURVE ( 'NONE', #482, #1631, #1411, .T. ) ;
#1439 = ORIENTED_EDGE ( 'NONE', *, *, #1451, .T. ) ;
#1440 = ORIENTED_EDGE ( 'NONE', *, *, #1409, .F. ) ;
#1441 = CARTESIAN_POINT ( 'NONE',  ( 45.00000000000726885, 339.9999976677415248, 62.99999999997388045 ) ) ;
#1442 = CARTESIAN_POINT ( 'NONE',  ( -51.99999999999884182, 0.000000000000000000, 52.00000000002773248 ) ) ;
#1443 = CARTESIAN_POINT ( 'NONE',  ( -48.99999999999273115, 339.9999999999998863, 63.00000000002606271 ) ) ;
#1444 = VERTEX_POINT ( 'NONE', #364 ) ;
#1445 = CARTESIAN_POINT ( 'NONE',  ( 23.99999999999452172, 170.0000000000000568, 39.99999999998556177 ) ) ;
#1446 = ADVANCED_FACE ( 'NONE', ( #265 ), #1253, .F. ) ;
#1447 = EDGE_LOOP ( 'NONE', ( #656, #1276, #545, #563 ) ) ;
#1448 = LINE ( 'NONE', #174, #928 ) ;
#1449 = VECTOR ( 'NONE', #1036, 1000.000000000000000 ) ;
#1450 = DIRECTION ( 'NONE',  ( -1.235411377550934817E-16, 1.000000000000000000, -1.235411377549563185E-16 ) ) ;
#1451 = EDGE_CURVE ( 'NONE', #1489, #1399, #356, .T. ) ;
#1452 = AXIS2_PLACEMENT_3D ( 'NONE', #213, #1373, #121 ) ;
#1453 = ORIENTED_EDGE ( 'NONE', *, *, #1021, .T. ) ;
#1454 = CARTESIAN_POINT ( 'NONE',  ( 46.50000000000282796, 1.500000000000000222, 54.99999999997304201 ) ) ;
#1455 = ORIENTED_EDGE ( 'NONE', *, *, #419, .F. ) ;
#1456 = DIRECTION ( 'NONE',  ( 5.551115123125777653E-13, 0.000000000000000000, 1.000000000000000000 ) ) ;
#1457 = EDGE_CURVE ( 'NONE', #1152, #229, #1665, .T. ) ;
#1458 = FACE_OUTER_BOUND ( 'NONE', #304, .T. ) ;
#1459 = DIRECTION ( 'NONE',  ( -6.934756136065882237E-29, 1.000000000000000000, -1.249000902703301108E-16 ) ) ;
#1460 = CARTESIAN_POINT ( 'NONE',  ( 43.99999999999283773, 170.0000000000000000, 36.99999999997444888 ) ) ;
#1461 = ORIENTED_EDGE ( 'NONE', *, *, #826, .F. ) ;
#1462 = CARTESIAN_POINT ( 'NONE',  ( 35.59999999999394049, 331.7999999999998977, 38.99999999997908873 ) ) ;
#1463 = ORIENTED_EDGE ( 'NONE', *, *, #1067, .F. ) ;
#1464 = PLANE ( 'NONE',  #796 ) ;
#1465 = DIRECTION ( 'NONE',  ( 0.000000000000000000, 1.000000000000000000, 0.000000000000000000 ) ) ;
#1466 = EDGE_CURVE ( 'NONE', #173, #869, #1262, .T. ) ;
#1467 = CARTESIAN_POINT ( 'NONE',  ( 43.99999999999283773, 339.9999999999998863, 36.99999999997441336 ) ) ;
#1468 = EDGE_LOOP ( 'NONE', ( #748, #1483, #82, #49 ) ) ;
#1469 = CARTESIAN_POINT ( 'NONE',  ( 48.00000000000283507, 340.0000000000000000, 54.99999999997221067 ) ) ;
#1470 = FILL_AREA_STYLE ('',( #1624 ) ) ;
#1471 = ORIENTED_EDGE ( 'NONE', *, *, #1355, .T. ) ;
#1472 = FACE_OUTER_BOUND ( 'NONE', #12, .T. ) ;
#1473 = CARTESIAN_POINT ( 'NONE',  ( -38.49999999999910472, 339.9999999999998863, 51.50000000002023626 ) ) ;
#1474 = AXIS2_PLACEMENT_3D ( 'NONE', #159, #1579, #958 ) ;
#1475 = VECTOR ( 'NONE', #528, 1000.000000000000000 ) ;
#1476 = CARTESIAN_POINT ( 'NONE',  ( 5.599999999993388045, 331.7999999999998977, 37.99999999999575095 ) ) ;
#1477 = CARTESIAN_POINT ( 'NONE',  ( -39.50000000000604672, 170.0000000000000000, 39.00000000002081180 ) ) ;
#1478 = VECTOR ( 'NONE', #493, 1000.000000000000000 ) ;
#1479 = EDGE_CURVE ( 'NONE', #1201, #249, #1140, .T. ) ;
#1480 = VERTEX_POINT ( 'NONE', #1387 ) ;
#1481 = LINE ( 'NONE', #236, #1478 ) ;
#1482 = CARTESIAN_POINT ( 'NONE',  ( -24.40000000000672031, 331.7999999999998977, 37.80000000001240323 ) ) ;
#1483 = ORIENTED_EDGE ( 'NONE', *, *, #8, .F. ) ;
#1484 = CARTESIAN_POINT ( 'NONE',  ( -9.500000000006600942, 170.0000000000000000, 38.00000000000415668 ) ) ;
#1485 = DIRECTION ( 'NONE',  ( -5.552242693385167627E-13, 0.000000000000000000, -1.000000000000000000 ) ) ;
#1486 = LINE ( 'NONE', #1074, #167 ) ;
#1487 = CARTESIAN_POINT ( 'NONE',  ( -9.600000000005943335, 331.7999999999998977, 39.20000000000419504 ) ) ;
#1488 = AXIS2_PLACEMENT_3D ( 'NONE', #534, #541, #1055 ) ;
#1489 = VERTEX_POINT ( 'NONE', #770 ) ;
#1490 = EDGE_CURVE ( 'NONE', #377, #1241, #1019, .T. ) ;
#1491 = CARTESIAN_POINT ( 'NONE',  ( 48.00000000000283507, 170.0000000000000000, 54.99999999997221067 ) ) ;
#1492 = FACE_OUTER_BOUND ( 'NONE', #1124, .T. ) ;
#1493 = ORIENTED_EDGE ( 'NONE', *, *, #117, .T. ) ;
#1494 = DIRECTION ( 'NONE',  ( 1.000000000000000000, 0.000000000000000000, -5.552242693385167627E-13 ) ) ;
#1495 = VECTOR ( 'NONE', #688, 1000.000000000000000 ) ;
#1496 = CARTESIAN_POINT ( 'NONE',  ( 48.00000000000727596, 170.0000000000000000, 62.99999999997223199 ) ) ;
#1497 = CARTESIAN_POINT ( 'NONE',  ( -24.50000000000603251, 170.0000000000000000, 39.00000000001248424 ) ) ;
#1498 = CARTESIAN_POINT ( 'NONE',  ( -52.00000000000494538, 339.9999999999998863, 41.00000000002772538 ) ) ;
#1499 = LINE ( 'NONE', #1640, #358 ) ;
#1500 = CARTESIAN_POINT ( 'NONE',  ( -39.60000000000673026, 331.7999999999998977, 37.80000000002083738 ) ) ;
#1501 =( NAMED_UNIT ( * ) SI_UNIT ( $, .STERADIAN. ) SOLID_ANGLE_UNIT ( ) );
#1502 = EDGE_LOOP ( 'NONE', ( #640, #1033 ) ) ;
#1503 = VERTEX_POINT ( 'NONE', #1395 ) ;
#1504 = LINE ( 'NONE', #1496, #854 ) ;
#1505 = CARTESIAN_POINT ( 'NONE',  ( -38.49999999999910472, 170.0000000000000000, 51.50000000002025757 ) ) ;
#1506 = VECTOR ( 'NONE', #1180, 1000.000000000000000 ) ;
#1507 = FACE_OUTER_BOUND ( 'NONE', #407, .T. ) ;
#1508 = VECTOR ( 'NONE', #1305, 1000.000000000000000 ) ;
#1509 = CYLINDRICAL_SURFACE ( 'NONE', #1319, 9.599999999999997868 ) ;
#1510 = VECTOR ( 'NONE', #1105, 1000.000000000000000 ) ;
#1511 = CARTESIAN_POINT ( 'NONE',  ( 5.499999999993954169, 170.0000000000000000, 38.99999999999582911 ) ) ;
#1512 = VECTOR ( 'NONE', #1388, 1000.000000000000000 ) ;
#1513 = VERTEX_POINT ( 'NONE', #4 ) ;
#1514 = VECTOR ( 'NONE', #478, 1000.000000000000000 ) ;
#1515 = ORIENTED_EDGE ( 'NONE', *, *, #354, .F. ) ;
#1516 = ADVANCED_FACE ( 'NONE', ( #134 ), #498, .F. ) ;
#1517 = LINE ( 'NONE', #735, #858 ) ;
#1518 = DIRECTION ( 'NONE',  ( 5.553383958829889263E-13, 1.249000902703301108E-16, 1.000000000000000000 ) ) ;
#1519 = DIRECTION ( 'NONE',  ( 1.000000000000000000, 0.000000000000000000, -5.552242693385167627E-13 ) ) ;
#1520 = ORIENTED_EDGE ( 'NONE', *, *, #637, .T. ) ;
#1521 = DIRECTION ( 'NONE',  ( -0.000000000000000000, -1.000000000000000000, -0.000000000000000000 ) ) ;
#1522 = ORIENTED_EDGE ( 'NONE', *, *, #1156, .F. ) ;
#1523 = EDGE_LOOP ( 'NONE', ( #931, #766, #1306, #1041 ) ) ;
#1524 = CARTESIAN_POINT ( 'NONE',  ( 5.599999999994054178, 339.9999999999998863, 39.19999999999575380 ) ) ;
#1525 = CARTESIAN_POINT ( 'NONE',  ( -39.50000000000660094, 170.0000000000000000, 38.00000000002081180 ) ) ;
#1526 = CARTESIAN_POINT ( 'NONE',  ( 35.49999999999339906, 162.0000000000000000, 37.99999999997917399 ) ) ;
#1527 = EDGE_CURVE ( 'NONE', #1080, #1192, #1379, .T. ) ;
#1528 = ORIENTED_EDGE ( 'NONE', *, *, #945, .F. ) ;
#1529 = ORIENTED_EDGE ( 'NONE', *, *, #905, .F. ) ;
#1530 = ORIENTED_EDGE ( 'NONE', *, *, #234, .T. ) ;
#1531 = CARTESIAN_POINT ( 'NONE',  ( -48.99999999999273115, 339.9999999999998863, 63.00000000002606271 ) ) ;
#1532 = PRODUCT_DEFINITION_CONTEXT ( 'detailed design', #51, 'design' ) ;
#1533 = CARTESIAN_POINT ( 'NONE',  ( 43.99999999999505462, 170.0000000000000000, 40.99999999997444888 ) ) ;
#1534 = CARTESIAN_POINT ( 'NONE',  ( 48.00000000000727596, 1.390208423157299270E-15, 62.99999999997224620 ) ) ;
#1535 = AXIS2_PLACEMENT_3D ( 'NONE', #666, #543, #950 ) ;
#1536 = ORIENTED_EDGE ( 'NONE', *, *, #664, .F. ) ;
#1537 = AXIS2_PLACEMENT_3D ( 'NONE', #891, #281, #1299 ) ;
#1538 = VECTOR ( 'NONE', #684, 1000.000000000000000 ) ;
#1539 = VERTEX_POINT ( 'NONE', #1119 ) ;
#1540 = MECHANICAL_DESIGN_GEOMETRIC_PRESENTATION_REPRESENTATION (  '', ( #1320 ), #1653 ) ;
#1541 = LINE ( 'NONE', #1153, #721 ) ;
#1542 = CARTESIAN_POINT ( 'NONE',  ( 20.49999999999339906, 162.0000000000000000, 37.99999999998750155 ) ) ;
#1543 = DIRECTION ( 'NONE',  ( -5.551115123125787751E-13, 0.000000000000000000, -1.000000000000000000 ) ) ;
#1544 = PLANE ( 'NONE',  #940 ) ;
#1545 = EDGE_CURVE ( 'NONE', #43, #1035, #602, .T. ) ;
#1546 = ORIENTED_EDGE ( 'NONE', *, *, #803, .F. ) ;
#1547 = EDGE_CURVE ( 'NONE', #1241, #806, #1638, .T. ) ;
#1548 = EDGE_LOOP ( 'NONE', ( #527, #212, #1569, #1652 ) ) ;
#1549 = DIRECTION ( 'NONE',  ( 1.000000000000000000, 0.000000000000000000, -5.552242693385167627E-13 ) ) ;
#1550 = LINE ( 'NONE', #906, #296 ) ;
#1551 = EDGE_CURVE ( 'NONE', #451, #177, #109, .T. ) ;
#1552 = DIRECTION ( 'NONE',  ( 1.000000000000000000, 0.000000000000000000, -5.551115123125777653E-13 ) ) ;
#1553 = ORIENTED_EDGE ( 'NONE', *, *, #1089, .F. ) ;
#1554 = VERTEX_POINT ( 'NONE', #736 ) ;
#1555 = PLANE ( 'NONE',  #1073 ) ;
#1556 = EDGE_CURVE ( 'NONE', #1260, #614, #95, .T. ) ;
#1557 = CARTESIAN_POINT ( 'NONE',  ( -38.50000000000443379, 170.0000000000000000, 41.90000000002026326 ) ) ;
#1558 = CARTESIAN_POINT ( 'NONE',  ( 35.49999999999339906, 162.0000000000000000, 37.99999999997917399 ) ) ;
#1559 = ORIENTED_EDGE ( 'NONE', *, *, #1566, .F. ) ;
#1560 = CIRCLE ( 'NONE', #58, 9.599999999999997868 ) ;
#1561 = STYLED_ITEM ( 'NONE', ( #29 ), #1030 ) ;
#1562 = ORIENTED_EDGE ( 'NONE', *, *, #1438, .F. ) ;
#1563 = CARTESIAN_POINT ( 'NONE',  ( -48.00000000000716227, 170.0000000000000000, 37.00000000002552980 ) ) ;
#1564 = CARTESIAN_POINT ( 'NONE',  ( 20.49999999999395328, 170.0000000000000000, 38.99999999998749445 ) ) ;
#1565 = VECTOR ( 'NONE', #1573, 1000.000000000000000 ) ;
#1566 = EDGE_CURVE ( 'NONE', #368, #262, #1139, .T. ) ;
#1567 = CARTESIAN_POINT ( 'NONE',  ( 35.59999999999327258, 339.9999999999998863, 37.79999999997908589 ) ) ;
#1568 = VERTEX_POINT ( 'NONE', #127 ) ;
#1569 = ORIENTED_EDGE ( 'NONE', *, *, #1146, .T. ) ;
#1570 = DIRECTION ( 'NONE',  ( 5.551115123125783712E-13, 0.000000000000000000, 1.000000000000000000 ) ) ;
#1571 = VERTEX_POINT ( 'NONE', #489 ) ;
#1572 = VECTOR ( 'NONE', #973, 1000.000000000000000 ) ;
#1573 = DIRECTION ( 'NONE',  ( 0.000000000000000000, 1.000000000000000000, 0.000000000000000000 ) ) ;
#1574 = EDGE_CURVE ( 'NONE', #1611, #362, #1005, .T. ) ;
#1575 = VERTEX_POINT ( 'NONE', #888 ) ;
#1576 = LINE ( 'NONE', #1086, #517 ) ;
#1577 = ORIENTED_EDGE ( 'NONE', *, *, #1197, .F. ) ;
#1578 = DIRECTION ( 'NONE',  ( 5.552242693385167627E-13, 0.000000000000000000, 1.000000000000000000 ) ) ;
#1579 = DIRECTION ( 'NONE',  ( -5.552242693385167627E-13, 0.000000000000000000, -1.000000000000000000 ) ) ;
#1580 = LINE ( 'NONE', #426, #1565 ) ;
#1581 = ORIENTED_EDGE ( 'NONE', *, *, #790, .T. ) ;
#1582 = CARTESIAN_POINT ( 'NONE',  ( -9.500000000006600942, 170.0000000000000000, 38.00000000000415668 ) ) ;
#1583 = ORIENTED_EDGE ( 'NONE', *, *, #965, .T. ) ;
#1584 = VECTOR ( 'NONE', #1358, 1000.000000000000000 ) ;
#1585 = PLANE ( 'NONE',  #546 ) ;
#1586 = VECTOR ( 'NONE', #802, 1000.000000000000000 ) ;
#1587 = CIRCLE ( 'NONE', #323, 9.599999999999997868 ) ;
#1588 = DIRECTION ( 'NONE',  ( -5.551086211067849419E-13, 0.000000000000000000, -1.000000000000000000 ) ) ;
#1589 = CLOSED_SHELL ( 'NONE', ( #450, #1065, #727, #45, #1364, #932, #1300, #657, #402, #552, #254, #406, #102, #760, #1101, #836, #461, #1014, #768, #1004, #999, #1256, #1223, #738, #1516, #771, #1446, #340, #1604, #1367, #1656, #471, #496, #53, #1230, #1326, #165, #1049, #559, #924, #1112, #693, #682, #1419, #690, #1122, #542, #1245, #592, #141, #1267, #1642, #1430, #246 ) ) ;
#1590 = DIRECTION ( 'NONE',  ( -5.553383958829889263E-13, -1.249000902703301108E-16, -1.000000000000000000 ) ) ;
#1591 = VECTOR ( 'NONE', #90, 1000.000000000000000 ) ;
#1592 = DIRECTION ( 'NONE',  ( 1.000000000000000000, 0.000000000000000000, -5.551086211067849419E-13 ) ) ;
#1593 = ORIENTED_EDGE ( 'NONE', *, *, #535, .F. ) ;
#1594 = EDGE_CURVE ( 'NONE', #1382, #869, #80, .T. ) ;
#1595 = DIRECTION ( 'NONE',  ( -6.934756136065882237E-29, 1.000000000000000000, -1.249000902703301108E-16 ) ) ;
#1596 = ORIENTED_EDGE ( 'NONE', *, *, #1632, .F. ) ;
#1597 = LINE ( 'NONE', #824, #389 ) ;
#1598 = EDGE_CURVE ( 'NONE', #1575, #1415, #88, .T. ) ;
#1599 = DIRECTION ( 'NONE',  ( -1.000000000000000000, 0.000000000000000000, 5.552242693385167627E-13 ) ) ;
#1600 = FACE_BOUND ( 'NONE', #179, .T. ) ;
#1601 = ORIENTED_EDGE ( 'NONE', *, *, #819, .T. ) ;
#1602 = CARTESIAN_POINT ( 'NONE',  ( 20.49999999999339906, 162.0000000000000000, 37.99999999998750155 ) ) ;
#1603 = ORIENTED_EDGE ( 'NONE', *, *, #508, .T. ) ;
#1604 = ADVANCED_FACE ( 'NONE', ( #971 ), #339, .T. ) ;
#1605 = DIRECTION ( 'NONE',  ( 6.934756136065882237E-29, -1.000000000000000000, 1.249000902703301108E-16 ) ) ;
#1606 = CARTESIAN_POINT ( 'NONE',  ( -48.99999999999273115, 339.9999999999998863, 63.00000000002606271 ) ) ;
#1607 = DIRECTION ( 'NONE',  ( -5.627063295405038219E-32, -1.000000000000000000, -1.013475744154521634E-19 ) ) ;
#1608 = ORIENTED_EDGE ( 'NONE', *, *, #124, .F. ) ;
#1609 = FACE_OUTER_BOUND ( 'NONE', #1046, .T. ) ;
#1610 = DIRECTION ( 'NONE',  ( -1.000000000000000000, 0.000000000000000000, 5.552242693385167627E-13 ) ) ;
#1611 = VERTEX_POINT ( 'NONE', #1482 ) ;
#1612 = CARTESIAN_POINT ( 'NONE',  ( 20.39999999999327684, 331.7999999999998977, 37.79999999998752713 ) ) ;
#1613 = CARTESIAN_POINT ( 'NONE',  ( -48.99999999999883471, 339.9999999999998863, 52.00000000002606981 ) ) ;
#1614 = VECTOR ( 'NONE', #1037, 1000.000000000000000 ) ;
#1615 = EDGE_CURVE ( 'NONE', #1130, #376, #649, .T. ) ;
#1616 = VECTOR ( 'NONE', #1231, 1000.000000000000000 ) ;
#1617 = DIRECTION ( 'NONE',  ( -1.000000000000000000, 0.000000000000000000, 5.552242693385167627E-13 ) ) ;
#1618 = CARTESIAN_POINT ( 'NONE',  ( -24.40000000000672031, 339.9999999999998863, 37.80000000001239613 ) ) ;
#1619 = VECTOR ( 'NONE', #94, 1000.000000000000000 ) ;
#1620 = LINE ( 'NONE', #203, #1294 ) ;
#1621 = VECTOR ( 'NONE', #872, 1000.000000000000000 ) ;
#1622 = VECTOR ( 'NONE', #1228, 1000.000000000000000 ) ;
#1623 = CARTESIAN_POINT ( 'NONE',  ( -9.500000000006600942, 170.0000000000000000, 38.00000000000415668 ) ) ;
#1624 = FILL_AREA_STYLE_COLOUR ( '', #1347 ) ;
#1625 = ORIENTED_EDGE ( 'NONE', *, *, #1168, .F. ) ;
#1626 = FACE_OUTER_BOUND ( 'NONE', #248, .T. ) ;
#1627 = DIRECTION ( 'NONE',  ( -5.552242693385167627E-13, -0.000000000000000000, -1.000000000000000000 ) ) ;
#1628 = DIRECTION ( 'NONE',  ( 6.934756136065882237E-29, -1.000000000000000000, 1.249000902703301108E-16 ) ) ;
#1629 = CARTESIAN_POINT ( 'NONE',  ( -9.600000000006609469, 331.7999999999998977, 38.00000000000419931 ) ) ;
#1630 = VECTOR ( 'NONE', #963, 1000.000000000000000 ) ;
#1631 = VERTEX_POINT ( 'NONE', #598 ) ;
#1632 = EDGE_CURVE ( 'NONE', #1338, #17, #84, .T. ) ;
#1633 = LINE ( 'NONE', #481, #1270 ) ;
#1634 =( NAMED_UNIT ( * ) PLANE_ANGLE_UNIT ( ) SI_UNIT ( $, .RADIAN. ) );
#1635 = ORIENTED_EDGE ( 'NONE', *, *, #851, .F. ) ;
#1636 = ORIENTED_EDGE ( 'NONE', *, *, #1034, .F. ) ;
#1637 = LINE ( 'NONE', #724, #1616 ) ;
#1638 = LINE ( 'NONE', #1525, #1191 ) ;
#1639 = LINE ( 'NONE', #490, #750 ) ;
#1640 = CARTESIAN_POINT ( 'NONE',  ( -39.50000000000660094, 162.0000000000000000, 38.00000000002081180 ) ) ;
#1641 = LINE ( 'NONE', #338, #192 ) ;
#1642 = ADVANCED_FACE ( 'NONE', ( #1492 ), #293, .F. ) ;
#1643 = ORIENTED_EDGE ( 'NONE', *, *, #385, .F. ) ;
#1644 = ORIENTED_EDGE ( 'NONE', *, *, #1021, .F. ) ;
#1645 = DIRECTION ( 'NONE',  ( -1.000000000000000000, 0.000000000000000000, 5.551115123125777653E-13 ) ) ;
#1646 = DIRECTION ( 'NONE',  ( -1.000000000000000000, 0.000000000000000000, 5.551115123125777653E-13 ) ) ;
#1647 = LINE ( 'NONE', #880, #1290 ) ;
#1648 = ORIENTED_EDGE ( 'NONE', *, *, #1057, .T. ) ;
#1649 = VECTOR ( 'NONE', #615, 1000.000000000000000 ) ;
#1650 = CARTESIAN_POINT ( 'NONE',  ( -48.00000000000716227, 339.9999999999998863, 37.00000000002550138 ) ) ;
#1651 = VECTOR ( 'NONE', #624, 1000.000000000000000 ) ;
#1652 = ORIENTED_EDGE ( 'NONE', *, *, #1598, .T. ) ;
#1653 =( GEOMETRIC_REPRESENTATION_CONTEXT ( 3 ) GLOBAL_UNCERTAINTY_ASSIGNED_CONTEXT ( ( #936 ) ) GLOBAL_UNIT_ASSIGNED_CONTEXT ( ( #1115, #1634, #1501 ) ) REPRESENTATION_CONTEXT ( 'NONE', 'WORKASPACE' ) );
#1654 = ORIENTED_EDGE ( 'NONE', *, *, #216, .T. ) ;
#1655 = DIRECTION ( 'NONE',  ( 6.934756136065882237E-29, -1.000000000000000000, 1.249000902703301108E-16 ) ) ;
#1656 = ADVANCED_FACE ( 'NONE', ( #105 ), #801, .F. ) ;
#1657 = CARTESIAN_POINT ( 'NONE',  ( 48.00000000000283507, 340.0000000000000000, 54.99999999997221067 ) ) ;
#1658 = DIRECTION ( 'NONE',  ( -6.934756136065882237E-29, 1.000000000000000000, -1.249000902703301108E-16 ) ) ;
#1659 = ORIENTED_EDGE ( 'NONE', *, *, #629, .T. ) ;
#1660 = FACE_OUTER_BOUND ( 'NONE', #919, .T. ) ;
#1661 = ORIENTED_EDGE ( 'NONE', *, *, #267, .T. ) ;
#1662 = VERTEX_POINT ( 'NONE', #1441 ) ;
#1663 = PLANE ( 'NONE',  #753 ) ;
#1664 = VECTOR ( 'NONE', #278, 1000.000000000000000 ) ;
#1665 = LINE ( 'NONE', #100, #1109 ) ;
#1666 = EDGE_CURVE ( 'NONE', #614, #1045, #348, .T. ) ;
#1667 = CARTESIAN_POINT ( 'NONE',  ( 48.00000000000283507, -3.040427232463565263E-19, 54.99999999997221067 ) ) ;
#1668 = FACE_OUTER_BOUND ( 'NONE', #1548, .T. ) ;
ENDSEC;
END-ISO-10303-21;
