ISO-10303-21;
HEADER;
FILE_DESCRIPTION (( 'STEP AP214' ),
    '1' );
FILE_NAME ('Bottom Support.STEP',
    '2026-04-26T13:23:53',
    ( '' ),
    ( '' ),
    'SwSTEP 2.0',
    'SolidWorks 2022',
    '' );
FILE_SCHEMA (( 'AUTOMOTIVE_DESIGN' ));
ENDSEC;

DATA;
#1 = CARTESIAN_POINT ( 'NONE',  ( 5.000000000000000000, -92.00000000000000000, 95.00000000000000000 ) ) ;
#2 = CYLINDRICAL_SURFACE ( 'NONE', #462, 2.999999999999999112 ) ;
#3 = VERTEX_POINT ( 'NONE', #79 ) ;
#4 = DIRECTION ( 'NONE',  ( 0.000000000000000000, 0.000000000000000000, 1.000000000000000000 ) ) ;
#5 = ORIENTED_EDGE ( 'NONE', *, *, #306, .T. ) ;
#6 = AXIS2_PLACEMENT_3D ( 'NONE', #218, #617, #339 ) ;
#7 = EDGE_CURVE ( 'NONE', #1276, #1312, #366, .T. ) ;
#8 = AXIS2_PLACEMENT_3D ( 'NONE', #1150, #54, #199 ) ;
#9 = CARTESIAN_POINT ( 'NONE',  ( 5.000000000000000000, -92.00000000000000000, 5.000000000000004441 ) ) ;
#10 = CIRCLE ( 'NONE', #837, 5.000000000000000000 ) ;
#11 = DIRECTION ( 'NONE',  ( -1.000000000000000000, 0.000000000000000000, 0.000000000000000000 ) ) ;
#12 = DIRECTION ( 'NONE',  ( 1.000000000000000000, -0.000000000000000000, -0.000000000000000000 ) ) ;
#13 = EDGE_LOOP ( 'NONE', ( #1286, #467, #866 ) ) ;
#14 = DIRECTION ( 'NONE',  ( 0.000000000000000000, 0.000000000000000000, -1.000000000000000000 ) ) ;
#15 = ORIENTED_EDGE ( 'NONE', *, *, #57, .F. ) ;
#16 = EDGE_CURVE ( 'NONE', #1531, #1486, #394, .T. ) ;
#17 = CARTESIAN_POINT ( 'NONE',  ( -7.999999999999998224, -107.5012325800138058, 1.291831252768272709 ) ) ;
#18 = CARTESIAN_POINT ( 'NONE',  ( 5.000000000000000000, -5.000000000000000000, 5.000000000000000000 ) ) ;
#19 = CARTESIAN_POINT ( 'NONE',  ( 13.90000000000000036, -52.00000000000000711, 87.10000000000000853 ) ) ;
#20 = ORIENTED_EDGE ( 'NONE', *, *, #267, .T. ) ;
#21 = CARTESIAN_POINT ( 'NONE',  ( 0.000000000000000000, 0.000000000000000000, 100.0000000000000000 ) ) ;
#22 = VERTEX_POINT ( 'NONE', #567 ) ;
#23 = SPHERICAL_SURFACE ( 'NONE', #458, 5.000000000000000000 ) ;
#24 = CIRCLE ( 'NONE', #305, 13.00000000000000533 ) ;
#25 = ADVANCED_FACE ( 'NONE', ( #1205 ), #1492, .T. ) ;
#26 = CARTESIAN_POINT ( 'NONE',  ( 30.00000000000000000, 0.000000000000000000, 100.0000000000000000 ) ) ;
#27 = CARTESIAN_POINT ( 'NONE',  ( 24.99999999999999289, -5.000000000000002665, 95.00000000000000000 ) ) ;
#28 = EDGE_CURVE ( 'NONE', #1053, #455, #945, .T. ) ;
#29 = ORIENTED_EDGE ( 'NONE', *, *, #1634, .F. ) ;
#30 = CARTESIAN_POINT ( 'NONE',  ( 0.000000000000000000, -5.000000000000004441, 95.00000000000000000 ) ) ;
#31 = ORIENTED_EDGE ( 'NONE', *, *, #1388, .F. ) ;
#32 = FACE_OUTER_BOUND ( 'NONE', #582, .T. ) ;
#33 = VECTOR ( 'NONE', #1473, 1000.000000000000000 ) ;
#34 = VECTOR ( 'NONE', #1421, 1000.000000000000000 ) ;
#35 = CARTESIAN_POINT ( 'NONE',  ( 14.36303841880129362, -2.033942010007228074, 95.45000000000003126 ) ) ;
#36 = DIRECTION ( 'NONE',  ( 0.000000000000000000, 0.000000000000000000, 1.000000000000000000 ) ) ;
#37 = VECTOR ( 'NONE', #1545, 1000.000000000000000 ) ;
#38 = CARTESIAN_POINT ( 'NONE',  ( 13.90000000000000036, -50.00000000000000000, 95.45000000000000284 ) ) ;
#39 = ORIENTED_EDGE ( 'NONE', *, *, #78, .F. ) ;
#40 = CARTESIAN_POINT ( 'NONE',  ( -8.000000000000000000, -92.00000000000000000, 98.00000000000000000 ) ) ;
#41 = CARTESIAN_POINT ( 'NONE',  ( -5.999713287526597050, -104.7362531106922319, 98.00000000000000000 ) ) ;
#42 = CARTESIAN_POINT ( 'NONE',  ( 13.90000000000000036, 0.000000000000000000, 12.89999999999999503 ) ) ;
#43 = ORIENTED_EDGE ( 'NONE', *, *, #581, .F. ) ;
#44 = DIRECTION ( 'NONE',  ( -1.000000000000000000, -0.000000000000000000, -0.000000000000000000 ) ) ;
#45 = EDGE_CURVE ( 'NONE', #1312, #518, #1374, .T. ) ;
#46 = ORIENTED_EDGE ( 'NONE', *, *, #255, .F. ) ;
#47 = EDGE_CURVE ( 'NONE', #251, #1210, #177, .T. ) ;
#48 = CARTESIAN_POINT ( 'NONE',  ( -7.999999999999998224, -102.0000000000000142, 95.00000000000000000 ) ) ;
#49 = CARTESIAN_POINT ( 'NONE',  ( -8.000000000000000000, -106.6744882072308087, 95.90520876644623627 ) ) ;
#50 = CARTESIAN_POINT ( 'NONE',  ( 30.00000000000001421, -94.90033112945852167, 100.0000000000000000 ) ) ;
#51 = CIRCLE ( 'NONE', #676, 2.999999999999999112 ) ;
#52 = AXIS2_PLACEMENT_3D ( 'NONE', #523, #901, #1164 ) ;
#53 = ORIENTED_EDGE ( 'NONE', *, *, #836, .F. ) ;
#54 = DIRECTION ( 'NONE',  ( 1.462353992093351185E-16, -1.000000000000000000, -0.000000000000000000 ) ) ;
#55 = ORIENTED_EDGE ( 'NONE', *, *, #1120, .F. ) ;
#56 = DIRECTION ( 'NONE',  ( 0.000000000000000000, 1.000000000000000000, 0.000000000000000000 ) ) ;
#57 = EDGE_CURVE ( 'NONE', #554, #1310, #1417, .T. ) ;
#58 = DIRECTION ( 'NONE',  ( -1.000000000000000000, 0.000000000000000000, 0.000000000000000000 ) ) ;
#59 = CARTESIAN_POINT ( 'NONE',  ( 24.99999999999999645, -5.000000000000000000, 5.000000000000000000 ) ) ;
#60 = TOROIDAL_SURFACE ( 'NONE', #6, 13.00000000000000533, 5.000000000000000000 ) ;
#61 = AXIS2_PLACEMENT_3D ( 'NONE', #40, #346, #1166 ) ;
#62 = AXIS2_PLACEMENT_3D ( 'NONE', #26, #1085, #259 ) ;
#63 = VERTEX_POINT ( 'NONE', #436 ) ;
#64 = CARTESIAN_POINT ( 'NONE',  ( -8.000000000000000000, -100.0000000000000000, 5.000000000000004441 ) ) ;
#65 = CIRCLE ( 'NONE', #547, 17.00000000000000000 ) ;
#66 = ORIENTED_EDGE ( 'NONE', *, *, #995, .F. ) ;
#67 = DIRECTION ( 'NONE',  ( -1.000000000000000000, 0.000000000000000000, 0.000000000000000000 ) ) ;
#68 = EDGE_CURVE ( 'NONE', #1416, #838, #1499, .T. ) ;
#69 = DIRECTION ( 'NONE',  ( 0.000000000000000000, 1.000000000000000000, 0.000000000000000000 ) ) ;
#70 = CARTESIAN_POINT ( 'NONE',  ( 8.000000000000015987, -5.000000000000004441, 2.000000000000000000 ) ) ;
#71 = EDGE_CURVE ( 'NONE', #894, #455, #1194, .T. ) ;
#72 = ORIENTED_EDGE ( 'NONE', *, *, #429, .T. ) ;
#73 = DIRECTION ( 'NONE',  ( -0.000000000000000000, -0.000000000000000000, 1.000000000000000000 ) ) ;
#74 = VERTEX_POINT ( 'NONE', #812 ) ;
#75 = LINE ( 'NONE', #538, #1193 ) ;
#76 = DIRECTION ( 'NONE',  ( -1.000000000000000000, 0.000000000000000000, 0.000000000000000000 ) ) ;
#77 = DIRECTION ( 'NONE',  ( 0.000000000000000000, -1.000000000000000000, 0.000000000000000000 ) ) ;
#78 = EDGE_CURVE ( 'NONE', #1554, #1486, #133, .T. ) ;
#79 = CARTESIAN_POINT ( 'NONE',  ( 30.00000000000000000, -4.999999999999999112, 95.00000000000000000 ) ) ;
#80 = CIRCLE ( 'NONE', #1182, 8.350000000000003197 ) ;
#81 = SPHERICAL_SURFACE ( 'NONE', #372, 5.000000000000000000 ) ;
#82 = EDGE_LOOP ( 'NONE', ( #1603, #1041, #1480, #1637 ) ) ;
#83 = CARTESIAN_POINT ( 'NONE',  ( 0.000000000000000000, -5.000000000000004441, 100.0000000000000000 ) ) ;
#84 = DIRECTION ( 'NONE',  ( -0.000000000000000000, -0.000000000000000000, -1.000000000000000000 ) ) ;
#85 = DIRECTION ( 'NONE',  ( 1.224646799147353207E-16, -1.000000000000000000, -0.000000000000000000 ) ) ;
#86 = MECHANICAL_DESIGN_GEOMETRIC_PRESENTATION_REPRESENTATION (  '', ( #859 ), #944 ) ;
#87 = CARTESIAN_POINT ( 'NONE',  ( -7.999999999999996447, -105.1377413848590976, 2.745892228145531355 ) ) ;
#88 = DIRECTION ( 'NONE',  ( 0.000000000000000000, 0.000000000000000000, -1.000000000000000000 ) ) ;
#89 = AXIS2_PLACEMENT_3D ( 'NONE', #983, #715, #843 ) ;
#90 = VERTEX_POINT ( 'NONE', #1366 ) ;
#91 = CIRCLE ( 'NONE', #1196, 2.999999999999999112 ) ;
#92 = CARTESIAN_POINT ( 'NONE',  ( 25.00000000000001066, -94.90033112945852167, 5.000000000000004441 ) ) ;
#93 = LINE ( 'NONE', #896, #1639 ) ;
#94 = CARTESIAN_POINT ( 'NONE',  ( 8.000000000000015987, -94.90033112945852167, 100.0000000000000000 ) ) ;
#95 = VERTEX_POINT ( 'NONE', #161 ) ;
#96 = CARTESIAN_POINT ( 'NONE',  ( 5.000000000000000000, -5.000000000000004441, 2.000000000000000000 ) ) ;
#97 = B_SPLINE_CURVE_WITH_KNOTS ( 'NONE', 3,
 ( #603, #1010, #1399, #1116, #203, #746 ),
 .UNSPECIFIED., .F., .F.,
 ( 4, 2, 4 ),
 ( 9.867980802547023187E-05, 0.001469428570185988322, 0.002840177332346506371 ),
 .UNSPECIFIED. ) ;
#98 = EDGE_LOOP ( 'NONE', ( #1542, #1293, #280, #1509, #1262 ) ) ;
#99 = ADVANCED_FACE ( 'NONE', ( #283 ), #702, .T. ) ;
#100 = CARTESIAN_POINT ( 'NONE',  ( 13.90000000000000036, -52.00000000000000711, 21.24999999999999645 ) ) ;
#101 = ORIENTED_EDGE ( 'NONE', *, *, #1428, .T. ) ;
#102 = EDGE_CURVE ( 'NONE', #238, #1554, #1727, .T. ) ;
#103 = DIRECTION ( 'NONE',  ( 0.000000000000000000, -0.000000000000000000, 1.000000000000000000 ) ) ;
#104 = DIRECTION ( 'NONE',  ( -1.000000000000000000, -1.462353992093351185E-16, 0.000000000000000000 ) ) ;
#105 = ORIENTED_EDGE ( 'NONE', *, *, #1527, .T. ) ;
#106 = CARTESIAN_POINT ( 'NONE',  ( 0.000000000000000000, -2.000000000000000000, 100.0000000000000000 ) ) ;
#107 = VERTEX_POINT ( 'NONE', #829 ) ;
#108 = AXIS2_PLACEMENT_3D ( 'NONE', #1019, #747, #1266 ) ;
#109 = DIRECTION ( 'NONE',  ( 0.000000000000000000, 0.000000000000000000, 1.000000000000000000 ) ) ;
#110 = ADVANCED_FACE ( 'NONE', ( #980 ), #293, .F. ) ;
#111 = DIRECTION ( 'NONE',  ( -1.000000000000000000, 0.000000000000000000, 0.000000000000000000 ) ) ;
#112 = DIRECTION ( 'NONE',  ( 0.000000000000000000, 0.000000000000000000, 1.000000000000000000 ) ) ;
#113 = ORIENTED_EDGE ( 'NONE', *, *, #985, .F. ) ;
#114 = DIRECTION ( 'NONE',  ( -1.000000000000000000, -2.891205793294679312E-16, 0.000000000000000000 ) ) ;
#115 = ORIENTED_EDGE ( 'NONE', *, *, #620, .F. ) ;
#116 = DIRECTION ( 'NONE',  ( -1.000000000000000000, 0.000000000000000000, 0.000000000000000000 ) ) ;
#117 = AXIS2_PLACEMENT_3D ( 'NONE', #1500, #152, #131 ) ;
#118 = CARTESIAN_POINT ( 'NONE',  ( 0.000000000000000000, -2.000000000000000000, 5.000000000000004441 ) ) ;
#119 = CIRCLE ( 'NONE', #834, 6.349999999999994316 ) ;
#120 = AXIS2_PLACEMENT_3D ( 'NONE', #801, #666, #695 ) ;
#121 = AXIS2_PLACEMENT_3D ( 'NONE', #519, #1740, #656 ) ;
#122 = CARTESIAN_POINT ( 'NONE',  ( -8.000000000000000000, -105.4933771304084758, 0.4981288555589819533 ) ) ;
#123 = CARTESIAN_POINT ( 'NONE',  ( 2.000000000000000000, -92.00000000000000000, 100.0000000000000000 ) ) ;
#124 = DIRECTION ( 'NONE',  ( -1.000000000000000000, 0.000000000000000000, 0.000000000000000000 ) ) ;
#125 = CYLINDRICAL_SURFACE ( 'NONE', #948, 5.000000000000004441 ) ;
#126 = ADVANCED_FACE ( 'NONE', ( #1347 ), #976, .T. ) ;
#127 = ORIENTED_EDGE ( 'NONE', *, *, #680, .F. ) ;
#128 = CARTESIAN_POINT ( 'NONE',  ( 3.469446951953614189E-15, -92.00000000000000000, 5.000000000000004441 ) ) ;
#129 = PLANE ( 'NONE',  #1658 ) ;
#130 = VERTEX_POINT ( 'NONE', #397 ) ;
#131 = DIRECTION ( 'NONE',  ( -1.000000000000000000, 0.000000000000000000, 0.000000000000000000 ) ) ;
#132 = DIRECTION ( 'NONE',  ( 1.000000000000000000, 3.469446951953616654E-16, -0.000000000000000000 ) ) ;
#133 = LINE ( 'NONE', #425, #1642 ) ;
#134 = ADVANCED_FACE ( 'NONE', ( #154 ), #1339, .T. ) ;
#135 = DIRECTION ( 'NONE',  ( 0.000000000000000000, 0.000000000000000000, 1.000000000000000000 ) ) ;
#136 = VERTEX_POINT ( 'NONE', #1093 ) ;
#137 = ADVANCED_FACE ( 'NONE', ( #946 ), #674, .F. ) ;
#138 = CARTESIAN_POINT ( 'NONE',  ( 24.99999999999999645, -5.000000000000000000, 0.000000000000000000 ) ) ;
#139 = ORIENTED_EDGE ( 'NONE', *, *, #653, .F. ) ;
#140 = CIRCLE ( 'NONE', #52, 8.350000000000003197 ) ;
#141 = CARTESIAN_POINT ( 'NONE',  ( -8.000000000000000000, -109.9852403174487279, 4.634528429665523142 ) ) ;
#142 = DIRECTION ( 'NONE',  ( -0.000000000000000000, 1.000000000000000000, -0.000000000000000000 ) ) ;
#143 = CARTESIAN_POINT ( 'NONE',  ( 8.000000000000015987, -5.000000000000004441, 98.00000000000000000 ) ) ;
#144 = DIRECTION ( 'NONE',  ( -1.462353992093351185E-16, 1.000000000000000000, 0.000000000000000000 ) ) ;
#145 = ORIENTED_EDGE ( 'NONE', *, *, #1313, .T. ) ;
#146 = LINE ( 'NONE', #1652, #887 ) ;
#147 = ADVANCED_FACE ( 'NONE', ( #463 ), #609, .T. ) ;
#148 = ORIENTED_EDGE ( 'NONE', *, *, #680, .T. ) ;
#149 = CIRCLE ( 'NONE', #367, 6.350000000000004974 ) ;
#150 = AXIS2_PLACEMENT_3D ( 'NONE', #343, #613, #1277 ) ;
#151 = AXIS2_PLACEMENT_3D ( 'NONE', #1503, #960, #275 ) ;
#152 = DIRECTION ( 'NONE',  ( -1.462353992093351185E-16, 1.000000000000000000, 0.000000000000000000 ) ) ;
#153 = AXIS2_PLACEMENT_3D ( 'NONE', #155, #696, #1242 ) ;
#154 = FACE_OUTER_BOUND ( 'NONE', #643, .T. ) ;
#155 = CARTESIAN_POINT ( 'NONE',  ( 13.90000000000000036, -2.000000000000001776, 87.10000000000000853 ) ) ;
#156 = VERTEX_POINT ( 'NONE', #476 ) ;
#157 = FACE_OUTER_BOUND ( 'NONE', #510, .T. ) ;
#158 = ORIENTED_EDGE ( 'NONE', *, *, #785, .T. ) ;
#159 = CARTESIAN_POINT ( 'NONE',  ( -7.999999999999998224, -108.7851968280357653, 2.259003891622854976 ) ) ;
#160 = ADVANCED_FACE ( 'NONE', ( #1265 ), #1257, .F. ) ;
#161 = CARTESIAN_POINT ( 'NONE',  ( 11.19583654340197043, -2.000000000000001776, 5.000000000000004441 ) ) ;
#162 = DIRECTION ( 'NONE',  ( 0.000000000000000000, -0.000000000000000000, 1.000000000000000000 ) ) ;
#163 = B_SPLINE_CURVE_WITH_KNOTS ( 'NONE', 3,
 ( #1458, #763, #1319, #250, #1706, #917, #1302, #1581, #781, #1311, #1573, #1451, #925, #1050, #1440, #1171, #637, #1187, #1466, #1590 ),
 .UNSPECIFIED., .F., .F.,
 ( 4, 2, 2, 2, 2, 2, 2, 2, 2, 4 ),
 ( 0.000000000000000000, 0.001078120000932942862, 0.001617180001399414402, 0.002156240001865885724, 0.002695300002332356830, 0.003234360002798828803, 0.004312480003731742825, 0.006468720005597593421, 0.007546840006530513949, 0.008624960007463433609 ),
 .UNSPECIFIED. ) ;
#164 = ORIENTED_EDGE ( 'NONE', *, *, #170, .T. ) ;
#165 = DIRECTION ( 'NONE',  ( -0.000000000000000000, 1.000000000000000000, -0.000000000000000000 ) ) ;
#166 = ORIENTED_EDGE ( 'NONE', *, *, #231, .T. ) ;
#167 = B_SPLINE_CURVE_WITH_KNOTS ( 'NONE', 3,
 ( #540, #274, #407, #1474 ),
 .UNSPECIFIED., .F., .F.,
 ( 4, 4 ),
 ( 0.02347784004790801071, 0.02593438713615477120 ),
 .UNSPECIFIED. ) ;
#168 = CIRCLE ( 'NONE', #1296, 6.349999999999994316 ) ;
#169 = CYLINDRICAL_SURFACE ( 'NONE', #1612, 5.000000000000000888 ) ;
#170 = EDGE_CURVE ( 'NONE', #1465, #936, #671, .T. ) ;
#171 = CARTESIAN_POINT ( 'NONE',  ( -6.749410749662119180, -104.3969163727631582, 97.95274734199571753 ) ) ;
#172 = FACE_OUTER_BOUND ( 'NONE', #441, .T. ) ;
#173 = ORIENTED_EDGE ( 'NONE', *, *, #1025, .F. ) ;
#174 = CARTESIAN_POINT ( 'NONE',  ( 2.000000000000000000, -5.000000000000004441, 100.0000000000000000 ) ) ;
#175 = ORIENTED_EDGE ( 'NONE', *, *, #1372, .F. ) ;
#176 = CIRCLE ( 'NONE', #1135, 6.350000000000004974 ) ;
#177 = CIRCLE ( 'NONE', #767, 13.00000000000000533 ) ;
#178 = FACE_OUTER_BOUND ( 'NONE', #1425, .T. ) ;
#179 = CIRCLE ( 'NONE', #61, 13.00000000000000533 ) ;
#180 = VECTOR ( 'NONE', #1348, 1000.000000000000000 ) ;
#181 = CARTESIAN_POINT ( 'NONE',  ( -8.000000000000000000, -105.1420259803504251, 97.24256785506267420 ) ) ;
#182 = DIRECTION ( 'NONE',  ( -0.000000000000000000, 1.000000000000000000, -0.000000000000000000 ) ) ;
#183 = EDGE_CURVE ( 'NONE', #817, #979, #427, .T. ) ;
#184 = EDGE_LOOP ( 'NONE', ( #173, #1453, #31, #788, #1619 ) ) ;
#185 = LINE ( 'NONE', #725, #1087 ) ;
#186 = ADVANCED_FACE ( 'NONE', ( #1519 ), #483, .T. ) ;
#187 = ORIENTED_EDGE ( 'NONE', *, *, #308, .T. ) ;
#188 = CARTESIAN_POINT ( 'NONE',  ( 13.90000000000000036, -50.00000000000000000, 87.10000000000000853 ) ) ;
#189 = CARTESIAN_POINT ( 'NONE',  ( 5.000000000000000000, -2.000000000000000000, 100.0000000000000000 ) ) ;
#190 = ORIENTED_EDGE ( 'NONE', *, *, #854, .T. ) ;
#191 = DIRECTION ( 'NONE',  ( 0.000000000000000000, 0.000000000000000000, 1.000000000000000000 ) ) ;
#192 = EDGE_CURVE ( 'NONE', #1554, #1465, #1156, .T. ) ;
#193 = ORIENTED_EDGE ( 'NONE', *, *, #1412, .T. ) ;
#194 = SURFACE_STYLE_USAGE ( .BOTH. , #1663 ) ;
#195 = CARTESIAN_POINT ( 'NONE',  ( -7.653053120624678130, -103.9317026080433948, 97.81245761507437919 ) ) ;
#196 = LINE ( 'NONE', #189, #852 ) ;
#197 = VECTOR ( 'NONE', #627, 1000.000000000000000 ) ;
#198 = ORIENTED_EDGE ( 'NONE', *, *, #709, .T. ) ;
#199 = DIRECTION ( 'NONE',  ( -1.000000000000000000, -1.734723475976806848E-16, 0.000000000000000000 ) ) ;
#200 = EDGE_LOOP ( 'NONE', ( #984, #471, #622, #1023, #302, #964, #1267 ) ) ;
#201 = EDGE_CURVE ( 'NONE', #638, #921, #1108, .T. ) ;
#202 =( LENGTH_UNIT ( ) NAMED_UNIT ( * ) SI_UNIT ( .MILLI., .METRE. ) );
#203 = CARTESIAN_POINT ( 'NONE',  ( 13.43693020563662976, -2.033942010007227630, 95.45000000000001705 ) ) ;
#204 = FACE_OUTER_BOUND ( 'NONE', #1385, .T. ) ;
#205 = AXIS2_PLACEMENT_3D ( 'NONE', #312, #1143, #858 ) ;
#206 = ORIENTED_EDGE ( 'NONE', *, *, #1301, .F. ) ;
#207 = DIRECTION ( 'NONE',  ( -0.000000000000000000, 1.000000000000000000, -0.000000000000000000 ) ) ;
#208 = CIRCLE ( 'NONE', #153, 8.349999999999996092 ) ;
#209 = ORIENTED_EDGE ( 'NONE', *, *, #391, .T. ) ;
#210 = CARTESIAN_POINT ( 'NONE',  ( 13.90000000000000036, -50.00000000000000000, 93.45000000000000284 ) ) ;
#211 = SURFACE_STYLE_FILL_AREA ( #1290 ) ;
#212 = FACE_OUTER_BOUND ( 'NONE', #544, .T. ) ;
#213 = DIRECTION ( 'NONE',  ( -3.469446951953611231E-16, 1.000000000000000000, 0.000000000000000000 ) ) ;
#214 = VERTEX_POINT ( 'NONE', #863 ) ;
#215 = DIRECTION ( 'NONE',  ( -1.000000000000000000, 0.000000000000000000, 0.000000000000000000 ) ) ;
#216 = ORIENTED_EDGE ( 'NONE', *, *, #337, .F. ) ;
#217 = FACE_OUTER_BOUND ( 'NONE', #1000, .T. ) ;
#218 = CARTESIAN_POINT ( 'NONE',  ( -8.000000000000000000, -92.00000000000000000, 5.000000000000004441 ) ) ;
#219 = CARTESIAN_POINT ( 'NONE',  ( 16.60416345659802317, -2.000000000000001776, 95.00000000000000000 ) ) ;
#220 = ORIENTED_EDGE ( 'NONE', *, *, #943, .T. ) ;
#221 = CIRCLE ( 'NONE', #822, 8.349999999999996092 ) ;
#222 = DIRECTION ( 'NONE',  ( 0.000000000000000000, 1.000000000000000000, 0.000000000000000000 ) ) ;
#223 = AXIS2_PLACEMENT_3D ( 'NONE', #766, #1584, #531 ) ;
#224 = ORIENTED_EDGE ( 'NONE', *, *, #418, .T. ) ;
#225 = DIRECTION ( 'NONE',  ( -1.000000000000000000, 0.000000000000000000, 0.000000000000000000 ) ) ;
#226 = PRESENTATION_STYLE_ASSIGNMENT (( #1146 ) ) ;
#227 = DIRECTION ( 'NONE',  ( 1.000000000000000000, 0.000000000000000000, 0.000000000000000000 ) ) ;
#228 = DIRECTION ( 'NONE',  ( 0.000000000000000000, 0.000000000000000000, -1.000000000000000000 ) ) ;
#229 = VECTOR ( 'NONE', #265, 1000.000000000000000 ) ;
#230 = CARTESIAN_POINT ( 'NONE',  ( -7.999999999999998224, -106.6723493094846447, 4.090814905577511595 ) ) ;
#231 = EDGE_CURVE ( 'NONE', #130, #1090, #97, .T. ) ;
#232 = CARTESIAN_POINT ( 'NONE',  ( 8.000000000000015987, -94.90033112945852167, 2.000000000000004441 ) ) ;
#233 = AXIS2_PLACEMENT_3D ( 'NONE', #563, #571, #286 ) ;
#234 = EDGE_LOOP ( 'NONE', ( #342, #589, #1442, #261 ) ) ;
#235 = EDGE_CURVE ( 'NONE', #379, #924, #149, .T. ) ;
#236 = AXIS2_PLACEMENT_3D ( 'NONE', #437, #1094, #276 ) ;
#237 = CARTESIAN_POINT ( 'NONE',  ( -5.809966655327793106, -104.8142012606804343, 0.000000000000000000 ) ) ;
#238 = VERTEX_POINT ( 'NONE', #1382 ) ;
#239 = DIRECTION ( 'NONE',  ( -1.000000000000000000, -8.673617379884035472E-16, 0.000000000000000000 ) ) ;
#240 = DIRECTION ( 'NONE',  ( 0.000000000000000000, 1.000000000000000000, 0.000000000000000000 ) ) ;
#241 = VERTEX_POINT ( 'NONE', #710 ) ;
#242 = PLANE ( 'NONE',  #292 ) ;
#243 = ORIENTED_EDGE ( 'NONE', *, *, #1261, .T. ) ;
#244 = UNCERTAINTY_MEASURE_WITH_UNIT (LENGTH_MEASURE( 1.000000000000000082E-05 ), #1256, 'distance_accuracy_value', 'NONE');
#245 = EDGE_CURVE ( 'NONE', #1090, #1470, #417, .T. ) ;
#246 = CARTESIAN_POINT ( 'NONE',  ( 30.00000000000000000, 0.000000000000000000, 95.00000000000000000 ) ) ;
#247 = ORIENTED_EDGE ( 'NONE', *, *, #1579, .T. ) ;
#248 = CYLINDRICAL_SURFACE ( 'NONE', #1631, 3.000000000000000000 ) ;
#249 = ORIENTED_EDGE ( 'NONE', *, *, #245, .T. ) ;
#250 = CARTESIAN_POINT ( 'NONE',  ( -7.999999999999994671, -109.7770570660066483, 96.23792033094903786 ) ) ;
#251 = VERTEX_POINT ( 'NONE', #1728 ) ;
#252 = AXIS2_PLACEMENT_3D ( 'NONE', #266, #142, #810 ) ;
#253 = CARTESIAN_POINT ( 'NONE',  ( -7.301252475132774755, -104.1394103241324700, 0.05617733773533951924 ) ) ;
#254 = VERTEX_POINT ( 'NONE', #498 ) ;
#255 = EDGE_CURVE ( 'NONE', #1645, #875, #526, .T. ) ;
#256 = CARTESIAN_POINT ( 'NONE',  ( 13.90000000000000036, -50.00000000000000000, 6.549999999999990941 ) ) ;
#257 = CARTESIAN_POINT ( 'NONE',  ( -7.999999999999998224, -103.7268606191422009, 2.283547144361054215 ) ) ;
#258 = EDGE_CURVE ( 'NONE', #214, #1550, #1583, .T. ) ;
#259 = DIRECTION ( 'NONE',  ( 1.462353992093351185E-16, -1.000000000000000000, 0.000000000000000000 ) ) ;
#260 = CYLINDRICAL_SURFACE ( 'NONE', #1002, 5.000000000000000000 ) ;
#261 = ORIENTED_EDGE ( 'NONE', *, *, #68, .F. ) ;
#262 = FACE_OUTER_BOUND ( 'NONE', #1369, .T. ) ;
#263 = CARTESIAN_POINT ( 'NONE',  ( -5.809966655327793106, -104.8142012606804343, 2.000000000000000000 ) ) ;
#264 = AXIS2_PLACEMENT_3D ( 'NONE', #1145, #1743, #624 ) ;
#265 = DIRECTION ( 'NONE',  ( -1.000000000000000000, 0.000000000000000000, 0.000000000000000000 ) ) ;
#266 = CARTESIAN_POINT ( 'NONE',  ( 13.90000000000000036, -50.00000000000000000, 87.10000000000000853 ) ) ;
#267 = EDGE_CURVE ( 'NONE', #838, #638, #1552, .T. ) ;
#268 = DIRECTION ( 'NONE',  ( 0.000000000000000000, -1.000000000000000000, 0.000000000000000000 ) ) ;
#269 = FACE_OUTER_BOUND ( 'NONE', #697, .T. ) ;
#270 = ORIENTED_EDGE ( 'NONE', *, *, #192, .F. ) ;
#271 = CARTESIAN_POINT ( 'NONE',  ( 30.00000000000000000, 0.000000000000000000, 5.000000000000004441 ) ) ;
#272 = ORIENTED_EDGE ( 'NONE', *, *, #581, .T. ) ;
#273 = CARTESIAN_POINT ( 'NONE',  ( -7.999999999999996447, -109.7758737265133391, 3.759056542731203709 ) ) ;
#274 = CARTESIAN_POINT ( 'NONE',  ( -7.301257624947600888, -104.1394072836140055, 99.94382186167565862 ) ) ;
#275 = DIRECTION ( 'NONE',  ( -1.000000000000000000, 0.000000000000000000, 0.000000000000000000 ) ) ;
#276 = DIRECTION ( 'NONE',  ( 0.000000000000000000, 0.000000000000000000, 1.000000000000000000 ) ) ;
#277 = EDGE_CURVE ( 'NONE', #521, #22, #1031, .T. ) ;
#278 = ORIENTED_EDGE ( 'NONE', *, *, #549, .F. ) ;
#279 = FACE_BOUND ( 'NONE', #860, .T. ) ;
#280 = ORIENTED_EDGE ( 'NONE', *, *, #47, .T. ) ;
#281 = CIRCLE ( 'NONE', #1269, 3.000000000000002665 ) ;
#282 = CARTESIAN_POINT ( 'NONE',  ( -7.999999999999996447, -108.9119957361786106, 2.390218496485687183 ) ) ;
#283 = FACE_OUTER_BOUND ( 'NONE', #1352, .T. ) ;
#284 = CARTESIAN_POINT ( 'NONE',  ( 13.90000000000000036, -50.00000000000000000, 12.89999999999999503 ) ) ;
#285 = ORIENTED_EDGE ( 'NONE', *, *, #1676, .F. ) ;
#286 = DIRECTION ( 'NONE',  ( -1.000000000000000000, 0.000000000000000000, 0.000000000000000000 ) ) ;
#287 = EDGE_CURVE ( 'NONE', #1721, #156, #597, .T. ) ;
#288 = ORIENTED_EDGE ( 'NONE', *, *, #493, .T. ) ;
#289 = AXIS2_PLACEMENT_3D ( 'NONE', #912, #1563, #76 ) ;
#290 = CIRCLE ( 'NONE', #233, 3.000000000000000000 ) ;
#291 = FACE_OUTER_BOUND ( 'NONE', #1062, .T. ) ;
#292 = AXIS2_PLACEMENT_3D ( 'NONE', #106, #1722, #645 ) ;
#293 = PLANE ( 'NONE',  #62 ) ;
#294 = LINE ( 'NONE', #1215, #978 ) ;
#295 = ORIENTED_EDGE ( 'NONE', *, *, #632, .F. ) ;
#296 = CARTESIAN_POINT ( 'NONE',  ( 13.90000000000000213, -2.000000000000001776, 78.75000000000001421 ) ) ;
#297 = ORIENTED_EDGE ( 'NONE', *, *, #1381, .F. ) ;
#298 = EDGE_CURVE ( 'NONE', #22, #1531, #314, .T. ) ;
#299 = DIRECTION ( 'NONE',  ( 1.000000000000000000, 1.462353992093351678E-16, 0.000000000000000000 ) ) ;
#300 = CARTESIAN_POINT ( 'NONE',  ( -6.564664270837079485, -104.4846049470802853, 97.97037182260842769 ) ) ;
#301 = DIRECTION ( 'NONE',  ( 0.000000000000000000, -1.000000000000000000, -0.000000000000000000 ) ) ;
#302 = ORIENTED_EDGE ( 'NONE', *, *, #1741, .T. ) ;
#303 = CARTESIAN_POINT ( 'NONE',  ( 15.72106267819082071, -2.010492453664607382, 4.738201829709367985 ) ) ;
#304 = ORIENTED_EDGE ( 'NONE', *, *, #551, .T. ) ;
#305 = AXIS2_PLACEMENT_3D ( 'NONE', #665, #1212, #1482 ) ;
#306 = EDGE_CURVE ( 'NONE', #838, #808, #752, .T. ) ;
#307 = DIRECTION ( 'NONE',  ( -1.000000000000000000, 0.000000000000000000, 0.000000000000000000 ) ) ;
#308 = EDGE_CURVE ( 'NONE', #924, #379, #176, .T. ) ;
#309 = CARTESIAN_POINT ( 'NONE',  ( -7.999999999999998224, -106.3497662778795814, 96.36805118862781683 ) ) ;
#310 = CARTESIAN_POINT ( 'NONE',  ( -5.809966655327793106, -104.8142012606804343, 0.000000000000000000 ) ) ;
#311 = ORIENTED_EDGE ( 'NONE', *, *, #267, .F. ) ;
#312 = CARTESIAN_POINT ( 'NONE',  ( 5.000000000000000000, -5.000000000000000000, 5.000000000000000000 ) ) ;
#313 = ORIENTED_EDGE ( 'NONE', *, *, #1508, .T. ) ;
#314 = CIRCLE ( 'NONE', #1694, 3.000000000000002665 ) ;
#315 = CARTESIAN_POINT ( 'NONE',  ( 12.97901124332240386, -2.027412880197739131, 4.588381362440666855 ) ) ;
#316 = AXIS2_PLACEMENT_3D ( 'NONE', #1540, #466, #215 ) ;
#317 = AXIS2_PLACEMENT_3D ( 'NONE', #830, #1504, #1367 ) ;
#318 = CARTESIAN_POINT ( 'NONE',  ( -7.999999999999998224, -106.9003311294584933, 95.19029602004533785 ) ) ;
#319 = DIRECTION ( 'NONE',  ( 0.000000000000000000, 0.000000000000000000, -1.000000000000000000 ) ) ;
#320 = ORIENTED_EDGE ( 'NONE', *, *, #493, .F. ) ;
#321 = CARTESIAN_POINT ( 'NONE',  ( 27.99999999999999645, -4.999999999999999112, 100.0000000000000000 ) ) ;
#322 = ORIENTED_EDGE ( 'NONE', *, *, #1379, .F. ) ;
#323 = LINE ( 'NONE', #1655, #1530 ) ;
#324 = CARTESIAN_POINT ( 'NONE',  ( -7.999999999999996447, -106.7578768375378360, 95.73289867388626817 ) ) ;
#325 = DIRECTION ( 'NONE',  ( 6.938893903907222461E-16, 0.000000000000000000, -1.000000000000000000 ) ) ;
#326 = ADVANCED_FACE ( 'NONE', ( #514 ), #651, .T. ) ;
#327 = CARTESIAN_POINT ( 'NONE',  ( 5.000000000000000000, -2.000000000000004441, 95.00000000000000000 ) ) ;
#328 = ORIENTED_EDGE ( 'NONE', *, *, #1676, .T. ) ;
#329 = CARTESIAN_POINT ( 'NONE',  ( 24.99999999999999645, -7.311769960466756666E-16, 5.000000000000004441 ) ) ;
#330 = DIRECTION ( 'NONE',  ( -0.000000000000000000, -0.000000000000000000, -1.000000000000000000 ) ) ;
#331 = DIRECTION ( 'NONE',  ( -0.000000000000000000, 1.000000000000000000, -0.000000000000000000 ) ) ;
#332 = CIRCLE ( 'NONE', #1684, 3.000000000000002665 ) ;
#333 = AXIS2_PLACEMENT_3D ( 'NONE', #1735, #928, #362 ) ;
#334 = CYLINDRICAL_SURFACE ( 'NONE', #150, 8.350000000000003197 ) ;
#335 = EDGE_CURVE ( 'NONE', #410, #63, #1334, .T. ) ;
#336 = ORIENTED_EDGE ( 'NONE', *, *, #1401, .T. ) ;
#337 = EDGE_CURVE ( 'NONE', #557, #853, #93, .T. ) ;
#338 = CARTESIAN_POINT ( 'NONE',  ( 25.00000000000000711, -94.90033112945852167, 98.00000000000000000 ) ) ;
#339 = DIRECTION ( 'NONE',  ( -1.000000000000000000, 0.000000000000000000, 0.000000000000000000 ) ) ;
#340 = DIRECTION ( 'NONE',  ( -1.000000000000000000, -3.469446951953616654E-16, 0.000000000000000000 ) ) ;
#341 = CIRCLE ( 'NONE', #8, 5.000000000000000888 ) ;
#342 = ORIENTED_EDGE ( 'NONE', *, *, #1313, .F. ) ;
#343 = CARTESIAN_POINT ( 'NONE',  ( 13.90000000000000036, -50.00000000000000000, 12.89999999999999503 ) ) ;
#344 = VECTOR ( 'NONE', #12, 1000.000000000000000 ) ;
#345 = ORIENTED_EDGE ( 'NONE', *, *, #1038, .T. ) ;
#346 = DIRECTION ( 'NONE',  ( -0.000000000000000000, -0.000000000000000000, -1.000000000000000000 ) ) ;
#347 = CARTESIAN_POINT ( 'NONE',  ( -7.999999999999994671, -105.0000000000000142, 5.000000000000004441 ) ) ;
#348 = DIRECTION ( 'NONE',  ( -1.000000000000000000, 0.000000000000000000, 0.000000000000000000 ) ) ;
#349 = ORIENTED_EDGE ( 'NONE', *, *, #836, .T. ) ;
#350 = DIRECTION ( 'NONE',  ( 0.000000000000000000, 1.000000000000000000, 0.000000000000000000 ) ) ;
#351 = EDGE_LOOP ( 'NONE', ( #377, #596, #1539, #164, #105 ) ) ;
#352 = DIRECTION ( 'NONE',  ( -0.000000000000000000, 1.000000000000000000, 0.000000000000000000 ) ) ;
#353 = DIRECTION ( 'NONE',  ( -0.000000000000000000, -0.000000000000000000, -1.000000000000000000 ) ) ;
#354 = ADVANCED_FACE ( 'NONE', ( #1325 ), #364, .F. ) ;
#355 = FACE_OUTER_BOUND ( 'NONE', #956, .T. ) ;
#356 = DIRECTION ( 'NONE',  ( -1.000000000000000000, 0.000000000000000000, 0.000000000000000000 ) ) ;
#357 = ADVANCED_FACE ( 'NONE', ( #212 ), #60, .T. ) ;
#358 = VERTEX_POINT ( 'NONE', #1587 ) ;
#359 = CIRCLE ( 'NONE', #590, 5.000000000000004441 ) ;
#360 = CARTESIAN_POINT ( 'NONE',  ( 13.90000000000000036, -52.00000000000000711, 12.89999999999999503 ) ) ;
#361 = ORIENTED_EDGE ( 'NONE', *, *, #1527, .F. ) ;
#362 = DIRECTION ( 'NONE',  ( 0.000000000000000000, 0.000000000000000000, -1.000000000000000000 ) ) ;
#363 = VERTEX_POINT ( 'NONE', #1692 ) ;
#364 = PLANE ( 'NONE',  #831 ) ;
#365 = FACE_OUTER_BOUND ( 'NONE', #82, .T. ) ;
#366 = CIRCLE ( 'NONE', #1250, 3.000000000000000000 ) ;
#367 = AXIS2_PLACEMENT_3D ( 'NONE', #1284, #69, #848 ) ;
#368 = ORIENTED_EDGE ( 'NONE', *, *, #287, .T. ) ;
#369 = DIRECTION ( 'NONE',  ( -1.000000000000000000, 0.000000000000000000, 0.000000000000000000 ) ) ;
#370 = VECTOR ( 'NONE', #1479, 1000.000000000000000 ) ;
#371 = ORIENTED_EDGE ( 'NONE', *, *, #277, .T. ) ;
#372 = AXIS2_PLACEMENT_3D ( 'NONE', #621, #1161, #491 ) ;
#373 = CARTESIAN_POINT ( 'NONE',  ( 24.99999999999999645, -5.000000000000000000, 5.000000000000000000 ) ) ;
#374 = ORIENTED_EDGE ( 'NONE', *, *, #7, .T. ) ;
#375 = CARTESIAN_POINT ( 'NONE',  ( 5.000000000000000000, -5.000000000000004441, 5.000000000000004441 ) ) ;
#376 = CARTESIAN_POINT ( 'NONE',  ( 27.99999999999999645, -2.924707984186702371E-16, 5.000000000000004441 ) ) ;
#377 = ORIENTED_EDGE ( 'NONE', *, *, #1461, .F. ) ;
#378 = CARTESIAN_POINT ( 'NONE',  ( 5.000000000000000000, -5.000000000000004441, 100.0000000000000000 ) ) ;
#379 = VERTEX_POINT ( 'NONE', #641 ) ;
#380 = CARTESIAN_POINT ( 'NONE',  ( -7.999999999999998224, -103.7268606191507558, 99.83519556139134465 ) ) ;
#381 = ADVANCED_FACE ( 'NONE', ( #355 ), #517, .F. ) ;
#382 = ORIENTED_EDGE ( 'NONE', *, *, #1301, .T. ) ;
#383 = DIRECTION ( 'NONE',  ( -0.000000000000000000, -0.000000000000000000, -1.000000000000000000 ) ) ;
#384 = DIRECTION ( 'NONE',  ( 0.000000000000000000, 0.000000000000000000, 1.000000000000000000 ) ) ;
#385 = ORIENTED_EDGE ( 'NONE', *, *, #429, .F. ) ;
#386 = DIRECTION ( 'NONE',  ( 0.000000000000000000, -0.000000000000000000, -1.000000000000000000 ) ) ;
#387 = AXIS2_PLACEMENT_3D ( 'NONE', #913, #104, #1064 ) ;
#388 = ORIENTED_EDGE ( 'NONE', *, *, #623, .T. ) ;
#389 = DIRECTION ( 'NONE',  ( -0.000000000000000000, -0.000000000000000000, -1.000000000000000000 ) ) ;
#390 = STYLED_ITEM ( 'NONE', ( #226 ), #884 ) ;
#391 = EDGE_CURVE ( 'NONE', #989, #63, #1224, .T. ) ;
#392 = CARTESIAN_POINT ( 'NONE',  ( 0.000000000000000000, -5.000000000000000000, 5.000000000000004441 ) ) ;
#393 = ORIENTED_EDGE ( 'NONE', *, *, #1261, .F. ) ;
#394 = B_SPLINE_CURVE_WITH_KNOTS ( 'NONE', 3,
 ( #1432, #762, #1580, #87, #629, #1170, #1705, #907, #1439, #230, #772, #560, #535, #1483 ),
 .UNSPECIFIED., .F., .F.,
 ( 4, 2, 2, 2, 2, 2, 4 ),
 ( 0.000000000000000000, 0.001110319177970341175, 0.002220638355940682349, 0.002775797944925852828, 0.003330957533911024174, 0.003886117122896195087, 0.004441276711881366433 ),
 .UNSPECIFIED. ) ;
#395 = CARTESIAN_POINT ( 'NONE',  ( -7.999999999999998224, -104.0818478512651524, 0.2099537832393594261 ) ) ;
#396 = CARTESIAN_POINT ( 'NONE',  ( 13.90000000000000036, -50.00000000000000000, 87.10000000000000853 ) ) ;
#397 = CARTESIAN_POINT ( 'NONE',  ( 11.19583654340198109, -2.000000000000001776, 95.00000000000000000 ) ) ;
#398 = CARTESIAN_POINT ( 'NONE',  ( 13.90000000000000036, -50.00000000000000000, 12.89999999999999503 ) ) ;
#399 = CIRCLE ( 'NONE', #625, 19.99999999999999645 ) ;
#400 = ORIENTED_EDGE ( 'NONE', *, *, #183, .T. ) ;
#401 = LINE ( 'NONE', #1610, #402 ) ;
#402 = VECTOR ( 'NONE', #1209, 1000.000000000000000 ) ;
#403 = AXIS2_PLACEMENT_3D ( 'NONE', #19, #703, #135 ) ;
#404 = ORIENTED_EDGE ( 'NONE', *, *, #245, .F. ) ;
#405 = ADVANCED_FACE ( 'NONE', ( #1718 ), #786, .F. ) ;
#406 = DIRECTION ( 'NONE',  ( 0.000000000000000000, -1.000000000000000000, 0.000000000000000000 ) ) ;
#407 = CARTESIAN_POINT ( 'NONE',  ( -6.567365046886792790, -104.5029754147252703, 100.0000000000000000 ) ) ;
#408 = DIRECTION ( 'NONE',  ( -0.000000000000000000, -0.000000000000000000, -1.000000000000000000 ) ) ;
#409 = DIRECTION ( 'NONE',  ( -1.000000000000000000, 0.000000000000000000, 0.000000000000000000 ) ) ;
#410 = VERTEX_POINT ( 'NONE', #1463 ) ;
#411 = CARTESIAN_POINT ( 'NONE',  ( -5.809966655327793106, -104.8142012606804343, 100.0000000000000000 ) ) ;
#412 = ORIENTED_EDGE ( 'NONE', *, *, #1401, .F. ) ;
#413 = LINE ( 'NONE', #524, #33 ) ;
#414 = EDGE_CURVE ( 'NONE', #379, #554, #1737, .T. ) ;
#415 = CARTESIAN_POINT ( 'NONE',  ( 13.90000000000000036, 0.000000000000000000, 12.89999999999999503 ) ) ;
#416 = CARTESIAN_POINT ( 'NONE',  ( 24.99999999999999645, -5.000000000000000000, 5.000000000000000000 ) ) ;
#417 = B_SPLINE_CURVE_WITH_KNOTS ( 'NONE', 3,
 ( #1248, #35, #1649, #444, #855, #1176 ),
 .UNSPECIFIED., .F., .F.,
 ( 4, 2, 4 ),
 ( 0.002840177332346506371, 0.004210833218630825013, 0.005581489104915139318 ),
 .UNSPECIFIED. ) ;
#418 = EDGE_CURVE ( 'NONE', #90, #823, #413, .T. ) ;
#419 = ORIENTED_EDGE ( 'NONE', *, *, #1541, .T. ) ;
#420 = DIRECTION ( 'NONE',  ( 0.000000000000000000, 0.000000000000000000, -1.000000000000000000 ) ) ;
#421 = ORIENTED_EDGE ( 'NONE', *, *, #882, .T. ) ;
#422 = AXIS2_PLACEMENT_3D ( 'NONE', #610, #872, #1406 ) ;
#423 =( GEOMETRIC_REPRESENTATION_CONTEXT ( 3 ) GLOBAL_UNCERTAINTY_ASSIGNED_CONTEXT ( ( #647 ) ) GLOBAL_UNIT_ASSIGNED_CONTEXT ( ( #202, #1562, #1691 ) ) REPRESENTATION_CONTEXT ( 'NONE', 'WORKASPACE' ) );
#424 = DIRECTION ( 'NONE',  ( -1.000000000000000000, 0.000000000000000000, 0.000000000000000000 ) ) ;
#425 = CARTESIAN_POINT ( 'NONE',  ( -7.999999999999998224, -106.9003311294584933, 95.00000000000000000 ) ) ;
#426 = DIRECTION ( 'NONE',  ( -0.000000000000000000, -0.000000000000000000, -1.000000000000000000 ) ) ;
#427 = CIRCLE ( 'NONE', #431, 5.000000000000004441 ) ;
#428 = ORIENTED_EDGE ( 'NONE', *, *, #1233, .F. ) ;
#429 = EDGE_CURVE ( 'NONE', #892, #989, #539, .T. ) ;
#430 = CYLINDRICAL_SURFACE ( 'NONE', #1365, 3.000000000000002665 ) ;
#431 = AXIS2_PLACEMENT_3D ( 'NONE', #1147, #592, #1390 ) ;
#432 = EDGE_LOOP ( 'NONE', ( #1230, #1072 ) ) ;
#433 = AXIS2_PLACEMENT_3D ( 'NONE', #682, #1222, #1335 ) ;
#434 = VECTOR ( 'NONE', #73, 1000.000000000000000 ) ;
#435 = AXIS2_PLACEMENT_3D ( 'NONE', #820, #1625, #584 ) ;
#436 = CARTESIAN_POINT ( 'NONE',  ( 0.000000000000000000, -5.000000000000004441, 5.000000000000004441 ) ) ;
#437 = CARTESIAN_POINT ( 'NONE',  ( 8.000000000000015987, -5.000000000000004441, 95.00000000000000000 ) ) ;
#438 = VERTEX_POINT ( 'NONE', #1363 ) ;
#439 = LINE ( 'NONE', #974, #719 ) ;
#440 = EDGE_CURVE ( 'NONE', #518, #254, #1556, .T. ) ;
#441 = EDGE_LOOP ( 'NONE', ( #187, #465 ) ) ;
#442 = ADVANCED_FACE ( 'NONE', ( #1063 ), #1595, .F. ) ;
#443 = CARTESIAN_POINT ( 'NONE',  ( 8.000000000000015987, -94.90033112945852167, 100.0000000000000000 ) ) ;
#444 = CARTESIAN_POINT ( 'NONE',  ( 15.72106267819081005, -2.010492453664610935, 95.26179817029060359 ) ) ;
#445 = CARTESIAN_POINT ( 'NONE',  ( 5.000000000000003553, -92.00000000000000000, 100.0000000000000000 ) ) ;
#446 = ORIENTED_EDGE ( 'NONE', *, *, #677, .F. ) ;
#447 = DIRECTION ( 'NONE',  ( 1.000000000000000000, 0.000000000000000000, 0.000000000000000000 ) ) ;
#448 = ORIENTED_EDGE ( 'NONE', *, *, #874, .T. ) ;
#449 = EDGE_CURVE ( 'NONE', #1486, #1688, #399, .T. ) ;
#450 = DIRECTION ( 'NONE',  ( -1.000000000000000000, 0.000000000000000000, 0.000000000000000000 ) ) ;
#451 = ADVANCED_FACE ( 'NONE', ( #809 ), #883, .T. ) ;
#452 = PRODUCT_DEFINITION_FORMATION_WITH_SPECIFIED_SOURCE ( 'ANY', '', #713, .NOT_KNOWN. ) ;
#453 = CARTESIAN_POINT ( 'NONE',  ( -8.000000000000000000, -104.4536859014357191, 97.52710891011102490 ) ) ;
#454 = DIRECTION ( 'NONE',  ( -1.462353992093351185E-16, 1.000000000000000000, 0.000000000000000000 ) ) ;
#455 = VERTEX_POINT ( 'NONE', #930 ) ;
#456 = LINE ( 'NONE', #1402, #1559 ) ;
#457 = ORIENTED_EDGE ( 'NONE', *, *, #1381, .T. ) ;
#458 = AXIS2_PLACEMENT_3D ( 'NONE', #1535, #56, #307 ) ;
#459 = B_SPLINE_CURVE_WITH_KNOTS ( 'NONE', 3,
 ( #1404, #1525, #566, #315, #741, #1543 ),
 .UNSPECIFIED., .F., .F.,
 ( 4, 2, 4 ),
 ( 9.867980802545815657E-05, 0.001469428570185978347, 0.002840177332346498565 ),
 .UNSPECIFIED. ) ;
#460 = FACE_OUTER_BOUND ( 'NONE', #1149, .T. ) ;
#461 = EDGE_CURVE ( 'NONE', #521, #438, #971, .T. ) ;
#462 = AXIS2_PLACEMENT_3D ( 'NONE', #542, #144, #409 ) ;
#463 = FACE_OUTER_BOUND ( 'NONE', #1068, .T. ) ;
#464 = LINE ( 'NONE', #50, #37 ) ;
#465 = ORIENTED_EDGE ( 'NONE', *, *, #235, .T. ) ;
#466 = DIRECTION ( 'NONE',  ( -0.000000000000000000, -0.000000000000000000, -1.000000000000000000 ) ) ;
#467 = ORIENTED_EDGE ( 'NONE', *, *, #1538, .T. ) ;
#468 =( NAMED_UNIT ( * ) PLANE_ANGLE_UNIT ( ) SI_UNIT ( $, .RADIAN. ) );
#469 = CARTESIAN_POINT ( 'NONE',  ( -8.000000000000000000, -105.9408020528988033, 96.75223303018742627 ) ) ;
#470 = LINE ( 'NONE', #577, #806 ) ;
#471 = ORIENTED_EDGE ( 'NONE', *, *, #927, .T. ) ;
#472 = CARTESIAN_POINT ( 'NONE',  ( 5.000000000000003553, -92.00000000000000000, 5.000000000000000000 ) ) ;
#473 = ADVANCED_FACE ( 'NONE', ( #968 ), #797, .T. ) ;
#474 = EDGE_LOOP ( 'NONE', ( #1035, #1457, #815, #206 ) ) ;
#475 = SPHERICAL_SURFACE ( 'NONE', #546, 3.000000000000000000 ) ;
#476 = CARTESIAN_POINT ( 'NONE',  ( -8.000000000000000000, -100.0000000000000000, 95.00000000000000000 ) ) ;
#477 = DIRECTION ( 'NONE',  ( -0.000000000000000000, 1.000000000000000000, -0.000000000000000000 ) ) ;
#478 = AXIS2_PLACEMENT_3D ( 'NONE', #952, #132, #1748 ) ;
#479 = ORIENTED_EDGE ( 'NONE', *, *, #874, .F. ) ;
#480 = DIRECTION ( 'NONE',  ( -1.000000000000000000, 0.000000000000000000, 0.000000000000000000 ) ) ;
#481 = ADVANCED_FACE ( 'NONE', ( #291 ), #1345, .T. ) ;
#482 = ORIENTED_EDGE ( 'NONE', *, *, #414, .T. ) ;
#483 = TOROIDAL_SURFACE ( 'NONE', #485, 16.99999999999999645, 5.000000000000000000 ) ;
#484 = DIRECTION ( 'NONE',  ( -1.000000000000000000, 0.000000000000000000, 0.000000000000000000 ) ) ;
#485 = AXIS2_PLACEMENT_3D ( 'NONE', #1656, #330, #1536 ) ;
#486 = DIRECTION ( 'NONE',  ( -0.000000000000000000, 1.000000000000000000, -0.000000000000000000 ) ) ;
#487 = DIRECTION ( 'NONE',  ( -0.000000000000000000, -0.000000000000000000, -1.000000000000000000 ) ) ;
#488 = AXIS2_PLACEMENT_3D ( 'NONE', #1039, #1570, #1455 ) ;
#489 = AXIS2_PLACEMENT_3D ( 'NONE', #21, #555, #825 ) ;
#490 = DIRECTION ( 'NONE',  ( 1.000000000000000000, -6.123233995736766036E-17, 0.000000000000000000 ) ) ;
#491 = DIRECTION ( 'NONE',  ( -1.000000000000000000, 0.000000000000000000, 0.000000000000000000 ) ) ;
#492 = ORIENTED_EDGE ( 'NONE', *, *, #1022, .F. ) ;
#493 = EDGE_CURVE ( 'NONE', #1695, #74, #754, .T. ) ;
#494 = CARTESIAN_POINT ( 'NONE',  ( -7.296942003800569232, -104.1249290425971452, 2.117611389743021100 ) ) ;
#495 = CARTESIAN_POINT ( 'NONE',  ( 13.90000000000000036, -50.00000000000000000, 19.25000000000000000 ) ) ;
#496 = ADVANCED_FACE ( 'NONE', ( #599 ), #23, .T. ) ;
#497 = SHAPE_DEFINITION_REPRESENTATION ( #1623, #884 ) ;
#498 = CARTESIAN_POINT ( 'NONE',  ( 2.000000000000000000, -5.000000000000004441, 95.00000000000000000 ) ) ;
#499 = CARTESIAN_POINT ( 'NONE',  ( 5.000000000000000000, -5.000000000000004441, 95.00000000000000000 ) ) ;
#500 = ORIENTED_EDGE ( 'NONE', *, *, #601, .T. ) ;
#501 = DIRECTION ( 'NONE',  ( 0.000000000000000000, 0.000000000000000000, -1.000000000000000000 ) ) ;
#502 = ORIENTED_EDGE ( 'NONE', *, *, #1199, .F. ) ;
#503 = DIRECTION ( 'NONE',  ( 0.000000000000000000, 0.000000000000000000, 1.000000000000000000 ) ) ;
#504 = EDGE_CURVE ( 'NONE', #989, #410, #1163, .T. ) ;
#505 = CARTESIAN_POINT ( 'NONE',  ( 0.000000000000000000, -92.00000000000000000, 95.00000000000000000 ) ) ;
#506 = DIRECTION ( 'NONE',  ( 0.000000000000000000, 0.000000000000000000, 1.000000000000000000 ) ) ;
#507 = ORIENTED_EDGE ( 'NONE', *, *, #916, .F. ) ;
#508 = CIRCLE ( 'NONE', #1045, 2.999999999999999112 ) ;
#509 = DIRECTION ( 'NONE',  ( 0.000000000000000000, 0.000000000000000000, 1.000000000000000000 ) ) ;
#510 = EDGE_LOOP ( 'NONE', ( #1121, #1049, #198, #1361 ) ) ;
#511 = CARTESIAN_POINT ( 'NONE',  ( 27.99999999999999645, -5.000000000000000000, 95.00000000000000000 ) ) ;
#512 = ORIENTED_EDGE ( 'NONE', *, *, #1646, .F. ) ;
#513 = DIRECTION ( 'NONE',  ( 1.000000000000000000, 0.000000000000000000, 0.000000000000000000 ) ) ;
#514 = FACE_OUTER_BOUND ( 'NONE', #1118, .T. ) ;
#515 = DIRECTION ( 'NONE',  ( 0.000000000000000000, 1.000000000000000000, 0.000000000000000000 ) ) ;
#516 = EDGE_CURVE ( 'NONE', #1470, #1276, #583, .T. ) ;
#517 = TOROIDAL_SURFACE ( 'NONE', #1501, 13.00000000000000533, 3.000000000000000000 ) ;
#518 = VERTEX_POINT ( 'NONE', #1115 ) ;
#519 = CARTESIAN_POINT ( 'NONE',  ( 24.99999999999999645, -5.000000000000000000, 95.00000000000000000 ) ) ;
#520 = AXIS2_PLACEMENT_3D ( 'NONE', #1408, #730, #1670 ) ;
#521 = VERTEX_POINT ( 'NONE', #48 ) ;
#522 = CIRCLE ( 'NONE', #317, 5.000000000000000888 ) ;
#523 = CARTESIAN_POINT ( 'NONE',  ( 13.90000000000000036, -2.000000000000001776, 12.89999999999999503 ) ) ;
#524 = CARTESIAN_POINT ( 'NONE',  ( 24.99999999999999289, -94.90033112945852167, 2.000000000000000000 ) ) ;
#525 = DIRECTION ( 'NONE',  ( -1.000000000000000000, 0.000000000000000000, 0.000000000000000000 ) ) ;
#526 = LINE ( 'NONE', #1437, #1278 ) ;
#527 = DIRECTION ( 'NONE',  ( -1.000000000000000000, 0.000000000000000000, 0.000000000000000000 ) ) ;
#528 = EDGE_LOOP ( 'NONE', ( #1057, #973, #1288, #500 ) ) ;
#529 = EDGE_CURVE ( 'NONE', #967, #892, #870, .T. ) ;
#530 = DIRECTION ( 'NONE',  ( -0.000000000000000000, -0.000000000000000000, -1.000000000000000000 ) ) ;
#531 = DIRECTION ( 'NONE',  ( 0.000000000000000000, 0.000000000000000000, 1.000000000000000000 ) ) ;
#532 = EDGE_LOOP ( 'NONE', ( #842, #900, #388, #336 ) ) ;
#533 = DIRECTION ( 'NONE',  ( 0.000000000000000000, 0.000000000000000000, 1.000000000000000000 ) ) ;
#534 = DIRECTION ( 'NONE',  ( 1.462353992093351185E-16, -1.000000000000000000, 0.000000000000000000 ) ) ;
#535 = CARTESIAN_POINT ( 'NONE',  ( -8.000000000000000000, -106.9003311294584790, 4.809034076088134491 ) ) ;
#536 = CARTESIAN_POINT ( 'NONE',  ( 13.90000000000000036, -2.033942010007227630, 95.45000000000000284 ) ) ;
#537 = ORIENTED_EDGE ( 'NONE', *, *, #1579, .F. ) ;
#538 = CARTESIAN_POINT ( 'NONE',  ( 0.000000000000000000, -2.000000000000000000, 95.00000000000000000 ) ) ;
#539 = LINE ( 'NONE', #839, #229 ) ;
#540 = CARTESIAN_POINT ( 'NONE',  ( -7.999999999999998224, -103.7268606191507558, 99.83519556139134465 ) ) ;
#541 = CARTESIAN_POINT ( 'NONE',  ( 8.000000000000015987, -94.90033112945852167, 95.00000000000000000 ) ) ;
#542 = CARTESIAN_POINT ( 'NONE',  ( 25.00000000000000711, -94.90033112945852167, 95.00000000000000000 ) ) ;
#543 = AXIS2_PLACEMENT_3D ( 'NONE', #959, #1605, #1232 ) ;
#544 = EDGE_LOOP ( 'NONE', ( #1186, #1320, #1407, #1344, #579 ) ) ;
#545 = FACE_BOUND ( 'NONE', #1534, .T. ) ;
#546 = AXIS2_PLACEMENT_3D ( 'NONE', #1551, #885, #447 ) ;
#547 = AXIS2_PLACEMENT_3D ( 'NONE', #232, #1329, #1713 ) ;
#548 = ORIENTED_EDGE ( 'NONE', *, *, #335, .T. ) ;
#549 = EDGE_CURVE ( 'NONE', #156, #921, #323, .T. ) ;
#550 = CARTESIAN_POINT ( 'NONE',  ( -7.999999999999996447, -105.1415554302355417, 0.4107304564052328133 ) ) ;
#551 = EDGE_CURVE ( 'NONE', #95, #853, #459, .T. ) ;
#552 = DIRECTION ( 'NONE',  ( 0.000000000000000000, 0.000000000000000000, -1.000000000000000000 ) ) ;
#553 = FACE_OUTER_BOUND ( 'NONE', #184, .T. ) ;
#554 = VERTEX_POINT ( 'NONE', #1648 ) ;
#555 = DIRECTION ( 'NONE',  ( 0.000000000000000000, -1.000000000000000000, 0.000000000000000000 ) ) ;
#556 = MANIFOLD_SOLID_BREP ( 'Shell1', #799 ) ;
#557 = VERTEX_POINT ( 'NONE', #1511 ) ;
#558 = CARTESIAN_POINT ( 'NONE',  ( -7.999999999999998224, -108.3906064386284385, 1.890862922304521909 ) ) ;
#559 = ADVANCED_FACE ( 'NONE', ( #460 ), #1003, .F. ) ;
#560 = CARTESIAN_POINT ( 'NONE',  ( -7.999999999999996447, -106.8703091496239921, 4.623223664468381067 ) ) ;
#561 = CARTESIAN_POINT ( 'NONE',  ( 16.60416345659803028, -2.000000000000001776, 5.000000000000004441 ) ) ;
#562 = VERTEX_POINT ( 'NONE', #1380 ) ;
#563 = CARTESIAN_POINT ( 'NONE',  ( 5.000000000000000000, -5.000000000000004441, 95.00000000000000000 ) ) ;
#564 = EDGE_LOOP ( 'NONE', ( #311, #5, #1043, #419 ) ) ;
#565 = AXIS2_PLACEMENT_3D ( 'NONE', #42, #753, #856 ) ;
#566 = CARTESIAN_POINT ( 'NONE',  ( 12.07769581881922605, -2.010466486803348385, 4.738478564789454062 ) ) ;
#567 = CARTESIAN_POINT ( 'NONE',  ( -7.999999999999998224, -102.0000000000000142, 5.000000000000004441 ) ) ;
#568 = SPHERICAL_SURFACE ( 'NONE', #745, 3.000000000000000000 ) ;
#569 = ADVANCED_FACE ( 'NONE', ( #178 ), #169, .T. ) ;
#570 = ORIENTED_EDGE ( 'NONE', *, *, #287, .F. ) ;
#571 = DIRECTION ( 'NONE',  ( 0.000000000000000000, 0.000000000000000000, -1.000000000000000000 ) ) ;
#572 = ADVANCED_FACE ( 'NONE', ( #32 ), #575, .T. ) ;
#573 = ORIENTED_EDGE ( 'NONE', *, *, #1349, .F. ) ;
#574 = AXIS2_PLACEMENT_3D ( 'NONE', #1703, #1308, #227 ) ;
#575 = CYLINDRICAL_SURFACE ( 'NONE', #1420, 22.00000000000000000 ) ;
#576 = CARTESIAN_POINT ( 'NONE',  ( -7.999999999999994671, -106.0846862805952497, 96.63305110485700311 ) ) ;
#577 = CARTESIAN_POINT ( 'NONE',  ( 13.90000000000000036, -50.00000000000000000, 80.75000000000001421 ) ) ;
#578 = EDGE_CURVE ( 'NONE', #1498, #936, #179, .T. ) ;
#579 = ORIENTED_EDGE ( 'NONE', *, *, #1654, .T. ) ;
#580 = DIRECTION ( 'NONE',  ( -0.000000000000000000, -0.000000000000000000, -1.000000000000000000 ) ) ;
#581 = EDGE_CURVE ( 'NONE', #817, #1712, #1001, .T. ) ;
#582 = EDGE_LOOP ( 'NONE', ( #1220, #272, #950, #607 ) ) ;
#583 = LINE ( 'NONE', #727, #716 ) ;
#584 = DIRECTION ( 'NONE',  ( 0.000000000000000000, 0.000000000000000000, -1.000000000000000000 ) ) ;
#585 = DIRECTION ( 'NONE',  ( 0.000000000000000000, -1.000000000000000000, 0.000000000000000000 ) ) ;
#586 = ORIENTED_EDGE ( 'NONE', *, *, #16, .F. ) ;
#587 = CARTESIAN_POINT ( 'NONE',  ( 5.000000000000000000, 0.000000000000000000, 5.000000000000004441 ) ) ;
#588 = B_SPLINE_CURVE_WITH_KNOTS ( 'NONE', 3,
 ( #263, #910, #633, #807, #1343, #494, #1568, #1708 ),
 .UNSPECIFIED., .F., .F.,
 ( 4, 2, 2, 4 ),
 ( -1.155353279053250520E-05, 0.0006038464800467854224, 0.001219246492884103325, 0.002450046518558720264 ),
 .UNSPECIFIED. ) ;
#589 = ORIENTED_EDGE ( 'NONE', *, *, #1372, .T. ) ;
#590 = AXIS2_PLACEMENT_3D ( 'NONE', #1553, #340, #213 ) ;
#591 = DIRECTION ( 'NONE',  ( 1.000000000000000000, 0.000000000000000000, 0.000000000000000000 ) ) ;
#592 = DIRECTION ( 'NONE',  ( 0.000000000000000000, -1.000000000000000000, 0.000000000000000000 ) ) ;
#593 = CARTESIAN_POINT ( 'NONE',  ( 13.90000000000000036, -2.000000000000001776, 87.10000000000000853 ) ) ;
#594 = EDGE_LOOP ( 'NONE', ( #669, #1136, #393, #428 ) ) ;
#595 = CARTESIAN_POINT ( 'NONE',  ( 13.90000000000000036, 0.000000000000000000, 80.75000000000001421 ) ) ;
#596 = ORIENTED_EDGE ( 'NONE', *, *, #102, .T. ) ;
#597 = CIRCLE ( 'NONE', #488, 5.000000000000004441 ) ;
#598 = EDGE_CURVE ( 'NONE', #792, #1627, #751, .T. ) ;
#599 = FACE_OUTER_BOUND ( 'NONE', #1647, .T. ) ;
#600 = VECTOR ( 'NONE', #738, 1000.000000000000000 ) ;
#601 = EDGE_CURVE ( 'NONE', #1162, #918, #670, .T. ) ;
#602 = AXIS2_PLACEMENT_3D ( 'NONE', #947, #981, #1357 ) ;
#603 = CARTESIAN_POINT ( 'NONE',  ( 11.19583654340198109, -2.000000000000001776, 95.00000000000000000 ) ) ;
#604 = DIRECTION ( 'NONE',  ( 0.000000000000000000, 0.000000000000000000, 1.000000000000000000 ) ) ;
#605 = ORIENTED_EDGE ( 'NONE', *, *, #1231, .T. ) ;
#606 = CARTESIAN_POINT ( 'NONE',  ( 13.90000000000000036, -50.00000000000000000, 19.25000000000000000 ) ) ;
#607 = ORIENTED_EDGE ( 'NONE', *, *, #1022, .T. ) ;
#608 = SURFACE_SIDE_STYLE ('',( #211 ) ) ;
#609 = CYLINDRICAL_SURFACE ( 'NONE', #1113, 8.350000000000003197 ) ;
#610 = CARTESIAN_POINT ( 'NONE',  ( 8.000000000000015987, -94.90033112945852167, 100.0000000000000000 ) ) ;
#611 = EDGE_CURVE ( 'NONE', #808, #63, #1037, .T. ) ;
#612 = ORIENTED_EDGE ( 'NONE', *, *, #391, .F. ) ;
#613 = DIRECTION ( 'NONE',  ( -0.000000000000000000, 1.000000000000000000, -0.000000000000000000 ) ) ;
#614 = EDGE_LOOP ( 'NONE', ( #692, #482, #1371, #1015 ) ) ;
#615 = CYLINDRICAL_SURFACE ( 'NONE', #1726, 8.000000000000003553 ) ;
#616 = CIRCLE ( 'NONE', #1491, 5.000000000000004441 ) ;
#617 = DIRECTION ( 'NONE',  ( -0.000000000000000000, -0.000000000000000000, -1.000000000000000000 ) ) ;
#618 = CARTESIAN_POINT ( 'NONE',  ( 24.99999999999999645, -2.000000000000000000, 5.000000000000004441 ) ) ;
#619 = ORIENTED_EDGE ( 'NONE', *, *, #677, .T. ) ;
#620 = EDGE_CURVE ( 'NONE', #438, #562, #1289, .T. ) ;
#621 = CARTESIAN_POINT ( 'NONE',  ( 5.000000000000000000, -5.000000000000000000, 5.000000000000000000 ) ) ;
#622 = ORIENTED_EDGE ( 'NONE', *, *, #1388, .T. ) ;
#623 = EDGE_CURVE ( 'NONE', #924, #1310, #1027, .T. ) ;
#624 = DIRECTION ( 'NONE',  ( -1.000000000000000000, 0.000000000000000000, 0.000000000000000000 ) ) ;
#625 = AXIS2_PLACEMENT_3D ( 'NONE', #1747, #672, #424 ) ;
#626 = DIRECTION ( 'NONE',  ( 0.000000000000000000, 1.000000000000000000, 0.000000000000000000 ) ) ;
#627 = DIRECTION ( 'NONE',  ( 0.000000000000000000, 1.000000000000000000, -0.000000000000000000 ) ) ;
#628 = AXIS2_PLACEMENT_3D ( 'NONE', #1351, #1507, #4 ) ;
#629 = CARTESIAN_POINT ( 'NONE',  ( -8.000000000000000000, -105.4689223637368087, 2.913491686585506280 ) ) ;
#630 = CYLINDRICAL_SURFACE ( 'NONE', #1671, 5.000000000000004441 ) ;
#631 = ORIENTED_EDGE ( 'NONE', *, *, #298, .F. ) ;
#632 = EDGE_CURVE ( 'NONE', #918, #892, #975, .T. ) ;
#633 = CARTESIAN_POINT ( 'NONE',  ( -6.190667345440633795, -104.6539610941987348, 2.006001030980194333 ) ) ;
#634 = ORIENTED_EDGE ( 'NONE', *, *, #1349, .T. ) ;
#635 = DIRECTION ( 'NONE',  ( -0.000000000000000000, 1.000000000000000000, -0.000000000000000000 ) ) ;
#636 = EDGE_LOOP ( 'NONE', ( #714, #655, #782, #737 ) ) ;
#637 = CARTESIAN_POINT ( 'NONE',  ( -8.000000000000000000, -105.1382455807884497, 99.59001488617948894 ) ) ;
#638 = VERTEX_POINT ( 'NONE', #128 ) ;
#639 = CARTESIAN_POINT ( 'NONE',  ( 24.99999999999999645, -5.000000000000000000, 95.00000000000000000 ) ) ;
#640 = EDGE_LOOP ( 'NONE', ( #158, #1714, #1125, #1103 ) ) ;
#641 = CARTESIAN_POINT ( 'NONE',  ( 13.90000000000000036, -50.00000000000000000, 6.549999999999990941 ) ) ;
#642 = CARTESIAN_POINT ( 'NONE',  ( 5.000000000000003553, -92.00000000000000000, 98.00000000000000000 ) ) ;
#643 = EDGE_LOOP ( 'NONE', ( #1489, #361, #1259, #139, #827 ) ) ;
#644 = AXIS2_PLACEMENT_3D ( 'NONE', #1529, #604, #1400 ) ;
#645 = DIRECTION ( 'NONE',  ( 0.000000000000000000, -0.000000000000000000, -1.000000000000000000 ) ) ;
#646 = ORIENTED_EDGE ( 'NONE', *, *, #814, .T. ) ;
#647 = UNCERTAINTY_MEASURE_WITH_UNIT (LENGTH_MEASURE( 1.000000000000000082E-05 ), #202, 'distance_accuracy_value', 'NONE');
#648 = B_SPLINE_CURVE_WITH_KNOTS ( 'NONE', 3,
 ( #237, #1602, #253, #1444 ),
 .UNSPECIFIED., .F., .F.,
 ( 4, 4 ),
 ( -1.491554637226411656E-05, 0.002438671390349414145 ),
 .UNSPECIFIED. ) ;
#649 = FACE_OUTER_BOUND ( 'NONE', #1012, .T. ) ;
#650 = ADVANCED_FACE ( 'NONE', ( #805 ), #1475, .F. ) ;
#651 = SPHERICAL_SURFACE ( 'NONE', #574, 5.000000000000000000 ) ;
#652 = DIRECTION ( 'NONE',  ( 1.000000000000000000, 0.000000000000000000, 0.000000000000000000 ) ) ;
#653 = EDGE_CURVE ( 'NONE', #518, #1498, #401, .T. ) ;
#654 = VECTOR ( 'NONE', #1240, 1000.000000000000000 ) ;
#655 = ORIENTED_EDGE ( 'NONE', *, *, #919, .T. ) ;
#656 = DIRECTION ( 'NONE',  ( -1.000000000000000000, 0.000000000000000000, 0.000000000000000000 ) ) ;
#657 = VECTOR ( 'NONE', #1702, 1000.000000000000000 ) ;
#658 = AXIS2_PLACEMENT_3D ( 'NONE', #188, #987, #1123 ) ;
#659 = ORIENTED_EDGE ( 'NONE', *, *, #1508, .F. ) ;
#660 = DIRECTION ( 'NONE',  ( 0.000000000000000000, 0.000000000000000000, 1.000000000000000000 ) ) ;
#661 = CIRCLE ( 'NONE', #1586, 5.000000000000000000 ) ;
#662 = DIRECTION ( 'NONE',  ( -1.000000000000000000, -0.000000000000000000, -0.000000000000000000 ) ) ;
#663 = VERTEX_POINT ( 'NONE', #338 ) ;
#664 = CARTESIAN_POINT ( 'NONE',  ( -7.999999999999996447, -108.1056778183873348, 1.675392153211838986 ) ) ;
#665 = CARTESIAN_POINT ( 'NONE',  ( -8.000000000000000000, -92.00000000000000000, 100.0000000000000000 ) ) ;
#666 = DIRECTION ( 'NONE',  ( -0.000000000000000000, -0.000000000000000000, -1.000000000000000000 ) ) ;
#667 = DIRECTION ( 'NONE',  ( 0.000000000000000000, -1.000000000000000000, 0.000000000000000000 ) ) ;
#668 = ADVANCED_FACE ( 'NONE', ( #262 ), #1331, .F. ) ;
#669 = ORIENTED_EDGE ( 'NONE', *, *, #1518, .T. ) ;
#670 = LINE ( 'NONE', #271, #1306 ) ;
#671 = B_SPLINE_CURVE_WITH_KNOTS ( 'NONE', 3,
 ( #1544, #195, #721, #171, #300, #1414, #41, #1528 ),
 .UNSPECIFIED., .F., .F.,
 ( 4, 2, 2, 4 ),
 ( 0.000000000000000000, 0.001230800025674614337, 0.001846200038511933107, 0.002461600051349251660 ),
 .UNSPECIFIED. ) ;
#672 = DIRECTION ( 'NONE',  ( 0.000000000000000000, 0.000000000000000000, 1.000000000000000000 ) ) ;
#673 = PLANE ( 'NONE',  #478 ) ;
#674 = PLANE ( 'NONE',  #435 ) ;
#675 = CARTESIAN_POINT ( 'NONE',  ( 24.99999999999999289, -5.000000000000004441, 100.0000000000000000 ) ) ;
#676 = AXIS2_PLACEMENT_3D ( 'NONE', #1040, #85, #761 ) ;
#677 = EDGE_CURVE ( 'NONE', #909, #130, #75, .T. ) ;
#678 = ORIENTED_EDGE ( 'NONE', *, *, #995, .T. ) ;
#679 = CARTESIAN_POINT ( 'NONE',  ( 3.469446951953614189E-15, -92.00000000000000000, 95.00000000000000000 ) ) ;
#680 = EDGE_CURVE ( 'NONE', #881, #363, #119, .T. ) ;
#681 = EDGE_LOOP ( 'NONE', ( #1522, #1239, #1629, #982, #46 ) ) ;
#682 = CARTESIAN_POINT ( 'NONE',  ( 13.90000000000000036, -50.00000000000000000, 87.10000000000000853 ) ) ;
#683 = CARTESIAN_POINT ( 'NONE',  ( 5.000000000000000000, -92.00000000000000000, 0.000000000000000000 ) ) ;
#684 = DIRECTION ( 'NONE',  ( 0.000000000000000000, 0.000000000000000000, 1.000000000000000000 ) ) ;
#685 = LINE ( 'NONE', #1227, #344 ) ;
#686 = AXIS2_PLACEMENT_3D ( 'NONE', #9, #1099, #533 ) ;
#687 =( NAMED_UNIT ( * ) PLANE_ANGLE_UNIT ( ) SI_UNIT ( $, .RADIAN. ) );
#688 = ORIENTED_EDGE ( 'NONE', *, *, #796, .T. ) ;
#689 = CARTESIAN_POINT ( 'NONE',  ( 25.00000000000001066, -94.90033112945852167, 5.000000000000004441 ) ) ;
#690 = AXIS2_PLACEMENT_3D ( 'NONE', #816, #698, #1523 ) ;
#691 = CIRCLE ( 'NONE', #1505, 8.350000000000003197 ) ;
#692 = ORIENTED_EDGE ( 'NONE', *, *, #235, .F. ) ;
#693 = ADVANCED_FACE ( 'NONE', ( #1734 ), #1445, .F. ) ;
#694 = CARTESIAN_POINT ( 'NONE',  ( -7.999999999999998224, -104.4358982805014762, 0.2667511465975495044 ) ) ;
#695 = DIRECTION ( 'NONE',  ( -1.000000000000000000, 0.000000000000000000, 0.000000000000000000 ) ) ;
#696 = DIRECTION ( 'NONE',  ( -0.000000000000000000, 1.000000000000000000, -0.000000000000000000 ) ) ;
#697 = EDGE_LOOP ( 'NONE', ( #166, #249, #1315, #374, #1565, #1350, #619 ) ) ;
#698 = DIRECTION ( 'NONE',  ( 0.000000000000000000, 1.000000000000000000, 0.000000000000000000 ) ) ;
#699 = ORIENTED_EDGE ( 'NONE', *, *, #1601, .F. ) ;
#700 = ADVANCED_FACE ( 'NONE', ( #217 ), #615, .F. ) ;
#701 = CARTESIAN_POINT ( 'NONE',  ( -7.999999999999996447, -109.1481934113668473, 2.665051136353112859 ) ) ;
#702 = CYLINDRICAL_SURFACE ( 'NONE', #835, 5.000000000000000888 ) ;
#703 = DIRECTION ( 'NONE',  ( 0.000000000000000000, 1.000000000000000000, 0.000000000000000000 ) ) ;
#704 = ORIENTED_EDGE ( 'NONE', *, *, #953, .T. ) ;
#705 = CARTESIAN_POINT ( 'NONE',  ( 13.90000000000000213, -2.033942010007223633, 4.549999999999991829 ) ) ;
#706 = EDGE_LOOP ( 'NONE', ( #1572, #1328, #570, #247, #699 ) ) ;
#707 = AXIS2_PLACEMENT_3D ( 'NONE', #728, #1124, #879 ) ;
#708 = CARTESIAN_POINT ( 'NONE',  ( 24.99999999999999645, -5.000000000000000000, 100.0000000000000000 ) ) ;
#709 = EDGE_CURVE ( 'NONE', #1341, #363, #938, .T. ) ;
#710 = CARTESIAN_POINT ( 'NONE',  ( 13.90000000000000036, -52.00000000000000711, 95.45000000000000284 ) ) ;
#711 = DIRECTION ( 'NONE',  ( 0.000000000000000000, -0.000000000000000000, 1.000000000000000000 ) ) ;
#712 = ADVANCED_FACE ( 'NONE', ( #1690 ), #475, .F. ) ;
#713 = PRODUCT ( 'Bottom Support', 'Bottom Support', '', ( #1307 ) ) ;
#714 = ORIENTED_EDGE ( 'NONE', *, *, #653, .T. ) ;
#715 = DIRECTION ( 'NONE',  ( -0.000000000000000000, -0.000000000000000000, -1.000000000000000000 ) ) ;
#716 = VECTOR ( 'NONE', #591, 1000.000000000000000 ) ;
#717 = ORIENTED_EDGE ( 'NONE', *, *, #916, .T. ) ;
#718 = VECTOR ( 'NONE', #1080, 1000.000000000000000 ) ;
#719 = VECTOR ( 'NONE', #1514, 1000.000000000000000 ) ;
#720 = DIRECTION ( 'NONE',  ( -1.000000000000000000, 0.000000000000000000, 0.000000000000000000 ) ) ;
#721 = CARTESIAN_POINT ( 'NONE',  ( -7.296942003800564791, -104.1249290425971310, 97.88238861025698156 ) ) ;
#722 = CARTESIAN_POINT ( 'NONE',  ( 13.90000000000000036, 0.000000000000000000, 19.25000000000000000 ) ) ;
#723 = ORIENTED_EDGE ( 'NONE', *, *, #1452, .T. ) ;
#724 = ADVANCED_FACE ( 'NONE', ( #1679 ), #430, .F. ) ;
#725 = CARTESIAN_POINT ( 'NONE',  ( 0.000000000000000000, -2.000000000000000000, 5.000000000000004441 ) ) ;
#726 = ORIENTED_EDGE ( 'NONE', *, *, #1304, .T. ) ;
#727 = CARTESIAN_POINT ( 'NONE',  ( 0.000000000000000000, -2.000000000000000000, 95.00000000000000000 ) ) ;
#728 = CARTESIAN_POINT ( 'NONE',  ( 5.000000000000000000, -5.000000000000004441, 95.00000000000000000 ) ) ;
#729 = EDGE_LOOP ( 'NONE', ( #479, #29, #243 ) ) ;
#730 = DIRECTION ( 'NONE',  ( 1.224646799147353207E-16, -1.000000000000000000, -0.000000000000000000 ) ) ;
#731 = ORIENTED_EDGE ( 'NONE', *, *, #611, .F. ) ;
#732 = EDGE_CURVE ( 'NONE', #438, #254, #439, .T. ) ;
#733 = VECTOR ( 'NONE', #477, 1000.000000000000000 ) ;
#734 = CIRCLE ( 'NONE', #1157, 3.000000000000000000 ) ;
#735 = CARTESIAN_POINT ( 'NONE',  ( -7.999999999999998224, -104.9724400841143108, 97.31977042212753304 ) ) ;
#736 = DIRECTION ( 'NONE',  ( -1.000000000000000000, 0.000000000000000000, 0.000000000000000000 ) ) ;
#737 = ORIENTED_EDGE ( 'NONE', *, *, #440, .F. ) ;
#738 = DIRECTION ( 'NONE',  ( 0.000000000000000000, 0.000000000000000000, 1.000000000000000000 ) ) ;
#739 = ORIENTED_EDGE ( 'NONE', *, *, #1199, .T. ) ;
#740 = AXIS2_PLACEMENT_3D ( 'NONE', #1168, #1191, #1422 ) ;
#741 = CARTESIAN_POINT ( 'NONE',  ( 13.43693020563662976, -2.033942010007224077, 4.549999999999991829 ) ) ;
#742 = EDGE_CURVE ( 'NONE', #808, #107, #1337, .T. ) ;
#743 = CIRCLE ( 'NONE', #205, 3.000000000000000000 ) ;
#744 = AXIS2_PLACEMENT_3D ( 'NONE', #1, #268, #552 ) ;
#745 = AXIS2_PLACEMENT_3D ( 'NONE', #27, #841, #1107 ) ;
#746 = CARTESIAN_POINT ( 'NONE',  ( 13.90000000000000036, -2.033942010007227630, 95.45000000000000284 ) ) ;
#747 = DIRECTION ( 'NONE',  ( 0.000000000000000000, 1.000000000000000000, 0.000000000000000000 ) ) ;
#748 = ORIENTED_EDGE ( 'NONE', *, *, #16, .T. ) ;
#749 = CARTESIAN_POINT ( 'NONE',  ( -8.000000000000000000, -92.00000000000000000, 100.0000000000000000 ) ) ;
#750 = ORIENTED_EDGE ( 'NONE', *, *, #1732, .T. ) ;
#751 = LINE ( 'NONE', #895, #1697 ) ;
#752 = LINE ( 'NONE', #505, #1364 ) ;
#753 = DIRECTION ( 'NONE',  ( 0.000000000000000000, 1.000000000000000000, 0.000000000000000000 ) ) ;
#754 = B_SPLINE_CURVE_WITH_KNOTS ( 'NONE', 3,
 ( #1073, #395, #694, #550, #122, #1092, #1630, #941, #17, #664, #558, #159, #282, #701, #1203, #951, #1211, #1481, #273, #818, #1353, #141, #1490, #994 ),
 .UNSPECIFIED., .F., .F.,
 ( 4, 2, 2, 2, 2, 2, 2, 2, 2, 2, 2, 4 ),
 ( 0.003727733904721366835, 0.004800126431770752877, 0.005872518958820139787, 0.006944911485869524961, 0.008017304012918911871, 0.009089696539968297045, 0.009625892803492975755, 0.01016208906701765446, 0.01069828533054233144, 0.01123448159406700841, 0.01177067785759168539, 0.01230687412111636236 ),
 .UNSPECIFIED. ) ;
#755 = EDGE_CURVE ( 'NONE', #853, #1200, #1218, .T. ) ;
#756 = ORIENTED_EDGE ( 'NONE', *, *, #1067, .T. ) ;
#757 = CARTESIAN_POINT ( 'NONE',  ( 30.00000000000000000, -5.000000000000000000, 0.000000000000000000 ) ) ;
#758 = ORIENTED_EDGE ( 'NONE', *, *, #255, .T. ) ;
#759 = CARTESIAN_POINT ( 'NONE',  ( 8.000000000000015987, -94.90033112945852167, 5.000000000000004441 ) ) ;
#760 = CIRCLE ( 'NONE', #422, 16.99999999999999645 ) ;
#761 = DIRECTION ( 'NONE',  ( -1.000000000000000000, 0.000000000000000000, 0.000000000000000000 ) ) ;
#762 = CARTESIAN_POINT ( 'NONE',  ( -7.999999999999998224, -104.0931107080205180, 2.366461232370616674 ) ) ;
#763 = CARTESIAN_POINT ( 'NONE',  ( -8.000000000000000000, -109.9999999999999858, 95.36560949163980183 ) ) ;
#764 = ADVANCED_FACE ( 'NONE', ( #157 ), #1628, .F. ) ;
#765 = EDGE_LOOP ( 'NONE', ( #1594, #1216, #1589 ) ) ;
#766 = CARTESIAN_POINT ( 'NONE',  ( 5.000000000000000000, -92.00000000000000000, 5.000000000000004441 ) ) ;
#767 = AXIS2_PLACEMENT_3D ( 'NONE', #1100, #684, #1356 ) ;
#768 = VECTOR ( 'NONE', #1018, 1000.000000000000000 ) ;
#769 = CARTESIAN_POINT ( 'NONE',  ( 13.90000000000000036, -50.00000000000000000, 12.89999999999999503 ) ) ;
#770 = VECTOR ( 'NONE', #580, 1000.000000000000000 ) ;
#771 = AXIS2_PLACEMENT_3D ( 'NONE', #790, #908, #527 ) ;
#772 = CARTESIAN_POINT ( 'NONE',  ( -8.000000000000001776, -106.7555140245198118, 4.261004962873229829 ) ) ;
#773 = CARTESIAN_POINT ( 'NONE',  ( 8.000000000000015987, -5.000000000000004441, 95.00000000000000000 ) ) ;
#774 = ADVANCED_FACE ( 'NONE', ( #1386, #545, #279 ), #833, .F. ) ;
#775 = VERTEX_POINT ( 'NONE', #411 ) ;
#776 = CARTESIAN_POINT ( 'NONE',  ( 25.00000000000001066, -94.90033112945852167, 0.000000000000000000 ) ) ;
#777 = ORIENTED_EDGE ( 'NONE', *, *, #578, .T. ) ;
#778 = CARTESIAN_POINT ( 'NONE',  ( -7.999999999999998224, -102.0000000000000142, 95.00000000000000000 ) ) ;
#779 = FACE_OUTER_BOUND ( 'NONE', #1403, .T. ) ;
#780 = VERTEX_POINT ( 'NONE', #296 ) ;
#781 = CARTESIAN_POINT ( 'NONE',  ( -7.999999999999998224, -109.1482998285888755, 97.33482938987103239 ) ) ;
#782 = ORIENTED_EDGE ( 'NONE', *, *, #732, .T. ) ;
#783 = CYLINDRICAL_SURFACE ( 'NONE', #903, 5.000000000000000000 ) ;
#784 = EDGE_LOOP ( 'NONE', ( #1419, #646, #1295, #804, #748 ) ) ;
#785 = EDGE_CURVE ( 'NONE', #254, #455, #851, .T. ) ;
#786 = CYLINDRICAL_SURFACE ( 'NONE', #740, 19.99999999999999645 ) ;
#787 = DIRECTION ( 'NONE',  ( -1.000000000000000000, 0.000000000000000000, 0.000000000000000000 ) ) ;
#788 = ORIENTED_EDGE ( 'NONE', *, *, #796, .F. ) ;
#789 = AXIS2_PLACEMENT_3D ( 'NONE', #94, #905, #525 ) ;
#790 = CARTESIAN_POINT ( 'NONE',  ( 8.000000000000015987, -94.90033112945852167, 5.000000000000004441 ) ) ;
#791 = MECHANICAL_DESIGN_GEOMETRIC_PRESENTATION_REPRESENTATION (  '', ( #390 ), #423 ) ;
#792 = VERTEX_POINT ( 'NONE', #138 ) ;
#793 = CARTESIAN_POINT ( 'NONE',  ( 13.90000000000000036, 0.000000000000000000, 87.10000000000000853 ) ) ;
#794 = DIRECTION ( 'NONE',  ( -0.000000000000000000, 0.000000000000000000, -1.000000000000000000 ) ) ;
#795 = ORIENTED_EDGE ( 'NONE', *, *, #1592, .T. ) ;
#796 = EDGE_CURVE ( 'NONE', #1210, #1053, #146, .T. ) ;
#797 = CYLINDRICAL_SURFACE ( 'NONE', #433, 8.349999999999996092 ) ;
#798 = CARTESIAN_POINT ( 'NONE',  ( 0.000000000000000000, -92.00000000000000000, 5.000000000000004441 ) ) ;
#799 = CLOSED_SHELL ( 'NONE', ( #906, #1615, #1122, #160, #1561, #137, #700, #572, #110, #774, #1485, #1664, #764, #25, #886, #1110, #186, #357, #99, #1685, #1662, #496, #977, #569, #1006, #481, #1071, #451, #126, #326, #993, #811, #1624, #972, #405, #1496, #1048, #134, #1251, #473, #354, #147, #1091, #650, #693, #559, #442, #1139, #668, #1472, #1272, #1516, #1219, #724, #1549, #381, #712, #1130, #1195 ) ) ;
#800 = AXIS2_PLACEMENT_3D ( 'NONE', #828, #406, #1373 ) ;
#801 = CARTESIAN_POINT ( 'NONE',  ( -8.000000000000000000, -92.00000000000000000, 95.00000000000000000 ) ) ;
#802 = CARTESIAN_POINT ( 'NONE',  ( 13.90000000000000036, -52.00000000000000711, 12.89999999999999503 ) ) ;
#803 = AXIS2_PLACEMENT_3D ( 'NONE', #1560, #1569, #116 ) ;
#804 = ORIENTED_EDGE ( 'NONE', *, *, #1744, .T. ) ;
#805 = FACE_OUTER_BOUND ( 'NONE', #784, .T. ) ;
#806 = VECTOR ( 'NONE', #182, 1000.000000000000000 ) ;
#807 = CARTESIAN_POINT ( 'NONE',  ( -6.564664270837083038, -104.4846049470802711, 2.029628177391581190 ) ) ;
#808 = VERTEX_POINT ( 'NONE', #30 ) ;
#809 = FACE_OUTER_BOUND ( 'NONE', #844, .T. ) ;
#810 = DIRECTION ( 'NONE',  ( 0.000000000000000000, 0.000000000000000000, 1.000000000000000000 ) ) ;
#811 = ADVANCED_FACE ( 'NONE', ( #1487 ), #1238, .T. ) ;
#812 = CARTESIAN_POINT ( 'NONE',  ( -7.999999999999998224, -110.0000000000000000, 5.000000000000004441 ) ) ;
#813 = DIRECTION ( 'NONE',  ( 1.000000000000000000, -0.000000000000000000, 0.000000000000000000 ) ) ;
#814 = EDGE_CURVE ( 'NONE', #1688, #823, #1640, .T. ) ;
#815 = ORIENTED_EDGE ( 'NONE', *, *, #335, .F. ) ;
#816 = CARTESIAN_POINT ( 'NONE',  ( 24.99999999999999289, -5.000000000000002665, 95.00000000000000000 ) ) ;
#817 = VERTEX_POINT ( 'NONE', #965 ) ;
#818 = CARTESIAN_POINT ( 'NONE',  ( -8.000000000000000000, -109.8859961889817072, 4.102217956715192848 ) ) ;
#819 = FACE_OUTER_BOUND ( 'NONE', #1088, .T. ) ;
#820 = CARTESIAN_POINT ( 'NONE',  ( 0.000000000000000000, -92.00000000000000000, 100.0000000000000000 ) ) ;
#821 = FACE_OUTER_BOUND ( 'NONE', #200, .T. ) ;
#822 = AXIS2_PLACEMENT_3D ( 'NONE', #593, #331, #319 ) ;
#823 = VERTEX_POINT ( 'NONE', #1497 ) ;
#824 = EDGE_CURVE ( 'NONE', #254, #909, #290, .T. ) ;
#825 = DIRECTION ( 'NONE',  ( 0.000000000000000000, -0.000000000000000000, -1.000000000000000000 ) ) ;
#826 =( GEOMETRIC_REPRESENTATION_CONTEXT ( 3 ) GLOBAL_UNCERTAINTY_ASSIGNED_CONTEXT ( ( #937 ) ) GLOBAL_UNIT_ASSIGNED_CONTEXT ( ( #1488, #687, #1095 ) ) REPRESENTATION_CONTEXT ( 'NONE', 'WORKASPACE' ) );
#827 = ORIENTED_EDGE ( 'NONE', *, *, #45, .F. ) ;
#828 = CARTESIAN_POINT ( 'NONE',  ( 5.000000000000000000, -5.000000000000004441, 95.00000000000000000 ) ) ;
#829 = CARTESIAN_POINT ( 'NONE',  ( 5.000000000000000000, 0.000000000000000000, 95.00000000000000000 ) ) ;
#830 = CARTESIAN_POINT ( 'NONE',  ( 24.99999999999999645, -5.000000000000000000, 5.000000000000004441 ) ) ;
#831 = AXIS2_PLACEMENT_3D ( 'NONE', #1429, #626, #103 ) ;
#832 = ORIENTED_EDGE ( 'NONE', *, *, #1461, .T. ) ;
#833 = PLANE ( 'NONE',  #489 ) ;
#834 = AXIS2_PLACEMENT_3D ( 'NONE', #793, #1282, #660 ) ;
#835 = AXIS2_PLACEMENT_3D ( 'NONE', #1241, #1235, #969 ) ;
#836 = EDGE_CURVE ( 'NONE', #1627, #1303, #1699, .T. ) ;
#837 = AXIS2_PLACEMENT_3D ( 'NONE', #472, #999, #867 ) ;
#838 = VERTEX_POINT ( 'NONE', #679 ) ;
#839 = CARTESIAN_POINT ( 'NONE',  ( 0.000000000000000000, 0.000000000000000000, 5.000000000000004441 ) ) ;
#840 = CARTESIAN_POINT ( 'NONE',  ( 13.90000000000000036, -50.00000000000000000, 87.10000000000000853 ) ) ;
#841 = DIRECTION ( 'NONE',  ( 0.000000000000000000, 1.000000000000000000, 0.000000000000000000 ) ) ;
#842 = ORIENTED_EDGE ( 'NONE', *, *, #414, .F. ) ;
#843 = DIRECTION ( 'NONE',  ( -1.000000000000000000, 0.000000000000000000, 0.000000000000000000 ) ) ;
#844 = EDGE_LOOP ( 'NONE', ( #400, #573, #537, #66, #43 ) ) ;
#845 = PRODUCT_DEFINITION ( 'UNKNOWN', '', #452, #1321 ) ;
#846 = DIRECTION ( 'NONE',  ( -0.000000000000000000, -0.000000000000000000, -1.000000000000000000 ) ) ;
#847 = EDGE_CURVE ( 'NONE', #238, #1688, #1104, .T. ) ;
#848 = DIRECTION ( 'NONE',  ( 0.000000000000000000, 0.000000000000000000, 1.000000000000000000 ) ) ;
#849 = CARTESIAN_POINT ( 'NONE',  ( 5.000000000000000000, -92.00000000000000000, 2.000000000000004441 ) ) ;
#850 = ORIENTED_EDGE ( 'NONE', *, *, #1304, .F. ) ;
#851 = LINE ( 'NONE', #174, #1225 ) ;
#852 = VECTOR ( 'NONE', #1141, 1000.000000000000000 ) ;
#853 = VERTEX_POINT ( 'NONE', #1377 ) ;
#854 = EDGE_CURVE ( 'NONE', #241, #1090, #1253, .T. ) ;
#855 = CARTESIAN_POINT ( 'NONE',  ( 16.16568906299910680, -2.000000000000003553, 95.15008942174985407 ) ) ;
#856 = DIRECTION ( 'NONE',  ( 0.000000000000000000, 0.000000000000000000, 1.000000000000000000 ) ) ;
#857 = EDGE_LOOP ( 'NONE', ( #270, #1081, #586, #631, #1152, #659 ) ) ;
#858 = DIRECTION ( 'NONE',  ( 0.000000000000000000, -1.000000000000000000, 0.000000000000000000 ) ) ;
#859 = STYLED_ITEM ( 'NONE', ( #1106 ), #556 ) ;
#860 = EDGE_LOOP ( 'NONE', ( #322, #127 ) ) ;
#861 = AXIS2_PLACEMENT_3D ( 'NONE', #689, #1229, #1097 ) ;
#862 = AXIS2_PLACEMENT_3D ( 'NONE', #360, #222, #711 ) ;
#863 = CARTESIAN_POINT ( 'NONE',  ( 27.99999999999999645, -4.999999999999999112, 5.000000000000004441 ) ) ;
#864 = DIRECTION ( 'NONE',  ( 1.000000000000000000, -0.000000000000000000, 6.938893903907222461E-16 ) ) ;
#865 = PRODUCT_RELATED_PRODUCT_CATEGORY ( 'part', '', ( #713 ) ) ;
#866 = ORIENTED_EDGE ( 'NONE', *, *, #440, .T. ) ;
#867 = DIRECTION ( 'NONE',  ( 0.000000000000000000, 0.000000000000000000, 1.000000000000000000 ) ) ;
#868 = EDGE_CURVE ( 'NONE', #562, #22, #1084, .T. ) ;
#869 = ORIENTED_EDGE ( 'NONE', *, *, #258, .T. ) ;
#870 = LINE ( 'NONE', #1273, #1026 ) ;
#871 = DIRECTION ( 'NONE',  ( -0.000000000000000000, -0.000000000000000000, -1.000000000000000000 ) ) ;
#872 = DIRECTION ( 'NONE',  ( 0.000000000000000000, 0.000000000000000000, 1.000000000000000000 ) ) ;
#873 = CARTESIAN_POINT ( 'NONE',  ( 13.90000000000000036, -2.000000000000001776, 21.24999999999999645 ) ) ;
#874 = EDGE_CURVE ( 'NONE', #3, #1197, #341, .T. ) ;
#875 = VERTEX_POINT ( 'NONE', #873 ) ;
#876 = CIRCLE ( 'NONE', #707, 5.000000000000004441 ) ;
#877 = DIRECTION ( 'NONE',  ( 1.462353992093351185E-16, -1.000000000000000000, 0.000000000000000000 ) ) ;
#878 = DIRECTION ( 'NONE',  ( -0.000000000000000000, 1.000000000000000000, -0.000000000000000000 ) ) ;
#879 = DIRECTION ( 'NONE',  ( 0.000000000000000000, 0.000000000000000000, -1.000000000000000000 ) ) ;
#880 = DIRECTION ( 'NONE',  ( 1.000000000000000000, -0.000000000000000000, -0.000000000000000000 ) ) ;
#881 = VERTEX_POINT ( 'NONE', #595 ) ;
#882 = EDGE_CURVE ( 'NONE', #214, #1653, #1126, .T. ) ;
#883 = TOROIDAL_SURFACE ( 'NONE', #1724, 16.99999999999999645, 5.000000000000000000 ) ;
#884 = ADVANCED_BREP_SHAPE_REPRESENTATION ( 'Bottom Support', ( #556, #1493 ), #826 ) ;
#885 = DIRECTION ( 'NONE',  ( 0.000000000000000000, 1.000000000000000000, 0.000000000000000000 ) ) ;
#886 = ADVANCED_FACE ( 'NONE', ( #1686 ), #1007, .F. ) ;
#887 = VECTOR ( 'NONE', #957, 1000.000000000000000 ) ;
#888 = AXIS2_PLACEMENT_3D ( 'NONE', #954, #1617, #124 ) ;
#889 = CIRCLE ( 'NONE', #1338, 5.000000000000004441 ) ;
#890 = DIRECTION ( 'NONE',  ( -0.000000000000000000, -0.000000000000000000, -1.000000000000000000 ) ) ;
#891 = CARTESIAN_POINT ( 'NONE',  ( 24.99999999999999645, -5.000000000000000000, 100.0000000000000000 ) ) ;
#892 = VERTEX_POINT ( 'NONE', #1260 ) ;
#893 = FACE_OUTER_BOUND ( 'NONE', #1020, .T. ) ;
#894 = VERTEX_POINT ( 'NONE', #1660 ) ;
#895 = CARTESIAN_POINT ( 'NONE',  ( 25.00000000000001066, -94.90033112945852167, 0.000000000000000000 ) ) ;
#896 = CARTESIAN_POINT ( 'NONE',  ( 13.90000000000000213, -50.00000000000000000, 4.549999999999991829 ) ) ;
#897 = DIRECTION ( 'NONE',  ( -1.462353992093351185E-16, 1.000000000000000000, -0.000000000000000000 ) ) ;
#898 = DIRECTION ( 'NONE',  ( 0.000000000000000000, 1.000000000000000000, 0.000000000000000000 ) ) ;
#899 = CARTESIAN_POINT ( 'NONE',  ( 5.000000000000000000, -94.90033112945852167, 95.00000000000000000 ) ) ;
#900 = ORIENTED_EDGE ( 'NONE', *, *, #308, .F. ) ;
#901 = DIRECTION ( 'NONE',  ( -0.000000000000000000, 1.000000000000000000, -0.000000000000000000 ) ) ;
#902 = DIRECTION ( 'NONE',  ( -1.000000000000000000, 0.000000000000000000, 0.000000000000000000 ) ) ;
#903 = AXIS2_PLACEMENT_3D ( 'NONE', #392, #1189, #1701 ) ;
#904 = CARTESIAN_POINT ( 'NONE',  ( -8.000000000000000000, -92.00000000000000000, 95.00000000000000000 ) ) ;
#905 = DIRECTION ( 'NONE',  ( -0.000000000000000000, 0.000000000000000000, -1.000000000000000000 ) ) ;
#906 = ADVANCED_FACE ( 'NONE', ( #1014 ), #334, .T. ) ;
#907 = CARTESIAN_POINT ( 'NONE',  ( -7.999999999999998224, -106.3465847684505263, 3.628236048644196021 ) ) ;
#908 = DIRECTION ( 'NONE',  ( 0.000000000000000000, 0.000000000000000000, 1.000000000000000000 ) ) ;
#909 = VERTEX_POINT ( 'NONE', #327 ) ;
#910 = CARTESIAN_POINT ( 'NONE',  ( -5.999713287526601491, -104.7362531106922461, 2.000000000000004441 ) ) ;
#911 = EDGE_LOOP ( 'NONE', ( #371, #1252, #115, #1237 ) ) ;
#912 = CARTESIAN_POINT ( 'NONE',  ( 24.99999999999999645, -5.000000000000000000, 5.000000000000004441 ) ) ;
#913 = CARTESIAN_POINT ( 'NONE',  ( 27.99999999999999645, -2.924707984186702371E-16, 100.0000000000000000 ) ) ;
#914 = AXIS2_PLACEMENT_3D ( 'NONE', #398, #1626, #36 ) ;
#915 = ORIENTED_EDGE ( 'NONE', *, *, #7, .F. ) ;
#916 = EDGE_CURVE ( 'NONE', #410, #792, #1547, .T. ) ;
#917 = CARTESIAN_POINT ( 'NONE',  ( -7.999999999999996447, -109.5495462245540921, 96.73288026274002505 ) ) ;
#918 = VERTEX_POINT ( 'NONE', #1034 ) ;
#919 = EDGE_CURVE ( 'NONE', #1498, #438, #1280, .T. ) ;
#920 = DIRECTION ( 'NONE',  ( 0.000000000000000000, 0.000000000000000000, 1.000000000000000000 ) ) ;
#921 = VERTEX_POINT ( 'NONE', #64 ) ;
#922 = DIRECTION ( 'NONE',  ( -0.000000000000000000, 1.000000000000000000, -0.000000000000000000 ) ) ;
#923 = CARTESIAN_POINT ( 'NONE',  ( -7.999999999999998224, -103.7268606191422009, 97.71645285563896266 ) ) ;
#924 = VERTEX_POINT ( 'NONE', #606 ) ;
#925 = CARTESIAN_POINT ( 'NONE',  ( -7.999999999999996447, -108.1051178753609463, 98.32537752776293871 ) ) ;
#926 = EDGE_LOOP ( 'NONE', ( #795, #832, #1065, #1397 ) ) ;
#927 = EDGE_CURVE ( 'NONE', #894, #1053, #743, .T. ) ;
#928 = DIRECTION ( 'NONE',  ( -0.000000000000000000, 1.000000000000000000, -0.000000000000000000 ) ) ;
#929 = ORIENTED_EDGE ( 'NONE', *, *, #1206, .F. ) ;
#930 = CARTESIAN_POINT ( 'NONE',  ( 2.000000000000000000, -5.000000000000004441, 5.000000000000004441 ) ) ;
#931 = LINE ( 'NONE', #798, #1153 ) ;
#932 = AXIS2_PLACEMENT_3D ( 'NONE', #123, #1346, #1202 ) ;
#933 = ORIENTED_EDGE ( 'NONE', *, *, #742, .T. ) ;
#934 = VECTOR ( 'NONE', #454, 1000.000000000000000 ) ;
#935 = FACE_OUTER_BOUND ( 'NONE', #234, .T. ) ;
#936 = VERTEX_POINT ( 'NONE', #1134 ) ;
#937 = UNCERTAINTY_MEASURE_WITH_UNIT (LENGTH_MEASURE( 1.000000000000000082E-05 ), #1488, 'distance_accuracy_value', 'NONE');
#938 = LINE ( 'NONE', #210, #370 ) ;
#939 = CARTESIAN_POINT ( 'NONE',  ( -7.999999999999998224, -103.7268606191421583, 0.1648044386075745438 ) ) ;
#940 = ORIENTED_EDGE ( 'NONE', *, *, #1709, .F. ) ;
#941 = CARTESIAN_POINT ( 'NONE',  ( -8.000000000000000000, -107.1792935504551849, 1.123007975452406715 ) ) ;
#942 = DIRECTION ( 'NONE',  ( 0.000000000000000000, 1.000000000000000000, 0.000000000000000000 ) ) ;
#943 = EDGE_CURVE ( 'NONE', #989, #107, #1532, .T. ) ;
#944 =( GEOMETRIC_REPRESENTATION_CONTEXT ( 3 ) GLOBAL_UNCERTAINTY_ASSIGNED_CONTEXT ( ( #244 ) ) GLOBAL_UNIT_ASSIGNED_CONTEXT ( ( #1256, #468, #1009 ) ) REPRESENTATION_CONTEXT ( 'NONE', 'WORKASPACE' ) );
#945 = CIRCLE ( 'NONE', #1362, 3.000000000000000000 ) ;
#946 = FACE_OUTER_BOUND ( 'NONE', #564, .T. ) ;
#947 = CARTESIAN_POINT ( 'NONE',  ( 0.000000000000000000, -5.000000000000000000, 5.000000000000004441 ) ) ;
#948 = AXIS2_PLACEMENT_3D ( 'NONE', #899, #667, #501 ) ;
#949 = ORIENTED_EDGE ( 'NONE', *, *, #620, .T. ) ;
#950 = ORIENTED_EDGE ( 'NONE', *, *, #1120, .T. ) ;
#951 = CARTESIAN_POINT ( 'NONE',  ( -7.999999999999996447, -109.4572591259744314, 3.107637391346014688 ) ) ;
#952 = CARTESIAN_POINT ( 'NONE',  ( -8.000000000000000000, -100.0000000000000000, 100.0000000000000000 ) ) ;
#953 = EDGE_CURVE ( 'NONE', #1197, #358, #456, .T. ) ;
#954 = CARTESIAN_POINT ( 'NONE',  ( 8.000000000000015987, -94.90033112945852167, 98.00000000000000000 ) ) ;
#955 = LINE ( 'NONE', #1101, #1446 ) ;
#956 = EDGE_LOOP ( 'NONE', ( #1133, #777, #1376, #313, #1096 ) ) ;
#957 = DIRECTION ( 'NONE',  ( 0.000000000000000000, 1.000000000000000000, -0.000000000000000000 ) ) ;
#958 = VERTEX_POINT ( 'NONE', #1021 ) ;
#959 = CARTESIAN_POINT ( 'NONE',  ( -8.000000000000000000, -92.00000000000000000, 95.00000000000000000 ) ) ;
#960 = DIRECTION ( 'NONE',  ( -0.000000000000000000, -0.000000000000000000, 1.000000000000000000 ) ) ;
#961 = FACE_OUTER_BOUND ( 'NONE', #1008, .T. ) ;
#962 = EDGE_CURVE ( 'NONE', #1582, #638, #10, .T. ) ;
#963 = TOROIDAL_SURFACE ( 'NONE', #1521, 16.99999999999999645, 3.000000000000000000 ) ;
#964 = ORIENTED_EDGE ( 'NONE', *, *, #755, .F. ) ;
#965 = CARTESIAN_POINT ( 'NONE',  ( 30.00000000000001421, -94.90033112945852167, 95.00000000000000000 ) ) ;
#966 = AXIS2_PLACEMENT_3D ( 'NONE', #92, #352, #920 ) ;
#967 = VERTEX_POINT ( 'NONE', #1418 ) ;
#968 = FACE_OUTER_BOUND ( 'NONE', #1128, .T. ) ;
#969 = DIRECTION ( 'NONE',  ( 1.000000000000000000, 1.462353992093351185E-16, 0.000000000000000000 ) ) ;
#970 = CYLINDRICAL_SURFACE ( 'NONE', #236, 3.000000000000002665 ) ;
#971 = CIRCLE ( 'NONE', #543, 10.00000000000000178 ) ;
#972 = ADVANCED_FACE ( 'NONE', ( #1395 ), #1555, .T. ) ;
#973 = ORIENTED_EDGE ( 'NONE', *, *, #1720, .T. ) ;
#974 = CARTESIAN_POINT ( 'NONE',  ( 2.000000000000000000, -92.00000000000000000, 95.00000000000000000 ) ) ;
#975 = CIRCLE ( 'NONE', #803, 5.000000000000000888 ) ;
#976 = TOROIDAL_SURFACE ( 'NONE', #120, 13.00000000000000533, 5.000000000000000000 ) ;
#977 = ADVANCED_FACE ( 'NONE', ( #893 ), #81, .T. ) ;
#978 = VECTOR ( 'NONE', #301, 1000.000000000000000 ) ;
#979 = VERTEX_POINT ( 'NONE', #1294 ) ;
#980 = FACE_OUTER_BOUND ( 'NONE', #528, .T. ) ;
#981 = DIRECTION ( 'NONE',  ( 1.000000000000000000, 0.000000000000000000, 0.000000000000000000 ) ) ;
#982 = ORIENTED_EDGE ( 'NONE', *, *, #1689, .F. ) ;
#983 = CARTESIAN_POINT ( 'NONE',  ( 8.000000000000015987, -94.90033112945852167, 0.000000000000000000 ) ) ;
#984 = ORIENTED_EDGE ( 'NONE', *, *, #985, .T. ) ;
#985 = EDGE_CURVE ( 'NONE', #95, #894, #185, .T. ) ;
#986 = DIRECTION ( 'NONE',  ( -1.000000000000000000, 0.000000000000000000, 0.000000000000000000 ) ) ;
#987 = DIRECTION ( 'NONE',  ( -0.000000000000000000, 1.000000000000000000, -0.000000000000000000 ) ) ;
#988 = LINE ( 'NONE', #1005, #733 ) ;
#989 = VERTEX_POINT ( 'NONE', #587 ) ;
#990 = CARTESIAN_POINT ( 'NONE',  ( 16.16568906299911745, -2.000000000000000000, 4.849910578250111293 ) ) ;
#991 = AXIS2_PLACEMENT_3D ( 'NONE', #1430, #515, #1192 ) ;
#992 = ORIENTED_EDGE ( 'NONE', *, *, #598, .F. ) ;
#993 = ADVANCED_FACE ( 'NONE', ( #1058 ), #630, .T. ) ;
#994 = CARTESIAN_POINT ( 'NONE',  ( -7.999999999999998224, -110.0000000000000000, 5.000000000000004441 ) ) ;
#995 = EDGE_CURVE ( 'NONE', #1712, #1721, #163, .T. ) ;
#996 = CARTESIAN_POINT ( 'NONE',  ( -8.000000000000001776, -104.0934480145301535, 97.63346240597799408 ) ) ;
#997 = CARTESIAN_POINT ( 'NONE',  ( 24.99999999999999645, -2.000000000000000000, 95.00000000000000000 ) ) ;
#998 = ORIENTED_EDGE ( 'NONE', *, *, #1175, .F. ) ;
#999 = DIRECTION ( 'NONE',  ( 0.000000000000000000, 1.000000000000000000, 0.000000000000000000 ) ) ;
#1000 = EDGE_LOOP ( 'NONE', ( #278, #723, #20, #1358 ) ) ;
#1001 = CIRCLE ( 'NONE', #1137, 22.00000000000000000 ) ;
#1002 = AXIS2_PLACEMENT_3D ( 'NONE', #378, #88, #369 ) ;
#1003 = CYLINDRICAL_SURFACE ( 'NONE', #1502, 2.999999999999999112 ) ;
#1004 = DIRECTION ( 'NONE',  ( 0.000000000000000000, 0.000000000000000000, 1.000000000000000000 ) ) ;
#1005 = CARTESIAN_POINT ( 'NONE',  ( 5.000000000000000000, 0.000000000000000000, 0.000000000000000000 ) ) ;
#1006 = ADVANCED_FACE ( 'NONE', ( #1179 ), #260, .T. ) ;
#1007 = CYLINDRICAL_SURFACE ( 'NONE', #1668, 6.350000000000004974 ) ;
#1008 = EDGE_LOOP ( 'NONE', ( #345, #915, #1410 ) ) ;
#1009 =( NAMED_UNIT ( * ) SI_UNIT ( $, .STERADIAN. ) SOLID_ANGLE_UNIT ( ) );
#1010 = CARTESIAN_POINT ( 'NONE',  ( 11.63349070672372143, -2.000000000000004441, 95.14980865760540496 ) ) ;
#1011 = CARTESIAN_POINT ( 'NONE',  ( 8.000000000000015987, -94.90033112945852167, 2.000000000000000000 ) ) ;
#1012 = EDGE_LOOP ( 'NONE', ( #1742, #507, #1033, #385 ) ) ;
#1013 = EDGE_CURVE ( 'NONE', #557, #1645, #691, .T. ) ;
#1014 = FACE_OUTER_BOUND ( 'NONE', #681, .T. ) ;
#1015 = ORIENTED_EDGE ( 'NONE', *, *, #623, .F. ) ;
#1016 = DIRECTION ( 'NONE',  ( 1.000000000000000000, 0.000000000000000000, 0.000000000000000000 ) ) ;
#1017 = PRESENTATION_LAYER_ASSIGNMENT (  '', '', ( #390 ) ) ;
#1018 = DIRECTION ( 'NONE',  ( -0.000000000000000000, -0.000000000000000000, -1.000000000000000000 ) ) ;
#1019 = CARTESIAN_POINT ( 'NONE',  ( 13.90000000000000036, 0.000000000000000000, 87.10000000000000853 ) ) ;
#1020 = EDGE_LOOP ( 'NONE', ( #1733, #548, #612 ) ) ;
#1021 = CARTESIAN_POINT ( 'NONE',  ( 13.90000000000000036, -50.00000000000000000, 80.75000000000001421 ) ) ;
#1022 = EDGE_CURVE ( 'NONE', #74, #1162, #1056, .T. ) ;
#1023 = ORIENTED_EDGE ( 'NONE', *, *, #1700, .T. ) ;
#1024 = AXIS2_PLACEMENT_3D ( 'NONE', #840, #1476, #1632 ) ;
#1025 = EDGE_CURVE ( 'NONE', #823, #251, #65, .T. ) ;
#1026 = VECTOR ( 'NONE', #1398, 1000.000000000000000 ) ;
#1027 = LINE ( 'NONE', #495, #657 ) ;
#1028 = AXIS2_PLACEMENT_3D ( 'NONE', #759, #353, #902 ) ;
#1029 = AXIS2_PLACEMENT_3D ( 'NONE', #541, #1076, #1607 ) ;
#1030 = VECTOR ( 'NONE', #386, 1000.000000000000000 ) ;
#1031 = LINE ( 'NONE', #778, #768 ) ;
#1032 = CARTESIAN_POINT ( 'NONE',  ( 13.90000000000000036, -52.00000000000000711, 12.89999999999999503 ) ) ;
#1033 = ORIENTED_EDGE ( 'NONE', *, *, #504, .F. ) ;
#1034 = CARTESIAN_POINT ( 'NONE',  ( 30.00000000000000000, -4.999999999999999112, 5.000000000000004441 ) ) ;
#1035 = ORIENTED_EDGE ( 'NONE', *, *, #962, .T. ) ;
#1036 = CYLINDRICAL_SURFACE ( 'NONE', #223, 5.000000000000000888 ) ;
#1037 = LINE ( 'NONE', #83, #718 ) ;
#1038 = EDGE_CURVE ( 'NONE', #1653, #1312, #91, .T. ) ;
#1039 = CARTESIAN_POINT ( 'NONE',  ( -7.999999999999994671, -105.0000000000000142, 95.00000000000000000 ) ) ;
#1040 = CARTESIAN_POINT ( 'NONE',  ( 25.00000000000001421, -94.90033112945852167, 95.00000000000000000 ) ) ;
#1041 = ORIENTED_EDGE ( 'NONE', *, *, #1428, .F. ) ;
#1042 = DIRECTION ( 'NONE',  ( 0.000000000000000000, 0.000000000000000000, 1.000000000000000000 ) ) ;
#1043 = ORIENTED_EDGE ( 'NONE', *, *, #611, .T. ) ;
#1044 = ORIENTED_EDGE ( 'NONE', *, *, #231, .F. ) ;
#1045 = AXIS2_PLACEMENT_3D ( 'NONE', #59, #1117, #1537 ) ;
#1046 = DIRECTION ( 'NONE',  ( 0.000000000000000000, 0.000000000000000000, 1.000000000000000000 ) ) ;
#1047 = CIRCLE ( 'NONE', #1154, 8.349999999999996092 ) ;
#1048 = ADVANCED_FACE ( 'NONE', ( #1340 ), #242, .T. ) ;
#1049 = ORIENTED_EDGE ( 'NONE', *, *, #1558, .F. ) ;
#1050 = CARTESIAN_POINT ( 'NONE',  ( -7.999999999999998224, -107.1841722701232555, 98.90852511492280996 ) ) ;
#1051 = ORIENTED_EDGE ( 'NONE', *, *, #529, .F. ) ;
#1052 = FACE_OUTER_BOUND ( 'NONE', #1574, .T. ) ;
#1053 = VERTEX_POINT ( 'NONE', #96 ) ;
#1054 = DIRECTION ( 'NONE',  ( -8.673617379884035472E-16, 1.000000000000000000, 0.000000000000000000 ) ) ;
#1055 = DIRECTION ( 'NONE',  ( -5.782411586589351722E-16, 1.000000000000000000, 9.251858538542962756E-15 ) ) ;
#1056 = CIRCLE ( 'NONE', #771, 22.00000000000000000 ) ;
#1057 = ORIENTED_EDGE ( 'NONE', *, *, #1173, .T. ) ;
#1058 = FACE_OUTER_BOUND ( 'NONE', #594, .T. ) ;
#1059 = EDGE_CURVE ( 'NONE', #1276, #1653, #1396, .T. ) ;
#1060 = ORIENTED_EDGE ( 'NONE', *, *, #1013, .T. ) ;
#1061 = CARTESIAN_POINT ( 'NONE',  ( 13.90000000000000036, -52.00000000000000711, 87.10000000000000853 ) ) ;
#1062 = EDGE_LOOP ( 'NONE', ( #1424, #448, #1669, #1434 ) ) ;
#1063 = FACE_OUTER_BOUND ( 'NONE', #1160, .T. ) ;
#1064 = DIRECTION ( 'NONE',  ( 1.462353992093351185E-16, -1.000000000000000000, 0.000000000000000000 ) ) ;
#1065 = ORIENTED_EDGE ( 'NONE', *, *, #1510, .T. ) ;
#1066 = CARTESIAN_POINT ( 'NONE',  ( 24.99999999999999289, -5.000000000000004441, 95.00000000000000000 ) ) ;
#1067 = EDGE_CURVE ( 'NONE', #1276, #1550, #1731, .T. ) ;
#1068 = EDGE_LOOP ( 'NONE', ( #216, #1060, #758, #285, #304 ) ) ;
#1069 = DIRECTION ( 'NONE',  ( 1.462353992093351185E-16, -1.000000000000000000, -0.000000000000000000 ) ) ;
#1070 = DIRECTION ( 'NONE',  ( -1.000000000000000000, 0.000000000000000000, 0.000000000000000000 ) ) ;
#1071 = ADVANCED_FACE ( 'NONE', ( #935 ), #125, .T. ) ;
#1072 = ORIENTED_EDGE ( 'NONE', *, *, #1013, .F. ) ;
#1073 = CARTESIAN_POINT ( 'NONE',  ( -7.999999999999998224, -103.7268606191421583, 0.1648044386075745438 ) ) ;
#1074 = FACE_BOUND ( 'NONE', #857, .T. ) ;
#1075 = AXIS2_PLACEMENT_3D ( 'NONE', #1729, #1596, #1704 ) ;
#1076 = DIRECTION ( 'NONE',  ( -0.000000000000000000, -0.000000000000000000, -1.000000000000000000 ) ) ;
#1077 = CIRCLE ( 'NONE', #966, 5.000000000000000888 ) ;
#1078 = PLANE ( 'NONE',  #1533 ) ;
#1079 = ORIENTED_EDGE ( 'NONE', *, *, #1393, .T. ) ;
#1080 = DIRECTION ( 'NONE',  ( 0.000000000000000000, 0.000000000000000000, -1.000000000000000000 ) ) ;
#1081 = ORIENTED_EDGE ( 'NONE', *, *, #78, .T. ) ;
#1082 = CARTESIAN_POINT ( 'NONE',  ( -7.999999999999998224, -106.9003311294584933, 95.00000000000000000 ) ) ;
#1083 = VECTOR ( 'NONE', #890, 1000.000000000000000 ) ;
#1084 = CIRCLE ( 'NONE', #316, 10.00000000000000178 ) ;
#1085 = DIRECTION ( 'NONE',  ( -1.000000000000000000, -1.462353992093351185E-16, 0.000000000000000000 ) ) ;
#1086 = LINE ( 'NONE', #1643, #1368 ) ;
#1087 = VECTOR ( 'NONE', #44, 1000.000000000000000 ) ;
#1088 = EDGE_LOOP ( 'NONE', ( #678, #368, #1142, #1079, #288, #55 ) ) ;
#1089 = DIRECTION ( 'NONE',  ( 0.000000000000000000, -1.000000000000000000, 0.000000000000000000 ) ) ;
#1090 = VERTEX_POINT ( 'NONE', #536 ) ;
#1091 = ADVANCED_FACE ( 'NONE', ( #1566 ), #1433, .F. ) ;
#1092 = CARTESIAN_POINT ( 'NONE',  ( -7.999999999999998224, -106.1816733502477632, 0.7084747095205895517 ) ) ;
#1093 = CARTESIAN_POINT ( 'NONE',  ( 13.90000000000000213, -52.00000000000000711, 78.75000000000001421 ) ) ;
#1094 = DIRECTION ( 'NONE',  ( -1.000000000000000000, 0.000000000000000000, 0.000000000000000000 ) ) ;
#1095 =( NAMED_UNIT ( * ) SI_UNIT ( $, .STERADIAN. ) SOLID_ANGLE_UNIT ( ) );
#1096 = ORIENTED_EDGE ( 'NONE', *, *, #461, .T. ) ;
#1097 = DIRECTION ( 'NONE',  ( 1.000000000000000000, 0.000000000000000000, 0.000000000000000000 ) ) ;
#1098 = ORIENTED_EDGE ( 'NONE', *, *, #943, .F. ) ;
#1099 = DIRECTION ( 'NONE',  ( 0.000000000000000000, 1.000000000000000000, 0.000000000000000000 ) ) ;
#1100 = CARTESIAN_POINT ( 'NONE',  ( -8.000000000000000000, -92.00000000000000000, 2.000000000000004441 ) ) ;
#1101 = CARTESIAN_POINT ( 'NONE',  ( 13.90000000000000213, -50.00000000000000000, 78.75000000000001421 ) ) ;
#1102 = CIRCLE ( 'NONE', #1075, 17.00000000000000000 ) ;
#1103 = ORIENTED_EDGE ( 'NONE', *, *, #824, .F. ) ;
#1104 = LINE ( 'NONE', #1111, #770 ) ;
#1105 = ORIENTED_EDGE ( 'NONE', *, *, #1206, .T. ) ;
#1106 = PRESENTATION_STYLE_ASSIGNMENT (( #194 ) ) ;
#1107 = DIRECTION ( 'NONE',  ( 1.000000000000000000, 0.000000000000000000, 0.000000000000000000 ) ) ;
#1108 = CIRCLE ( 'NONE', #1392, 8.000000000000003553 ) ;
#1109 = ORIENTED_EDGE ( 'NONE', *, *, #449, .F. ) ;
#1110 = ADVANCED_FACE ( 'NONE', ( #172 ), #1078, .T. ) ;
#1111 = CARTESIAN_POINT ( 'NONE',  ( 28.00000000000001066, -94.90033112945852167, 100.0000000000000000 ) ) ;
#1112 = VECTOR ( 'NONE', #165, 1000.000000000000000 ) ;
#1113 = AXIS2_PLACEMENT_3D ( 'NONE', #1140, #878, #1004 ) ;
#1114 = ORIENTED_EDGE ( 'NONE', *, *, #854, .F. ) ;
#1115 = CARTESIAN_POINT ( 'NONE',  ( 5.000000000000000000, -5.000000000000004441, 98.00000000000000000 ) ) ;
#1116 = CARTESIAN_POINT ( 'NONE',  ( 12.97901124332240741, -2.027412880197744016, 95.41161863755932870 ) ) ;
#1117 = DIRECTION ( 'NONE',  ( -1.224646799147353207E-16, 1.000000000000000000, 0.000000000000000000 ) ) ;
#1118 = EDGE_LOOP ( 'NONE', ( #1300, #175, #1621 ) ) ;
#1119 = DIRECTION ( 'NONE',  ( 0.000000000000000000, 0.000000000000000000, -1.000000000000000000 ) ) ;
#1120 = EDGE_CURVE ( 'NONE', #1712, #74, #1086, .T. ) ;
#1121 = ORIENTED_EDGE ( 'NONE', *, *, #1281, .F. ) ;
#1122 = ADVANCED_FACE ( 'NONE', ( #1236 ), #1494, .F. ) ;
#1123 = DIRECTION ( 'NONE',  ( 0.000000000000000000, 0.000000000000000000, 1.000000000000000000 ) ) ;
#1124 = DIRECTION ( 'NONE',  ( 0.000000000000000000, -1.000000000000000000, 0.000000000000000000 ) ) ;
#1125 = ORIENTED_EDGE ( 'NONE', *, *, #1360, .T. ) ;
#1126 = LINE ( 'NONE', #321, #600 ) ;
#1127 = CIRCLE ( 'NONE', #644, 13.00000000000000533 ) ;
#1128 = EDGE_LOOP ( 'NONE', ( #1546, #750, #190, #1044, #297 ) ) ;
#1129 = FILL_AREA_STYLE_COLOUR ( '', #1611 ) ;
#1130 = ADVANCED_FACE ( 'NONE', ( #269 ), #970, .F. ) ;
#1131 = CARTESIAN_POINT ( 'NONE',  ( -8.000000000000000000, -105.4728544918032611, 97.06790713267022852 ) ) ;
#1132 = LINE ( 'NONE', #1292, #934 ) ;
#1133 = ORIENTED_EDGE ( 'NONE', *, *, #919, .F. ) ;
#1134 = CARTESIAN_POINT ( 'NONE',  ( -5.809966655327788665, -104.8142012606804343, 98.00000000000000000 ) ) ;
#1135 = AXIS2_PLACEMENT_3D ( 'NONE', #769, #1448, #1158 ) ;
#1136 = ORIENTED_EDGE ( 'NONE', *, *, #953, .F. ) ;
#1137 = AXIS2_PLACEMENT_3D ( 'NONE', #1201, #1155, #484 ) ;
#1138 = AXIS2_PLACEMENT_3D ( 'NONE', #891, #1520, #736 ) ;
#1139 = ADVANCED_FACE ( 'NONE', ( #821 ), #1477, .F. ) ;
#1140 = CARTESIAN_POINT ( 'NONE',  ( 13.90000000000000036, -50.00000000000000000, 12.89999999999999503 ) ) ;
#1141 = DIRECTION ( 'NONE',  ( -0.000000000000000000, 0.000000000000000000, 1.000000000000000000 ) ) ;
#1142 = ORIENTED_EDGE ( 'NONE', *, *, #549, .T. ) ;
#1143 = DIRECTION ( 'NONE',  ( -1.000000000000000000, -6.123233995736766036E-17, -0.000000000000000000 ) ) ;
#1144 = ORIENTED_EDGE ( 'NONE', *, *, #814, .F. ) ;
#1145 = CARTESIAN_POINT ( 'NONE',  ( 24.99999999999999645, -5.000000000000000000, 5.000000000000000000 ) ) ;
#1146 = SURFACE_STYLE_USAGE ( .BOTH. , #608 ) ;
#1147 = CARTESIAN_POINT ( 'NONE',  ( 25.00000000000001066, -94.90033112945852167, 95.00000000000000000 ) ) ;
#1148 = DIRECTION ( 'NONE',  ( 1.000000000000000000, -0.000000000000000000, -0.000000000000000000 ) ) ;
#1149 = EDGE_LOOP ( 'NONE', ( #1144, #101, #726, #224 ) ) ;
#1150 = CARTESIAN_POINT ( 'NONE',  ( 24.99999999999999289, -5.000000000000004441, 95.00000000000000000 ) ) ;
#1151 = EDGE_CURVE ( 'NONE', #792, #892, #661, .T. ) ;
#1152 = ORIENTED_EDGE ( 'NONE', *, *, #277, .F. ) ;
#1153 = VECTOR ( 'NONE', #77, 1000.000000000000000 ) ;
#1154 = AXIS2_PLACEMENT_3D ( 'NONE', #1061, #1469, #1593 ) ;
#1155 = DIRECTION ( 'NONE',  ( -0.000000000000000000, -0.000000000000000000, -1.000000000000000000 ) ) ;
#1156 = B_SPLINE_CURVE_WITH_KNOTS ( 'NONE', 3,
 ( #1674, #318, #1512, #324, #49, #1405, #309, #576, #469, #1681, #1131, #181, #735, #453, #996, #1274 ),
 .UNSPECIFIED., .F., .F.,
 ( 4, 2, 2, 2, 2, 2, 2, 4 ),
 ( 0.000000000000000000, 0.0005599565663834799555, 0.001119913132766959911, 0.001679869699150439866, 0.002239826265533919822, 0.002799782831917399344, 0.003359739398300879733, 0.004479652531067862195 ),
 .UNSPECIFIED. ) ;
#1157 = AXIS2_PLACEMENT_3D ( 'NONE', #373, #1436, #1332 ) ;
#1158 = DIRECTION ( 'NONE',  ( 0.000000000000000000, 0.000000000000000000, 1.000000000000000000 ) ) ;
#1159 = DIRECTION ( 'NONE',  ( -1.000000000000000000, -3.469446951953616654E-16, 0.000000000000000000 ) ) ;
#1160 = EDGE_LOOP ( 'NONE', ( #1178, #688, #1659, #1105 ) ) ;
#1161 = DIRECTION ( 'NONE',  ( 0.000000000000000000, 1.000000000000000000, 0.000000000000000000 ) ) ;
#1162 = VERTEX_POINT ( 'NONE', #1383 ) ;
#1163 = CIRCLE ( 'NONE', #1443, 5.000000000000000888 ) ;
#1164 = DIRECTION ( 'NONE',  ( 0.000000000000000000, 0.000000000000000000, -1.000000000000000000 ) ) ;
#1165 = AXIS2_PLACEMENT_3D ( 'NONE', #1600, #530, #1297 ) ;
#1166 = DIRECTION ( 'NONE',  ( -1.000000000000000000, 0.000000000000000000, 0.000000000000000000 ) ) ;
#1167 = CIRCLE ( 'NONE', #403, 8.349999999999996092 ) ;
#1168 = CARTESIAN_POINT ( 'NONE',  ( 8.000000000000015987, -94.90033112945852167, 100.0000000000000000 ) ) ;
#1169 = CARTESIAN_POINT ( 'NONE',  ( 5.000000000000000000, -5.000000000000004441, 100.0000000000000000 ) ) ;
#1170 = CARTESIAN_POINT ( 'NONE',  ( -7.999999999999996447, -105.9337333204752696, 3.242069558337567603 ) ) ;
#1171 = CARTESIAN_POINT ( 'NONE',  ( -7.999999999999998224, -105.4906263004913853, 99.50261607357130345 ) ) ;
#1172 = ORIENTED_EDGE ( 'NONE', *, *, #785, .F. ) ;
#1173 = EDGE_CURVE ( 'NONE', #918, #3, #1375, .T. ) ;
#1174 = CARTESIAN_POINT ( 'NONE',  ( -7.999999999999998224, -110.0000000000000000, 95.00000000000000000 ) ) ;
#1175 = EDGE_CURVE ( 'NONE', #241, #136, #1167, .T. ) ;
#1176 = CARTESIAN_POINT ( 'NONE',  ( 16.60416345659802317, -2.000000000000001776, 95.00000000000000000 ) ) ;
#1177 = FACE_OUTER_BOUND ( 'NONE', #765, .T. ) ;
#1178 = ORIENTED_EDGE ( 'NONE', *, *, #1431, .F. ) ;
#1179 = FACE_OUTER_BOUND ( 'NONE', #1478, .T. ) ;
#1180 = ORIENTED_EDGE ( 'NONE', *, *, #1175, .T. ) ;
#1181 = DIRECTION ( 'NONE',  ( 0.000000000000000000, 0.000000000000000000, -1.000000000000000000 ) ) ;
#1182 = AXIS2_PLACEMENT_3D ( 'NONE', #1032, #1711, #506 ) ;
#1183 = EDGE_CURVE ( 'NONE', #918, #792, #522, .T. ) ;
#1184 = DIRECTION ( 'NONE',  ( -0.000000000000000000, -0.000000000000000000, 1.000000000000000000 ) ) ;
#1185 = CARTESIAN_POINT ( 'NONE',  ( -7.999999999999998224, -106.9003311294584933, 5.000000000000004441 ) ) ;
#1186 = ORIENTED_EDGE ( 'NONE', *, *, #1393, .F. ) ;
#1187 = CARTESIAN_POINT ( 'NONE',  ( -8.000000000000001776, -104.4344052057615926, 99.73348299975897646 ) ) ;
#1188 = ORIENTED_EDGE ( 'NONE', *, *, #516, .F. ) ;
#1189 = DIRECTION ( 'NONE',  ( 1.000000000000000000, 0.000000000000000000, 0.000000000000000000 ) ) ;
#1190 = AXIS2_PLACEMENT_3D ( 'NONE', #375, #1184, #1298 ) ;
#1191 = DIRECTION ( 'NONE',  ( -0.000000000000000000, -0.000000000000000000, -1.000000000000000000 ) ) ;
#1192 = DIRECTION ( 'NONE',  ( -1.000000000000000000, 0.000000000000000000, 0.000000000000000000 ) ) ;
#1193 = VECTOR ( 'NONE', #1016, 1000.000000000000000 ) ;
#1194 = CIRCLE ( 'NONE', #151, 3.000000000000000000 ) ;
#1195 = ADVANCED_FACE ( 'NONE', ( #961 ), #568, .F. ) ;
#1196 = AXIS2_PLACEMENT_3D ( 'NONE', #1066, #1198, #114 ) ;
#1197 = VERTEX_POINT ( 'NONE', #675 ) ;
#1198 = DIRECTION ( 'NONE',  ( 1.462353992093351185E-16, -1.000000000000000000, -0.000000000000000000 ) ) ;
#1199 = EDGE_CURVE ( 'NONE', #1470, #780, #208, .T. ) ;
#1200 = VERTEX_POINT ( 'NONE', #561 ) ;
#1201 = CARTESIAN_POINT ( 'NONE',  ( 8.000000000000015987, -94.90033112945852167, 95.00000000000000000 ) ) ;
#1202 = DIRECTION ( 'NONE',  ( 0.000000000000000000, 0.000000000000000000, -1.000000000000000000 ) ) ;
#1203 = CARTESIAN_POINT ( 'NONE',  ( -7.999999999999996447, -109.2575251999021901, 2.808347709697971428 ) ) ;
#1204 = DIRECTION ( 'NONE',  ( 0.000000000000000000, 0.000000000000000000, 1.000000000000000000 ) ) ;
#1205 = FACE_OUTER_BOUND ( 'NONE', #1745, .T. ) ;
#1206 = EDGE_CURVE ( 'NONE', #455, #562, #294, .T. ) ;
#1207 = DIRECTION ( 'NONE',  ( -1.000000000000000000, 0.000000000000000000, 0.000000000000000000 ) ) ;
#1208 = EDGE_LOOP ( 'NONE', ( #998, #1707 ) ) ;
#1209 = DIRECTION ( 'NONE',  ( -0.000000000000000000, -1.000000000000000000, 0.000000000000000000 ) ) ;
#1210 = VERTEX_POINT ( 'NONE', #849 ) ;
#1211 = CARTESIAN_POINT ( 'NONE',  ( -7.999999999999996447, -109.5476747002741433, 3.263621487315610192 ) ) ;
#1212 = DIRECTION ( 'NONE',  ( -0.000000000000000000, -0.000000000000000000, -1.000000000000000000 ) ) ;
#1213 = CIRCLE ( 'NONE', #1243, 6.349999999999994316 ) ;
#1214 = DIRECTION ( 'NONE',  ( -8.881784197001252323E-16, 1.000000000000000000, -0.000000000000000000 ) ) ;
#1215 = CARTESIAN_POINT ( 'NONE',  ( 2.000000000000000000, -92.00000000000000000, 5.000000000000004441 ) ) ;
#1216 = ORIENTED_EDGE ( 'NONE', *, *, #71, .T. ) ;
#1217 = DIRECTION ( 'NONE',  ( -1.000000000000000000, 0.000000000000000000, 0.000000000000000000 ) ) ;
#1218 = B_SPLINE_CURVE_WITH_KNOTS ( 'NONE', 3,
 ( #705, #1359, #1620, #303, #990, #1636 ),
 .UNSPECIFIED., .F., .F.,
 ( 4, 2, 4 ),
 ( 0.002840177332346498565, 0.004210833218630821544, 0.005581489104915139318 ),
 .UNSPECIFIED. ) ;
#1219 = ADVANCED_FACE ( 'NONE', ( #1249 ), #2, .F. ) ;
#1220 = ORIENTED_EDGE ( 'NONE', *, *, #1283, .F. ) ;
#1221 = AXIS2_PLACEMENT_3D ( 'NONE', #415, #1226, #1739 ) ;
#1222 = DIRECTION ( 'NONE',  ( -0.000000000000000000, 1.000000000000000000, -0.000000000000000000 ) ) ;
#1223 = FACE_OUTER_BOUND ( 'NONE', #1378, .T. ) ;
#1224 = CIRCLE ( 'NONE', #1190, 5.000000000000000000 ) ;
#1225 = VECTOR ( 'NONE', #420, 1000.000000000000000 ) ;
#1226 = DIRECTION ( 'NONE',  ( 0.000000000000000000, 1.000000000000000000, 0.000000000000000000 ) ) ;
#1227 = CARTESIAN_POINT ( 'NONE',  ( 0.000000000000000000, 0.000000000000000000, 95.00000000000000000 ) ) ;
#1228 = EDGE_LOOP ( 'NONE', ( #1730, #1394, #1188, #739, #457, #446, #1244, #113, #328, #1495 ) ) ;
#1229 = DIRECTION ( 'NONE',  ( -1.462353992093351185E-16, 1.000000000000000000, -0.000000000000000000 ) ) ;
#1230 = ORIENTED_EDGE ( 'NONE', *, *, #1441, .F. ) ;
#1231 = EDGE_CURVE ( 'NONE', #136, #780, #955, .T. ) ;
#1232 = DIRECTION ( 'NONE',  ( -1.000000000000000000, 0.000000000000000000, 0.000000000000000000 ) ) ;
#1233 = EDGE_CURVE ( 'NONE', #107, #967, #685, .T. ) ;
#1234 = APPLICATION_CONTEXT ( 'automotive_design' ) ;
#1235 = DIRECTION ( 'NONE',  ( 1.462353992093351185E-16, -1.000000000000000000, 0.000000000000000000 ) ) ;
#1236 = FACE_OUTER_BOUND ( 'NONE', #614, .T. ) ;
#1237 = ORIENTED_EDGE ( 'NONE', *, *, #461, .F. ) ;
#1238 = SPHERICAL_SURFACE ( 'NONE', #690, 5.000000000000000000 ) ;
#1239 = ORIENTED_EDGE ( 'NONE', *, *, #337, .T. ) ;
#1240 = DIRECTION ( 'NONE',  ( -0.000000000000000000, 1.000000000000000000, -0.000000000000000000 ) ) ;
#1241 = CARTESIAN_POINT ( 'NONE',  ( 24.99999999999999645, -7.311769960466756666E-16, 5.000000000000004441 ) ) ;
#1242 = DIRECTION ( 'NONE',  ( 0.000000000000000000, 0.000000000000000000, -1.000000000000000000 ) ) ;
#1243 = AXIS2_PLACEMENT_3D ( 'NONE', #396, #942, #1204 ) ;
#1244 = ORIENTED_EDGE ( 'NONE', *, *, #1360, .F. ) ;
#1245 = CARTESIAN_POINT ( 'NONE',  ( 5.000000000000000000, -5.000000000000004441, 95.00000000000000000 ) ) ;
#1246 = ORIENTED_EDGE ( 'NONE', *, *, #1233, .T. ) ;
#1247 = DIRECTION ( 'NONE',  ( 0.000000000000000000, 0.000000000000000000, -1.000000000000000000 ) ) ;
#1248 = CARTESIAN_POINT ( 'NONE',  ( 13.90000000000000036, -2.033942010007227630, 95.45000000000000284 ) ) ;
#1249 = FACE_OUTER_BOUND ( 'NONE', #926, .T. ) ;
#1250 = AXIS2_PLACEMENT_3D ( 'NONE', #1597, #490, #898 ) ;
#1251 = ADVANCED_FACE ( 'NONE', ( #553 ), #1391, .F. ) ;
#1252 = ORIENTED_EDGE ( 'NONE', *, *, #868, .F. ) ;
#1253 = LINE ( 'NONE', #38, #1112 ) ;
#1254 = AXIS2_PLACEMENT_3D ( 'NONE', #1245, #14, #1217 ) ;
#1255 = ORIENTED_EDGE ( 'NONE', *, *, #1323, .T. ) ;
#1256 =( LENGTH_UNIT ( ) NAMED_UNIT ( * ) SI_UNIT ( .MILLI., .METRE. ) );
#1257 = CYLINDRICAL_SURFACE ( 'NONE', #658, 6.349999999999994316 ) ;
#1258 = CARTESIAN_POINT ( 'NONE',  ( 13.90000000000000036, -50.00000000000000000, 93.45000000000000284 ) ) ;
#1259 = ORIENTED_EDGE ( 'NONE', *, *, #578, .F. ) ;
#1260 = CARTESIAN_POINT ( 'NONE',  ( 24.99999999999999645, 0.000000000000000000, 5.000000000000004441 ) ) ;
#1261 = EDGE_CURVE ( 'NONE', #967, #1197, #889, .T. ) ;
#1262 = ORIENTED_EDGE ( 'NONE', *, *, #868, .T. ) ;
#1263 = APPLICATION_CONTEXT ( 'automotive_design' ) ;
#1264 = DIRECTION ( 'NONE',  ( 0.000000000000000000, 0.000000000000000000, 1.000000000000000000 ) ) ;
#1265 = FACE_OUTER_BOUND ( 'NONE', #1330, .T. ) ;
#1266 = DIRECTION ( 'NONE',  ( 0.000000000000000000, 0.000000000000000000, 1.000000000000000000 ) ) ;
#1267 = ORIENTED_EDGE ( 'NONE', *, *, #551, .F. ) ;
#1268 = CARTESIAN_POINT ( 'NONE',  ( 13.90000000000000036, -50.00000000000000000, 12.89999999999999503 ) ) ;
#1269 = AXIS2_PLACEMENT_3D ( 'NONE', #1719, #1159, #1055 ) ;
#1270 = ORIENTED_EDGE ( 'NONE', *, *, #1709, .T. ) ;
#1271 = COLOUR_RGB ( '',0.7921568627450980005, 0.8196078431372548767, 0.9333333333333333481 ) ;
#1272 = ADVANCED_FACE ( 'NONE', ( #204 ), #1657, .F. ) ;
#1273 = CARTESIAN_POINT ( 'NONE',  ( 24.99999999999999645, 0.000000000000000000, 100.0000000000000000 ) ) ;
#1274 = CARTESIAN_POINT ( 'NONE',  ( -7.999999999999998224, -103.7268606191422009, 97.71645285563896266 ) ) ;
#1275 = DIRECTION ( 'NONE',  ( -1.000000000000000000, 0.000000000000000000, 0.000000000000000000 ) ) ;
#1276 = VERTEX_POINT ( 'NONE', #997 ) ;
#1277 = DIRECTION ( 'NONE',  ( 0.000000000000000000, 0.000000000000000000, 1.000000000000000000 ) ) ;
#1278 = VECTOR ( 'NONE', #922, 1000.000000000000000 ) ;
#1279 = ORIENTED_EDGE ( 'NONE', *, *, #1151, .T. ) ;
#1280 = CIRCLE ( 'NONE', #520, 3.000000000000000000 ) ;
#1281 = EDGE_CURVE ( 'NONE', #958, #881, #470, .T. ) ;
#1282 = DIRECTION ( 'NONE',  ( 0.000000000000000000, 1.000000000000000000, 0.000000000000000000 ) ) ;
#1283 = EDGE_CURVE ( 'NONE', #817, #1162, #464, .T. ) ;
#1284 = CARTESIAN_POINT ( 'NONE',  ( 13.90000000000000036, -50.00000000000000000, 12.89999999999999503 ) ) ;
#1285 = LINE ( 'NONE', #70, #1548 ) ;
#1286 = ORIENTED_EDGE ( 'NONE', *, *, #824, .T. ) ;
#1287 = DIRECTION ( 'NONE',  ( -0.000000000000000000, -0.000000000000000000, -1.000000000000000000 ) ) ;
#1288 = ORIENTED_EDGE ( 'NONE', *, *, #1283, .T. ) ;
#1289 = LINE ( 'NONE', #1426, #34 ) ;
#1290 = FILL_AREA_STYLE ('',( #1427 ) ) ;
#1291 = CARTESIAN_POINT ( 'NONE',  ( 3.469446951953614189E-15, -92.00000000000000000, 100.0000000000000000 ) ) ;
#1292 = CARTESIAN_POINT ( 'NONE',  ( 25.00000000000000711, -94.90033112945852167, 100.0000000000000000 ) ) ;
#1293 = ORIENTED_EDGE ( 'NONE', *, *, #1744, .F. ) ;
#1294 = CARTESIAN_POINT ( 'NONE',  ( 25.00000000000000711, -94.90033112945852167, 100.0000000000000000 ) ) ;
#1295 = ORIENTED_EDGE ( 'NONE', *, *, #1025, .T. ) ;
#1296 = AXIS2_PLACEMENT_3D ( 'NONE', #1322, #1716, #109 ) ;
#1297 = DIRECTION ( 'NONE',  ( -1.000000000000000000, 0.000000000000000000, 0.000000000000000000 ) ) ;
#1298 = DIRECTION ( 'NONE',  ( -1.000000000000000000, 0.000000000000000000, 0.000000000000000000 ) ) ;
#1299 = CARTESIAN_POINT ( 'NONE',  ( 25.00000000000000711, -94.90033112945852167, 98.00000000000000000 ) ) ;
#1300 = ORIENTED_EDGE ( 'NONE', *, *, #742, .F. ) ;
#1301 = EDGE_CURVE ( 'NONE', #1582, #410, #988, .T. ) ;
#1302 = CARTESIAN_POINT ( 'NONE',  ( -7.999999999999998224, -109.4593676502885984, 96.88894443598586292 ) ) ;
#1303 = VERTEX_POINT ( 'NONE', #310 ) ;
#1304 = EDGE_CURVE ( 'NONE', #214, #90, #508, .T. ) ;
#1305 = CARTESIAN_POINT ( 'NONE',  ( 28.00000000000001066, -94.90033112945852167, 5.000000000000004441 ) ) ;
#1306 = VECTOR ( 'NONE', #1342, 1000.000000000000000 ) ;
#1307 = PRODUCT_CONTEXT ( 'NONE', #1234, 'mechanical' ) ;
#1308 = DIRECTION ( 'NONE',  ( 0.000000000000000000, 1.000000000000000000, 0.000000000000000000 ) ) ;
#1309 = DIRECTION ( 'NONE',  ( 1.000000000000000000, -0.000000000000000000, -0.000000000000000000 ) ) ;
#1310 = VERTEX_POINT ( 'NONE', #722 ) ;
#1311 = CARTESIAN_POINT ( 'NONE',  ( -8.000000000000000000, -108.9117938827620122, 97.61001202227217277 ) ) ;
#1312 = VERTEX_POINT ( 'NONE', #1423 ) ;
#1313 = EDGE_CURVE ( 'NONE', #358, #1416, #1415, .T. ) ;
#1314 = FACE_OUTER_BOUND ( 'NONE', #474, .T. ) ;
#1315 = ORIENTED_EDGE ( 'NONE', *, *, #516, .T. ) ;
#1316 = DIRECTION ( 'NONE',  ( -1.000000000000000000, -3.469446951953616654E-16, 0.000000000000000000 ) ) ;
#1317 = PLANE ( 'NONE',  #789 ) ;
#1318 = EDGE_LOOP ( 'NONE', ( #492, #320, #1387, #53, #940 ) ) ;
#1319 = CARTESIAN_POINT ( 'NONE',  ( -7.999999999999996447, -109.9424677934756147, 95.72045463857864434 ) ) ;
#1320 = ORIENTED_EDGE ( 'NONE', *, *, #201, .F. ) ;
#1321 = PRODUCT_DEFINITION_CONTEXT ( 'detailed design', #1263, 'design' ) ;
#1322 = CARTESIAN_POINT ( 'NONE',  ( 13.90000000000000036, -50.00000000000000000, 87.10000000000000853 ) ) ;
#1323 = EDGE_CURVE ( 'NONE', #1303, #1582, #1127, .T. ) ;
#1324 = VECTOR ( 'NONE', #534, 1000.000000000000000 ) ;
#1325 = FACE_OUTER_BOUND ( 'NONE', #1208, .T. ) ;
#1326 = CARTESIAN_POINT ( 'NONE',  ( 5.000000000000000000, -5.000000000000004441, 95.00000000000000000 ) ) ;
#1327 = VECTOR ( 'NONE', #662, 1000.000000000000000 ) ;
#1328 = ORIENTED_EDGE ( 'NONE', *, *, #1452, .F. ) ;
#1329 = DIRECTION ( 'NONE',  ( -0.000000000000000000, -0.000000000000000000, -1.000000000000000000 ) ) ;
#1330 = EDGE_LOOP ( 'NONE', ( #512, #1635, #148, #1698 ) ) ;
#1331 = SPHERICAL_SURFACE ( 'NONE', #264, 3.000000000000000000 ) ;
#1332 = DIRECTION ( 'NONE',  ( 0.000000000000000000, -1.000000000000000000, 0.000000000000000000 ) ) ;
#1333 = ORIENTED_EDGE ( 'NONE', *, *, #1183, .F. ) ;
#1334 = CIRCLE ( 'NONE', #1471, 5.000000000000000000 ) ;
#1335 = DIRECTION ( 'NONE',  ( 0.000000000000000000, 0.000000000000000000, 1.000000000000000000 ) ) ;
#1336 = PLANE ( 'NONE',  #932 ) ;
#1337 = CIRCLE ( 'NONE', #1254, 5.000000000000000000 ) ;
#1338 = AXIS2_PLACEMENT_3D ( 'NONE', #1675, #864, #325 ) ;
#1339 = PLANE ( 'NONE',  #888 ) ;
#1340 = FACE_OUTER_BOUND ( 'NONE', #1228, .T. ) ;
#1341 = VERTEX_POINT ( 'NONE', #1258 ) ;
#1342 = DIRECTION ( 'NONE',  ( -1.462353992093351185E-16, 1.000000000000000000, 0.000000000000000000 ) ) ;
#1343 = CARTESIAN_POINT ( 'NONE',  ( -6.749410749662120956, -104.3969163727631582, 2.047252658004298453 ) ) ;
#1344 = ORIENTED_EDGE ( 'NONE', *, *, #1323, .F. ) ;
#1345 = CYLINDRICAL_SURFACE ( 'NONE', #117, 5.000000000000000888 ) ;
#1346 = DIRECTION ( 'NONE',  ( 1.000000000000000000, 0.000000000000000000, 0.000000000000000000 ) ) ;
#1347 = FACE_OUTER_BOUND ( 'NONE', #706, .T. ) ;
#1348 = DIRECTION ( 'NONE',  ( -0.000000000000000000, -0.000000000000000000, 1.000000000000000000 ) ) ;
#1349 = EDGE_CURVE ( 'NONE', #775, #979, #760, .T. ) ;
#1350 = ORIENTED_EDGE ( 'NONE', *, *, #1538, .F. ) ;
#1351 = CARTESIAN_POINT ( 'NONE',  ( 13.90000000000000036, -50.00000000000000000, 87.10000000000000853 ) ) ;
#1352 = EDGE_LOOP ( 'NONE', ( #1270, #992, #1333, #1672 ) ) ;
#1353 = CARTESIAN_POINT ( 'NONE',  ( -7.999999999999996447, -109.9281643806181563, 4.277233770639757182 ) ) ;
#1354 = FACE_OUTER_BOUND ( 'NONE', #1599, .T. ) ;
#1355 = AXIS2_PLACEMENT_3D ( 'NONE', #1588, #112, #356 ) ;
#1356 = DIRECTION ( 'NONE',  ( -1.000000000000000000, 0.000000000000000000, 0.000000000000000000 ) ) ;
#1357 = DIRECTION ( 'NONE',  ( 0.000000000000000000, 0.000000000000000000, -1.000000000000000000 ) ) ;
#1358 = ORIENTED_EDGE ( 'NONE', *, *, #201, .T. ) ;
#1359 = CARTESIAN_POINT ( 'NONE',  ( 14.36303841880128829, -2.033942010007224077, 4.549999999999990941 ) ) ;
#1360 = EDGE_CURVE ( 'NONE', #894, #909, #196, .T. ) ;
#1361 = ORIENTED_EDGE ( 'NONE', *, *, #1379, .T. ) ;
#1362 = AXIS2_PLACEMENT_3D ( 'NONE', #18, #1214, #1641 ) ;
#1363 = CARTESIAN_POINT ( 'NONE',  ( 2.000000000000005329, -92.00000000000000000, 95.00000000000000000 ) ) ;
#1364 = VECTOR ( 'NONE', #486, 1000.000000000000000 ) ;
#1365 = AXIS2_PLACEMENT_3D ( 'NONE', #1370, #1089, #1119 ) ;
#1366 = CARTESIAN_POINT ( 'NONE',  ( 24.99999999999999289, -5.000000000000004441, 2.000000000000000000 ) ) ;
#1367 = DIRECTION ( 'NONE',  ( -1.000000000000000000, -1.734723475976806848E-16, 0.000000000000000000 ) ) ;
#1368 = VECTOR ( 'NONE', #426, 1000.000000000000000 ) ;
#1369 = EDGE_LOOP ( 'NONE', ( #850, #869, #1678 ) ) ;
#1370 = CARTESIAN_POINT ( 'NONE',  ( 5.000000000000000000, -94.90033112945852167, 95.00000000000000000 ) ) ;
#1371 = ORIENTED_EDGE ( 'NONE', *, *, #57, .T. ) ;
#1372 = EDGE_CURVE ( 'NONE', #358, #808, #876, .T. ) ;
#1373 = DIRECTION ( 'NONE',  ( 0.000000000000000000, 0.000000000000000000, -1.000000000000000000 ) ) ;
#1374 = LINE ( 'NONE', #143, #1526 ) ;
#1375 = LINE ( 'NONE', #1618, #180 ) ;
#1376 = ORIENTED_EDGE ( 'NONE', *, *, #170, .F. ) ;
#1377 = CARTESIAN_POINT ( 'NONE',  ( 13.90000000000000213, -2.033942010007223633, 4.549999999999991829 ) ) ;
#1378 = EDGE_LOOP ( 'NONE', ( #949, #929, #1172, #1524 ) ) ;
#1379 = EDGE_CURVE ( 'NONE', #363, #881, #1435, .T. ) ;
#1380 = CARTESIAN_POINT ( 'NONE',  ( 2.000000000000000000, -92.00000000000000000, 5.000000000000004441 ) ) ;
#1381 = EDGE_CURVE ( 'NONE', #780, #130, #221, .T. ) ;
#1382 = CARTESIAN_POINT ( 'NONE',  ( 28.00000000000001066, -94.90033112945852167, 95.00000000000000000 ) ) ;
#1383 = CARTESIAN_POINT ( 'NONE',  ( 30.00000000000001421, -94.90033112945852167, 5.000000000000004441 ) ) ;
#1384 = CIRCLE ( 'NONE', #1355, 8.000000000000003553 ) ;
#1385 = EDGE_LOOP ( 'NONE', ( #756, #1513, #421, #1467 ) ) ;
#1386 = FACE_OUTER_BOUND ( 'NONE', #1723, .T. ) ;
#1387 = ORIENTED_EDGE ( 'NONE', *, *, #1654, .F. ) ;
#1388 = EDGE_CURVE ( 'NONE', #1053, #90, #1285, .T. ) ;
#1389 = APPLICATION_PROTOCOL_DEFINITION ( 'draft international standard', 'automotive_design', 1998, #1234 ) ;
#1390 = DIRECTION ( 'NONE',  ( 0.000000000000000000, 0.000000000000000000, -1.000000000000000000 ) ) ;
#1391 = PLANE ( 'NONE',  #1644 ) ;
#1392 = AXIS2_PLACEMENT_3D ( 'NONE', #1665, #871, #58 ) ;
#1393 = EDGE_CURVE ( 'NONE', #921, #1695, #359, .T. ) ;
#1394 = ORIENTED_EDGE ( 'NONE', *, *, #1067, .F. ) ;
#1395 = FACE_OUTER_BOUND ( 'NONE', #911, .T. ) ;
#1396 = CIRCLE ( 'NONE', #121, 2.999999999999999112 ) ;
#1397 = ORIENTED_EDGE ( 'NONE', *, *, #1038, .F. ) ;
#1398 = DIRECTION ( 'NONE',  ( 0.000000000000000000, 0.000000000000000000, -1.000000000000000000 ) ) ;
#1399 = CARTESIAN_POINT ( 'NONE',  ( 12.07769581881922605, -2.010466486803352826, 95.26152143521055393 ) ) ;
#1400 = DIRECTION ( 'NONE',  ( -1.000000000000000000, 0.000000000000000000, 0.000000000000000000 ) ) ;
#1401 = EDGE_CURVE ( 'NONE', #1310, #554, #1409, .T. ) ;
#1402 = CARTESIAN_POINT ( 'NONE',  ( 8.000000000000015987, -5.000000000000004441, 100.0000000000000000 ) ) ;
#1403 = EDGE_LOOP ( 'NONE', ( #193, #704, #145, #1506, #634 ) ) ;
#1404 = CARTESIAN_POINT ( 'NONE',  ( 11.19583654340197043, -2.000000000000001776, 5.000000000000004441 ) ) ;
#1405 = CARTESIAN_POINT ( 'NONE',  ( -7.999999999999998224, -106.4716089148772795, 96.22077198701111911 ) ) ;
#1406 = DIRECTION ( 'NONE',  ( -1.000000000000000000, 0.000000000000000000, 0.000000000000000000 ) ) ;
#1407 = ORIENTED_EDGE ( 'NONE', *, *, #962, .F. ) ;
#1408 = CARTESIAN_POINT ( 'NONE',  ( 5.000000000000004441, -92.00000000000000000, 95.00000000000000000 ) ) ;
#1409 = CIRCLE ( 'NONE', #565, 6.350000000000004974 ) ;
#1410 = ORIENTED_EDGE ( 'NONE', *, *, #1059, .T. ) ;
#1411 = VECTOR ( 'NONE', #1576, 1000.000000000000000 ) ;
#1412 = EDGE_CURVE ( 'NONE', #979, #1197, #1132, .T. ) ;
#1413 = CARTESIAN_POINT ( 'NONE',  ( 5.000000000000000000, -5.000000000000000000, 5.000000000000004441 ) ) ;
#1414 = CARTESIAN_POINT ( 'NONE',  ( -6.190667345440635572, -104.6539610941987632, 97.99399896901984164 ) ) ;
#1415 = LINE ( 'NONE', #1650, #1746 ) ;
#1416 = VERTEX_POINT ( 'NONE', #445 ) ;
#1417 = CIRCLE ( 'NONE', #1221, 6.350000000000004974 ) ;
#1418 = CARTESIAN_POINT ( 'NONE',  ( 24.99999999999999645, 0.000000000000000000, 95.00000000000000000 ) ) ;
#1419 = ORIENTED_EDGE ( 'NONE', *, *, #449, .T. ) ;
#1420 = AXIS2_PLACEMENT_3D ( 'NONE', #443, #1517, #986 ) ;
#1421 = DIRECTION ( 'NONE',  ( -0.000000000000000000, -0.000000000000000000, -1.000000000000000000 ) ) ;
#1422 = DIRECTION ( 'NONE',  ( -1.000000000000000000, 0.000000000000000000, 0.000000000000000000 ) ) ;
#1423 = CARTESIAN_POINT ( 'NONE',  ( 24.99999999999999289, -5.000000000000002665, 98.00000000000000000 ) ) ;
#1424 = ORIENTED_EDGE ( 'NONE', *, *, #1720, .F. ) ;
#1425 = EDGE_LOOP ( 'NONE', ( #1051, #1651, #1661, #1683 ) ) ;
#1426 = CARTESIAN_POINT ( 'NONE',  ( 2.000000000000003553, -92.00000000000000000, 100.0000000000000000 ) ) ;
#1427 = FILL_AREA_STYLE_COLOUR ( '', #1271 ) ;
#1428 = EDGE_CURVE ( 'NONE', #1688, #214, #1666, .T. ) ;
#1429 = CARTESIAN_POINT ( 'NONE',  ( 13.90000000000000036, -52.00000000000000711, 87.10000000000000853 ) ) ;
#1430 = CARTESIAN_POINT ( 'NONE',  ( 5.000000000000000000, -5.000000000000000000, 5.000000000000000000 ) ) ;
#1431 = EDGE_CURVE ( 'NONE', #1210, #562, #1575, .T. ) ;
#1432 = CARTESIAN_POINT ( 'NONE',  ( -7.999999999999998224, -103.7268606191422009, 2.283547144361054215 ) ) ;
#1433 = PLANE ( 'NONE',  #862 ) ;
#1434 = ORIENTED_EDGE ( 'NONE', *, *, #183, .F. ) ;
#1435 = CIRCLE ( 'NONE', #108, 6.349999999999994316 ) ;
#1436 = DIRECTION ( 'NONE',  ( 1.000000000000000000, 6.123233995736766036E-17, 0.000000000000000000 ) ) ;
#1437 = CARTESIAN_POINT ( 'NONE',  ( 13.90000000000000036, -50.00000000000000000, 21.24999999999999645 ) ) ;
#1438 = DIRECTION ( 'NONE',  ( 0.000000000000000000, 0.000000000000000000, -1.000000000000000000 ) ) ;
#1439 = CARTESIAN_POINT ( 'NONE',  ( -7.999999999999998224, -106.4689175562430421, 3.775706879944484839 ) ) ;
#1440 = CARTESIAN_POINT ( 'NONE',  ( -7.999999999999998224, -106.5239491024800458, 99.18711501082691484 ) ) ;
#1441 = EDGE_CURVE ( 'NONE', #1645, #557, #80, .T. ) ;
#1442 = ORIENTED_EDGE ( 'NONE', *, *, #306, .F. ) ;
#1443 = AXIS2_PLACEMENT_3D ( 'NONE', #1413, #450, #1264 ) ;
#1444 = CARTESIAN_POINT ( 'NONE',  ( -7.999999999999998224, -103.7268606191421583, 0.1648044386075745438 ) ) ;
#1445 = TOROIDAL_SURFACE ( 'NONE', #1165, 13.00000000000000533, 3.000000000000000000 ) ;
#1446 = VECTOR ( 'NONE', #1484, 1000.000000000000000 ) ;
#1447 = APPLICATION_PROTOCOL_DEFINITION ( 'draft international standard', 'automotive_design', 1998, #1263 ) ;
#1448 = DIRECTION ( 'NONE',  ( 0.000000000000000000, 1.000000000000000000, 0.000000000000000000 ) ) ;
#1449 = LINE ( 'NONE', #1299, #197 ) ;
#1450 = ORIENTED_EDGE ( 'NONE', *, *, #847, .T. ) ;
#1451 = CARTESIAN_POINT ( 'NONE',  ( -8.000000000000000000, -108.3924581435682768, 98.10760503133229804 ) ) ;
#1452 = EDGE_CURVE ( 'NONE', #156, #838, #1384, .T. ) ;
#1453 = ORIENTED_EDGE ( 'NONE', *, *, #418, .F. ) ;
#1454 = LINE ( 'NONE', #246, #1411 ) ;
#1455 = DIRECTION ( 'NONE',  ( -3.469446951953611231E-16, 1.000000000000000000, 0.000000000000000000 ) ) ;
#1456 = FACE_OUTER_BOUND ( 'NONE', #640, .T. ) ;
#1457 = ORIENTED_EDGE ( 'NONE', *, *, #1541, .F. ) ;
#1458 = CARTESIAN_POINT ( 'NONE',  ( -7.999999999999998224, -110.0000000000000000, 95.00000000000000000 ) ) ;
#1459 = EDGE_LOOP ( 'NONE', ( #1450, #1109, #39, #1736 ) ) ;
#1460 = LINE ( 'NONE', #118, #1327 ) ;
#1461 = EDGE_CURVE ( 'NONE', #238, #663, #51, .T. ) ;
#1462 = CIRCLE ( 'NONE', #1687, 5.000000000000000888 ) ;
#1463 = CARTESIAN_POINT ( 'NONE',  ( 5.000000000000000000, -5.000000000000000000, 0.000000000000000000 ) ) ;
#1464 = PLANE ( 'NONE',  #387 ) ;
#1465 = VERTEX_POINT ( 'NONE', #923 ) ;
#1466 = CARTESIAN_POINT ( 'NONE',  ( -7.999999999999998224, -104.0811470918207533, 99.79013534342982439 ) ) ;
#1467 = ORIENTED_EDGE ( 'NONE', *, *, #1059, .F. ) ;
#1468 = CARTESIAN_POINT ( 'NONE',  ( -8.000000000000000000, -92.00000000000000000, 100.0000000000000000 ) ) ;
#1469 = DIRECTION ( 'NONE',  ( 0.000000000000000000, 1.000000000000000000, 0.000000000000000000 ) ) ;
#1470 = VERTEX_POINT ( 'NONE', #219 ) ;
#1471 = AXIS2_PLACEMENT_3D ( 'NONE', #1577, #1054, #239 ) ;
#1472 = ADVANCED_FACE ( 'NONE', ( #1177 ), #1571, .F. ) ;
#1473 = DIRECTION ( 'NONE',  ( -0.000000000000000000, -1.000000000000000000, 0.000000000000000000 ) ) ;
#1474 = CARTESIAN_POINT ( 'NONE',  ( -5.809966655327793106, -104.8142012606804343, 100.0000000000000000 ) ) ;
#1475 = TOROIDAL_SURFACE ( 'NONE', #1028, 16.99999999999999645, 3.000000000000000000 ) ;
#1476 = DIRECTION ( 'NONE',  ( 0.000000000000000000, 1.000000000000000000, 0.000000000000000000 ) ) ;
#1477 = CYLINDRICAL_SURFACE ( 'NONE', #602, 3.000000000000000000 ) ;
#1478 = EDGE_LOOP ( 'NONE', ( #731, #933, #1098, #209 ) ) ;
#1479 = DIRECTION ( 'NONE',  ( -0.000000000000000000, 1.000000000000000000, -0.000000000000000000 ) ) ;
#1480 = ORIENTED_EDGE ( 'NONE', *, *, #847, .F. ) ;
#1481 = CARTESIAN_POINT ( 'NONE',  ( -7.999999999999998224, -109.7073307180165358, 3.589792307142454675 ) ) ;
#1482 = DIRECTION ( 'NONE',  ( -1.000000000000000000, 0.000000000000000000, 0.000000000000000000 ) ) ;
#1483 = CARTESIAN_POINT ( 'NONE',  ( -7.999999999999998224, -106.9003311294584933, 5.000000000000004441 ) ) ;
#1484 = DIRECTION ( 'NONE',  ( -0.000000000000000000, 1.000000000000000000, -0.000000000000000000 ) ) ;
#1485 = ADVANCED_FACE ( 'NONE', ( #779 ), #1317, .F. ) ;
#1486 = VERTEX_POINT ( 'NONE', #1185 ) ;
#1487 = FACE_OUTER_BOUND ( 'NONE', #729, .T. ) ;
#1488 =( LENGTH_UNIT ( ) NAMED_UNIT ( * ) SI_UNIT ( .MILLI., .METRE. ) );
#1489 = ORIENTED_EDGE ( 'NONE', *, *, #1510, .F. ) ;
#1490 = CARTESIAN_POINT ( 'NONE',  ( -7.999999999999996447, -110.0000000000002700, 4.817392964572180247 ) ) ;
#1491 = AXIS2_PLACEMENT_3D ( 'NONE', #1326, #652, #228 ) ;
#1492 = PLANE ( 'NONE',  #1024 ) ;
#1493 = AXIS2_PLACEMENT_3D ( 'NONE', #1680, #503, #513 ) ;
#1494 = CYLINDRICAL_SURFACE ( 'NONE', #914, 6.350000000000004974 ) ;
#1495 = ORIENTED_EDGE ( 'NONE', *, *, #1689, .T. ) ;
#1496 = ADVANCED_FACE ( 'NONE', ( #365 ), #1464, .T. ) ;
#1497 = CARTESIAN_POINT ( 'NONE',  ( 25.00000000000000711, -94.90033112945852167, 2.000000000000000000 ) ) ;
#1498 = VERTEX_POINT ( 'NONE', #642 ) ;
#1499 = CIRCLE ( 'NONE', #744, 5.000000000000004441 ) ;
#1500 = CARTESIAN_POINT ( 'NONE',  ( 25.00000000000000711, -94.90033112945852167, 95.00000000000000000 ) ) ;
#1501 = AXIS2_PLACEMENT_3D ( 'NONE', #904, #84, #111 ) ;
#1502 = AXIS2_PLACEMENT_3D ( 'NONE', #329, #877, #299 ) ;
#1503 = CARTESIAN_POINT ( 'NONE',  ( 5.000000000000000000, -5.000000000000004441, 5.000000000000004441 ) ) ;
#1504 = DIRECTION ( 'NONE',  ( -1.734723475976806848E-16, 1.000000000000000000, 0.000000000000000000 ) ) ;
#1505 = AXIS2_PLACEMENT_3D ( 'NONE', #802, #350, #1042 ) ;
#1506 = ORIENTED_EDGE ( 'NONE', *, *, #1601, .T. ) ;
#1507 = DIRECTION ( 'NONE',  ( -0.000000000000000000, 1.000000000000000000, -0.000000000000000000 ) ) ;
#1508 = EDGE_CURVE ( 'NONE', #1465, #521, #281, .T. ) ;
#1509 = ORIENTED_EDGE ( 'NONE', *, *, #1431, .T. ) ;
#1510 = EDGE_CURVE ( 'NONE', #663, #1312, #1449, .T. ) ;
#1511 = CARTESIAN_POINT ( 'NONE',  ( 13.90000000000000213, -52.00000000000000711, 4.549999999999991829 ) ) ;
#1512 = CARTESIAN_POINT ( 'NONE',  ( -8.000000000000000000, -106.8705341976567240, 95.37467562780851438 ) ) ;
#1513 = ORIENTED_EDGE ( 'NONE', *, *, #258, .F. ) ;
#1514 = DIRECTION ( 'NONE',  ( -0.000000000000000000, 1.000000000000000000, 0.000000000000000000 ) ) ;
#1515 = ORIENTED_EDGE ( 'NONE', *, *, #529, .T. ) ;
#1516 = ADVANCED_FACE ( 'NONE', ( #1456 ), #248, .F. ) ;
#1517 = DIRECTION ( 'NONE',  ( -0.000000000000000000, -0.000000000000000000, -1.000000000000000000 ) ) ;
#1518 = EDGE_CURVE ( 'NONE', #107, #358, #616, .T. ) ;
#1519 = FACE_OUTER_BOUND ( 'NONE', #1318, .T. ) ;
#1520 = DIRECTION ( 'NONE',  ( 0.000000000000000000, 0.000000000000000000, -1.000000000000000000 ) ) ;
#1521 = AXIS2_PLACEMENT_3D ( 'NONE', #1693, #487, #348 ) ;
#1522 = ORIENTED_EDGE ( 'NONE', *, *, #1441, .T. ) ;
#1523 = DIRECTION ( 'NONE',  ( 1.000000000000000000, 0.000000000000000000, 0.000000000000000000 ) ) ;
#1524 = ORIENTED_EDGE ( 'NONE', *, *, #732, .F. ) ;
#1525 = CARTESIAN_POINT ( 'NONE',  ( 11.63349070672371788, -1.999999999999999556, 4.850191342394604810 ) ) ;
#1526 = VECTOR ( 'NONE', #11, 1000.000000000000000 ) ;
#1527 = EDGE_CURVE ( 'NONE', #936, #663, #1102, .T. ) ;
#1528 = CARTESIAN_POINT ( 'NONE',  ( -5.809966655327788665, -104.8142012606804343, 98.00000000000000000 ) ) ;
#1529 = CARTESIAN_POINT ( 'NONE',  ( -8.000000000000000000, -92.00000000000000000, 0.000000000000000000 ) ) ;
#1530 = VECTOR ( 'NONE', #846, 1000.000000000000000 ) ;
#1531 = VERTEX_POINT ( 'NONE', #257 ) ;
#1532 = LINE ( 'NONE', #1677, #434 ) ;
#1533 = AXIS2_PLACEMENT_3D ( 'NONE', #284, #1608, #162 ) ;
#1534 = EDGE_LOOP ( 'NONE', ( #412, #15 ) ) ;
#1535 = CARTESIAN_POINT ( 'NONE',  ( 24.99999999999999645, -5.000000000000000000, 5.000000000000000000 ) ) ;
#1536 = DIRECTION ( 'NONE',  ( -1.000000000000000000, 0.000000000000000000, 0.000000000000000000 ) ) ;
#1537 = DIRECTION ( 'NONE',  ( -1.000000000000000000, 0.000000000000000000, 0.000000000000000000 ) ) ;
#1538 = EDGE_CURVE ( 'NONE', #909, #518, #332, .T. ) ;
#1539 = ORIENTED_EDGE ( 'NONE', *, *, #192, .T. ) ;
#1540 = CARTESIAN_POINT ( 'NONE',  ( -8.000000000000000000, -92.00000000000000000, 5.000000000000004441 ) ) ;
#1541 = EDGE_CURVE ( 'NONE', #63, #638, #931, .T. ) ;
#1542 = ORIENTED_EDGE ( 'NONE', *, *, #298, .T. ) ;
#1543 = CARTESIAN_POINT ( 'NONE',  ( 13.90000000000000213, -2.033942010007223633, 4.549999999999991829 ) ) ;
#1544 = CARTESIAN_POINT ( 'NONE',  ( -7.999999999999998224, -103.7268606191422009, 97.71645285563896266 ) ) ;
#1545 = DIRECTION ( 'NONE',  ( -0.000000000000000000, -0.000000000000000000, -1.000000000000000000 ) ) ;
#1546 = ORIENTED_EDGE ( 'NONE', *, *, #1231, .F. ) ;
#1547 = LINE ( 'NONE', #757, #1585 ) ;
#1548 = VECTOR ( 'NONE', #1148, 1000.000000000000000 ) ;
#1549 = ADVANCED_FACE ( 'NONE', ( #1564 ), #963, .F. ) ;
#1550 = VERTEX_POINT ( 'NONE', #618 ) ;
#1551 = CARTESIAN_POINT ( 'NONE',  ( 5.000000000000000000, -5.000000000000004441, 95.00000000000000000 ) ) ;
#1552 = LINE ( 'NONE', #1291, #1083 ) ;
#1553 = CARTESIAN_POINT ( 'NONE',  ( -7.999999999999994671, -105.0000000000000142, 5.000000000000004441 ) ) ;
#1554 = VERTEX_POINT ( 'NONE', #1082 ) ;
#1555 = CYLINDRICAL_SURFACE ( 'NONE', #1616, 10.00000000000000178 ) ;
#1556 = CIRCLE ( 'NONE', #800, 3.000000000000002665 ) ;
#1557 = ORIENTED_EDGE ( 'NONE', *, *, #1646, .T. ) ;
#1558 = EDGE_CURVE ( 'NONE', #1341, #958, #1213, .T. ) ;
#1559 = VECTOR ( 'NONE', #480, 1000.000000000000000 ) ;
#1560 = CARTESIAN_POINT ( 'NONE',  ( 24.99999999999999645, -5.000000000000000000, 5.000000000000004441 ) ) ;
#1561 = ADVANCED_FACE ( 'NONE', ( #819, #1074 ), #673, .F. ) ;
#1562 =( NAMED_UNIT ( * ) PLANE_ANGLE_UNIT ( ) SI_UNIT ( $, .RADIAN. ) );
#1563 = DIRECTION ( 'NONE',  ( -0.000000000000000000, -0.000000000000000000, 1.000000000000000000 ) ) ;
#1564 = FACE_OUTER_BOUND ( 'NONE', #351, .T. ) ;
#1565 = ORIENTED_EDGE ( 'NONE', *, *, #45, .T. ) ;
#1566 = FACE_OUTER_BOUND ( 'NONE', #432, .T. ) ;
#1567 = ORIENTED_EDGE ( 'NONE', *, *, #1558, .T. ) ;
#1568 = CARTESIAN_POINT ( 'NONE',  ( -7.653053120624679018, -103.9317026080434090, 2.187542384925615035 ) ) ;
#1569 = DIRECTION ( 'NONE',  ( -0.000000000000000000, -0.000000000000000000, 1.000000000000000000 ) ) ;
#1570 = DIRECTION ( 'NONE',  ( -1.000000000000000000, -3.469446951953616654E-16, 0.000000000000000000 ) ) ;
#1571 = SPHERICAL_SURFACE ( 'NONE', #991, 3.000000000000000000 ) ;
#1572 = ORIENTED_EDGE ( 'NONE', *, *, #68, .T. ) ;
#1573 = CARTESIAN_POINT ( 'NONE',  ( -8.000000000000000000, -108.7865479471534655, 97.73963693595355551 ) ) ;
#1574 = EDGE_LOOP ( 'NONE', ( #349, #1255, #382, #717, #1609 ) ) ;
#1575 = CIRCLE ( 'NONE', #1715, 2.999999999999999112 ) ;
#1576 = DIRECTION ( 'NONE',  ( 1.462353992093351185E-16, -1.000000000000000000, -0.000000000000000000 ) ) ;
#1577 = CARTESIAN_POINT ( 'NONE',  ( 5.000000000000000000, -5.000000000000000000, 5.000000000000000000 ) ) ;
#1578 = CARTESIAN_POINT ( 'NONE',  ( 5.000000000000000000, -92.00000000000000000, 5.000000000000004441 ) ) ;
#1579 = EDGE_CURVE ( 'NONE', #1721, #775, #167, .T. ) ;
#1580 = CARTESIAN_POINT ( 'NONE',  ( -8.000000000000000000, -104.4500530978851458, 2.471851680311148325 ) ) ;
#1581 = CARTESIAN_POINT ( 'NONE',  ( -7.999999999999998224, -109.2591278234960157, 97.18950477664110110 ) ) ;
#1582 = VERTEX_POINT ( 'NONE', #683 ) ;
#1583 = CIRCLE ( 'NONE', #289, 2.999999999999999112 ) ;
#1584 = DIRECTION ( 'NONE',  ( 0.000000000000000000, 1.000000000000000000, 0.000000000000000000 ) ) ;
#1585 = VECTOR ( 'NONE', #880, 1000.000000000000000 ) ;
#1586 = AXIS2_PLACEMENT_3D ( 'NONE', #416, #813, #1633 ) ;
#1587 = CARTESIAN_POINT ( 'NONE',  ( 5.000000000000000000, -5.000000000000004441, 100.0000000000000000 ) ) ;
#1588 = CARTESIAN_POINT ( 'NONE',  ( -8.000000000000000000, -92.00000000000000000, 95.00000000000000000 ) ) ;
#1589 = ORIENTED_EDGE ( 'NONE', *, *, #28, .F. ) ;
#1590 = CARTESIAN_POINT ( 'NONE',  ( -7.999999999999998224, -103.7268606191507558, 99.83519556139134465 ) ) ;
#1591 = ORIENTED_EDGE ( 'NONE', *, *, #1183, .T. ) ;
#1592 = EDGE_CURVE ( 'NONE', #1653, #238, #1738, .T. ) ;
#1593 = DIRECTION ( 'NONE',  ( 0.000000000000000000, 0.000000000000000000, 1.000000000000000000 ) ) ;
#1594 = ORIENTED_EDGE ( 'NONE', *, *, #927, .F. ) ;
#1595 = CYLINDRICAL_SURFACE ( 'NONE', #686, 2.999999999999999112 ) ;
#1596 = DIRECTION ( 'NONE',  ( 0.000000000000000000, 0.000000000000000000, 1.000000000000000000 ) ) ;
#1597 = CARTESIAN_POINT ( 'NONE',  ( 24.99999999999999289, -5.000000000000002665, 95.00000000000000000 ) ) ;
#1598 = CARTESIAN_POINT ( 'NONE',  ( 24.99999999999999645, -2.000000000000000000, 100.0000000000000000 ) ) ;
#1599 = EDGE_LOOP ( 'NONE', ( #1180, #605, #502, #404, #1114 ) ) ;
#1600 = CARTESIAN_POINT ( 'NONE',  ( -8.000000000000000000, -92.00000000000000000, 5.000000000000004441 ) ) ;
#1601 = EDGE_CURVE ( 'NONE', #1416, #775, #24, .T. ) ;
#1602 = CARTESIAN_POINT ( 'NONE',  ( -6.566452378038282411, -104.5033504434274221, 4.444610452032176072E-15 ) ) ;
#1603 = ORIENTED_EDGE ( 'NONE', *, *, #882, .F. ) ;
#1604 = VECTOR ( 'NONE', #897, 1000.000000000000000 ) ;
#1605 = DIRECTION ( 'NONE',  ( 0.000000000000000000, 0.000000000000000000, 1.000000000000000000 ) ) ;
#1606 = CYLINDRICAL_SURFACE ( 'NONE', #252, 8.349999999999996092 ) ;
#1607 = DIRECTION ( 'NONE',  ( -1.000000000000000000, 0.000000000000000000, 0.000000000000000000 ) ) ;
#1608 = DIRECTION ( 'NONE',  ( 0.000000000000000000, 1.000000000000000000, 0.000000000000000000 ) ) ;
#1609 = ORIENTED_EDGE ( 'NONE', *, *, #598, .T. ) ;
#1610 = CARTESIAN_POINT ( 'NONE',  ( 5.000000000000000000, -94.90033112945852167, 98.00000000000000000 ) ) ;
#1611 = COLOUR_RGB ( '',0.7921568627450980005, 0.8196078431372548767, 0.9333333333333333481 ) ;
#1612 = AXIS2_PLACEMENT_3D ( 'NONE', #708, #1247, #720 ) ;
#1613 = CARTESIAN_POINT ( 'NONE',  ( 8.000000000000015987, -94.90033112945852167, 95.00000000000000000 ) ) ;
#1614 = CARTESIAN_POINT ( 'NONE',  ( 27.99999999999999645, -2.924707984186702371E-16, 95.00000000000000000 ) ) ;
#1615 = ADVANCED_FACE ( 'NONE', ( #1354 ), #1606, .T. ) ;
#1616 = AXIS2_PLACEMENT_3D ( 'NONE', #749, #1287, #1696 ) ;
#1617 = DIRECTION ( 'NONE',  ( -0.000000000000000000, 0.000000000000000000, -1.000000000000000000 ) ) ;
#1618 = CARTESIAN_POINT ( 'NONE',  ( 30.00000000000000000, -4.999999999999999112, 100.0000000000000000 ) ) ;
#1619 = ORIENTED_EDGE ( 'NONE', *, *, #47, .F. ) ;
#1620 = CARTESIAN_POINT ( 'NONE',  ( 14.81973754045848679, -2.027433773796636363, 4.588243175649904693 ) ) ;
#1621 = ORIENTED_EDGE ( 'NONE', *, *, #1518, .F. ) ;
#1622 = DIRECTION ( 'NONE',  ( -1.000000000000000000, 0.000000000000000000, 0.000000000000000000 ) ) ;
#1623 = PRODUCT_DEFINITION_SHAPE ( 'NONE', 'NONE',  #845 ) ;
#1624 = ADVANCED_FACE ( 'NONE', ( #1223 ), #1336, .T. ) ;
#1625 = DIRECTION ( 'NONE',  ( 1.000000000000000000, 0.000000000000000000, 0.000000000000000000 ) ) ;
#1626 = DIRECTION ( 'NONE',  ( -0.000000000000000000, 1.000000000000000000, -0.000000000000000000 ) ) ;
#1627 = VERTEX_POINT ( 'NONE', #776 ) ;
#1628 = CYLINDRICAL_SURFACE ( 'NONE', #628, 6.349999999999994316 ) ;
#1629 = ORIENTED_EDGE ( 'NONE', *, *, #755, .T. ) ;
#1630 = CARTESIAN_POINT ( 'NONE',  ( -8.000000000000000000, -106.5195140136092675, 0.8315814249578468154 ) ) ;
#1631 = AXIS2_PLACEMENT_3D ( 'NONE', #1169, #1438, #787 ) ;
#1632 = DIRECTION ( 'NONE',  ( 0.000000000000000000, -0.000000000000000000, 1.000000000000000000 ) ) ;
#1633 = DIRECTION ( 'NONE',  ( 0.000000000000000000, 0.000000000000000000, -1.000000000000000000 ) ) ;
#1634 = EDGE_CURVE ( 'NONE', #967, #3, #1462, .T. ) ;
#1635 = ORIENTED_EDGE ( 'NONE', *, *, #1281, .T. ) ;
#1636 = CARTESIAN_POINT ( 'NONE',  ( 16.60416345659803028, -2.000000000000001776, 5.000000000000004441 ) ) ;
#1637 = ORIENTED_EDGE ( 'NONE', *, *, #1592, .F. ) ;
#1638 = SURFACE_STYLE_FILL_AREA ( #1673 ) ;
#1639 = VECTOR ( 'NONE', #635, 1000.000000000000000 ) ;
#1640 = CIRCLE ( 'NONE', #861, 2.999999999999999112 ) ;
#1641 = DIRECTION ( 'NONE',  ( 1.000000000000000000, 8.673617379884035472E-16, 8.673617379884035472E-16 ) ) ;
#1642 = VECTOR ( 'NONE', #408, 1000.000000000000000 ) ;
#1643 = CARTESIAN_POINT ( 'NONE',  ( -7.999999999999998224, -110.0000000000000000, 100.0000000000000000 ) ) ;
#1644 = AXIS2_PLACEMENT_3D ( 'NONE', #1011, #1682, #1275 ) ;
#1645 = VERTEX_POINT ( 'NONE', #100 ) ;
#1646 = EDGE_CURVE ( 'NONE', #958, #1341, #168, .T. ) ;
#1647 = EDGE_LOOP ( 'NONE', ( #1591, #1279, #295 ) ) ;
#1648 = CARTESIAN_POINT ( 'NONE',  ( 13.90000000000000036, 0.000000000000000000, 6.549999999999990941 ) ) ;
#1649 = CARTESIAN_POINT ( 'NONE',  ( 14.81973754045848501, -2.027433773796640359, 95.41175682435009264 ) ) ;
#1650 = CARTESIAN_POINT ( 'NONE',  ( 5.000000000000000000, -94.90033112945852167, 100.0000000000000000 ) ) ;
#1651 = ORIENTED_EDGE ( 'NONE', *, *, #1634, .T. ) ;
#1652 = CARTESIAN_POINT ( 'NONE',  ( 5.000000000000000000, -94.90033112945852167, 2.000000000000000000 ) ) ;
#1653 = VERTEX_POINT ( 'NONE', #511 ) ;
#1654 = EDGE_CURVE ( 'NONE', #1303, #1695, #648, .T. ) ;
#1655 = CARTESIAN_POINT ( 'NONE',  ( -8.000000000000000000, -100.0000000000000000, 100.0000000000000000 ) ) ;
#1656 = CARTESIAN_POINT ( 'NONE',  ( 8.000000000000015987, -94.90033112945852167, 5.000000000000004441 ) ) ;
#1657 = CYLINDRICAL_SURFACE ( 'NONE', #1138, 2.999999999999999112 ) ;
#1658 = AXIS2_PLACEMENT_3D ( 'NONE', #1725, #794, #225 ) ;
#1659 = ORIENTED_EDGE ( 'NONE', *, *, #28, .T. ) ;
#1660 = CARTESIAN_POINT ( 'NONE',  ( 5.000000000000000000, -2.000000000000000000, 5.000000000000004441 ) ) ;
#1661 = ORIENTED_EDGE ( 'NONE', *, *, #1173, .F. ) ;
#1662 = ADVANCED_FACE ( 'NONE', ( #649 ), #783, .T. ) ;
#1663 = SURFACE_SIDE_STYLE ('',( #1638 ) ) ;
#1664 = ADVANCED_FACE ( 'NONE', ( #1052 ), #129, .T. ) ;
#1665 = CARTESIAN_POINT ( 'NONE',  ( -8.000000000000000000, -92.00000000000000000, 5.000000000000004441 ) ) ;
#1666 = LINE ( 'NONE', #376, #1604 ) ;
#1667 = PRESENTATION_LAYER_ASSIGNMENT (  '', '', ( #859 ) ) ;
#1668 = AXIS2_PLACEMENT_3D ( 'NONE', #1268, #207, #191 ) ;
#1669 = ORIENTED_EDGE ( 'NONE', *, *, #1412, .F. ) ;
#1670 = DIRECTION ( 'NONE',  ( -1.000000000000000000, 0.000000000000000000, 0.000000000000000000 ) ) ;
#1671 = AXIS2_PLACEMENT_3D ( 'NONE', #773, #1207, #509 ) ;
#1672 = ORIENTED_EDGE ( 'NONE', *, *, #601, .F. ) ;
#1673 = FILL_AREA_STYLE ('',( #1129 ) ) ;
#1674 = CARTESIAN_POINT ( 'NONE',  ( -7.999999999999998224, -106.9003311294584933, 95.00000000000000000 ) ) ;
#1675 = CARTESIAN_POINT ( 'NONE',  ( 24.99999999999999645, -5.000000000000000000, 95.00000000000000000 ) ) ;
#1676 = EDGE_CURVE ( 'NONE', #95, #875, #140, .T. ) ;
#1677 = CARTESIAN_POINT ( 'NONE',  ( 5.000000000000000000, 0.000000000000000000, 100.0000000000000000 ) ) ;
#1678 = ORIENTED_EDGE ( 'NONE', *, *, #1700, .F. ) ;
#1679 = FACE_OUTER_BOUND ( 'NONE', #636, .T. ) ;
#1680 = CARTESIAN_POINT ( 'NONE',  ( 0.000000000000000000, 0.000000000000000000, 0.000000000000000000 ) ) ;
#1681 = CARTESIAN_POINT ( 'NONE',  ( -8.000000000000000000, -105.6351812995905703, 96.96963842807286937 ) ) ;
#1682 = DIRECTION ( 'NONE',  ( -0.000000000000000000, 0.000000000000000000, -1.000000000000000000 ) ) ;
#1683 = ORIENTED_EDGE ( 'NONE', *, *, #632, .T. ) ;
#1684 = AXIS2_PLACEMENT_3D ( 'NONE', #499, #1309, #384 ) ;
#1685 = ADVANCED_FACE ( 'NONE', ( #1314 ), #1036, .T. ) ;
#1686 = FACE_OUTER_BOUND ( 'NONE', #532, .T. ) ;
#1687 = AXIS2_PLACEMENT_3D ( 'NONE', #639, #1181, #1070 ) ;
#1688 = VERTEX_POINT ( 'NONE', #1305 ) ;
#1689 = EDGE_CURVE ( 'NONE', #875, #1200, #1717, .T. ) ;
#1690 = FACE_OUTER_BOUND ( 'NONE', #13, .T. ) ;
#1691 =( NAMED_UNIT ( * ) SI_UNIT ( $, .STERADIAN. ) SOLID_ANGLE_UNIT ( ) );
#1692 = CARTESIAN_POINT ( 'NONE',  ( 13.90000000000000036, 0.000000000000000000, 93.45000000000000284 ) ) ;
#1693 = CARTESIAN_POINT ( 'NONE',  ( 8.000000000000015987, -94.90033112945852167, 95.00000000000000000 ) ) ;
#1694 = AXIS2_PLACEMENT_3D ( 'NONE', #347, #1316, #1710 ) ;
#1695 = VERTEX_POINT ( 'NONE', #939 ) ;
#1696 = DIRECTION ( 'NONE',  ( -1.000000000000000000, 0.000000000000000000, 0.000000000000000000 ) ) ;
#1697 = VECTOR ( 'NONE', #1069, 1000.000000000000000 ) ;
#1698 = ORIENTED_EDGE ( 'NONE', *, *, #709, .F. ) ;
#1699 = CIRCLE ( 'NONE', #89, 16.99999999999999645 ) ;
#1700 = EDGE_CURVE ( 'NONE', #90, #1550, #734, .T. ) ;
#1701 = DIRECTION ( 'NONE',  ( 0.000000000000000000, 0.000000000000000000, -1.000000000000000000 ) ) ;
#1702 = DIRECTION ( 'NONE',  ( -0.000000000000000000, 1.000000000000000000, -0.000000000000000000 ) ) ;
#1703 = CARTESIAN_POINT ( 'NONE',  ( 5.000000000000000000, -5.000000000000004441, 95.00000000000000000 ) ) ;
#1704 = DIRECTION ( 'NONE',  ( -1.000000000000000000, 0.000000000000000000, 0.000000000000000000 ) ) ;
#1705 = CARTESIAN_POINT ( 'NONE',  ( -8.000000000000000000, -106.0792841656397627, 3.362098021710328677 ) ) ;
#1706 = CARTESIAN_POINT ( 'NONE',  ( -7.999999999999994671, -109.7081909845670822, 96.40811936072473998 ) ) ;
#1707 = ORIENTED_EDGE ( 'NONE', *, *, #1732, .F. ) ;
#1708 = CARTESIAN_POINT ( 'NONE',  ( -7.999999999999998224, -103.7268606191422009, 2.283547144361054215 ) ) ;
#1709 = EDGE_CURVE ( 'NONE', #1162, #1627, #1077, .T. ) ;
#1710 = DIRECTION ( 'NONE',  ( -5.782411586589351722E-16, 1.000000000000000000, 0.000000000000000000 ) ) ;
#1711 = DIRECTION ( 'NONE',  ( 0.000000000000000000, 1.000000000000000000, 0.000000000000000000 ) ) ;
#1712 = VERTEX_POINT ( 'NONE', #1174 ) ;
#1713 = DIRECTION ( 'NONE',  ( -1.000000000000000000, 0.000000000000000000, 0.000000000000000000 ) ) ;
#1714 = ORIENTED_EDGE ( 'NONE', *, *, #71, .F. ) ;
#1715 = AXIS2_PLACEMENT_3D ( 'NONE', #1578, #240, #1046 ) ;
#1716 = DIRECTION ( 'NONE',  ( 0.000000000000000000, 1.000000000000000000, 0.000000000000000000 ) ) ;
#1717 = CIRCLE ( 'NONE', #333, 8.350000000000003197 ) ;
#1718 = FACE_OUTER_BOUND ( 'NONE', #1459, .T. ) ;
#1719 = CARTESIAN_POINT ( 'NONE',  ( -7.999999999999994671, -105.0000000000000142, 95.00000000000000000 ) ) ;
#1720 = EDGE_CURVE ( 'NONE', #3, #817, #1454, .T. ) ;
#1721 = VERTEX_POINT ( 'NONE', #380 ) ;
#1722 = DIRECTION ( 'NONE',  ( 0.000000000000000000, -1.000000000000000000, 0.000000000000000000 ) ) ;
#1723 = EDGE_LOOP ( 'NONE', ( #220, #1246, #1515, #72 ) ) ;
#1724 = AXIS2_PLACEMENT_3D ( 'NONE', #1613, #383, #1622 ) ;
#1725 = CARTESIAN_POINT ( 'NONE',  ( 8.000000000000015987, -94.90033112945852167, 0.000000000000000000 ) ) ;
#1726 = AXIS2_PLACEMENT_3D ( 'NONE', #1468, #389, #67 ) ;
#1727 = CIRCLE ( 'NONE', #1029, 19.99999999999999645 ) ;
#1728 = CARTESIAN_POINT ( 'NONE',  ( -5.809966655327793106, -104.8142012606804343, 2.000000000000000000 ) ) ;
#1729 = CARTESIAN_POINT ( 'NONE',  ( 8.000000000000015987, -94.90033112945852167, 98.00000000000000000 ) ) ;
#1730 = ORIENTED_EDGE ( 'NONE', *, *, #1741, .F. ) ;
#1731 = LINE ( 'NONE', #1598, #1030 ) ;
#1732 = EDGE_CURVE ( 'NONE', #136, #241, #1047, .T. ) ;
#1733 = ORIENTED_EDGE ( 'NONE', *, *, #504, .T. ) ;
#1734 = FACE_OUTER_BOUND ( 'NONE', #98, .T. ) ;
#1735 = CARTESIAN_POINT ( 'NONE',  ( 13.90000000000000036, -2.000000000000001776, 12.89999999999999503 ) ) ;
#1736 = ORIENTED_EDGE ( 'NONE', *, *, #102, .F. ) ;
#1737 = LINE ( 'NONE', #256, #654 ) ;
#1738 = LINE ( 'NONE', #1614, #1324 ) ;
#1739 = DIRECTION ( 'NONE',  ( 0.000000000000000000, 0.000000000000000000, 1.000000000000000000 ) ) ;
#1740 = DIRECTION ( 'NONE',  ( 0.000000000000000000, 0.000000000000000000, -1.000000000000000000 ) ) ;
#1741 = EDGE_CURVE ( 'NONE', #1550, #1200, #1460, .T. ) ;
#1742 = ORIENTED_EDGE ( 'NONE', *, *, #1151, .F. ) ;
#1743 = DIRECTION ( 'NONE',  ( 0.000000000000000000, 1.000000000000000000, 0.000000000000000000 ) ) ;
#1744 = EDGE_CURVE ( 'NONE', #251, #1531, #588, .T. ) ;
#1745 = EDGE_LOOP ( 'NONE', ( #1567, #1557 ) ) ;
#1746 = VECTOR ( 'NONE', #585, 1000.000000000000000 ) ;
#1747 = CARTESIAN_POINT ( 'NONE',  ( 8.000000000000015987, -94.90033112945852167, 5.000000000000004441 ) ) ;
#1748 = DIRECTION ( 'NONE',  ( -3.469446951953616654E-16, 1.000000000000000000, 0.000000000000000000 ) ) ;
ENDSEC;
END-ISO-10303-21;
