ISO-10303-21;
HEADER;
FILE_DESCRIPTION (( 'STEP AP214' ),
    '1' );
FILE_NAME ('Dhakkan 1.STEP',
    '2026-04-26T13:35:55',
    ( '' ),
    ( '' ),
    'SwSTEP 2.0',
    'SolidWorks 2022',
    '' );
FILE_SCHEMA (( 'AUTOMOTIVE_DESIGN' ));
ENDSEC;

DATA;
#1 = PRODUCT_CONTEXT ( 'NONE', #1556, 'mechanical' ) ;
#2 = CARTESIAN_POINT ( 'NONE',  ( -3.600000000000020073, 214.8000000000000114, -44.39999999999999147 ) ) ;
#3 = ORIENTED_EDGE ( 'NONE', *, *, #1374, .F. ) ;
#4 = DIRECTION ( 'NONE',  ( -0.000000000000000000, -0.7071067811865475727, -0.7071067811865475727 ) ) ;
#5 = EDGE_CURVE ( 'NONE', #1359, #717, #1485, .T. ) ;
#6 = DIRECTION ( 'NONE',  ( -0.000000000000000000, 0.000000000000000000, 1.000000000000000000 ) ) ;
#7 = DIRECTION ( 'NONE',  ( -1.000000000000000000, -0.000000000000000000, 3.491481338843133355E-15 ) ) ;
#8 = EDGE_CURVE ( 'NONE', #957, #1136, #481, .T. ) ;
#9 = ORIENTED_EDGE ( 'NONE', *, *, #763, .F. ) ;
#10 = LINE ( 'NONE', #1363, #82 ) ;
#11 = LINE ( 'NONE', #1015, #120 ) ;
#12 = ADVANCED_FACE ( 'NONE', ( #1327 ), #361, .F. ) ;
#13 = CARTESIAN_POINT ( 'NONE',  ( -18.29999999999999716, 102.1999999999999886, -43.80000000000015348 ) ) ;
#14 = ORIENTED_EDGE ( 'NONE', *, *, #347, .T. ) ;
#15 = CARTESIAN_POINT ( 'NONE',  ( -17.79999999999999716, 199.8000000000000398, -42.79999999999994031 ) ) ;
#16 = ORIENTED_EDGE ( 'NONE', *, *, #1364, .T. ) ;
#17 = DIRECTION ( 'NONE',  ( 0.000000000000000000, 0.000000000000000000, -1.000000000000000000 ) ) ;
#18 = DIRECTION ( 'NONE',  ( 1.000000000000000000, 0.000000000000000000, 0.000000000000000000 ) ) ;
#19 = FACE_BOUND ( 'NONE', #692, .T. ) ;
#20 = CARTESIAN_POINT ( 'NONE',  ( -18.29999999999999716, 102.0000000000000142, -44.60000000000017195 ) ) ;
#21 = EDGE_LOOP ( 'NONE', ( #1225, #413, #874, #532 ) ) ;
#22 = EDGE_CURVE ( 'NONE', #121, #800, #355, .T. ) ;
#23 = CARTESIAN_POINT ( 'NONE',  ( 46.16666666666674246, 116.6666666666667425, -29.33333333333336057 ) ) ;
#24 = EDGE_LOOP ( 'NONE', ( #774, #132, #931, #1598 ) ) ;
#25 = LINE ( 'NONE', #288, #420 ) ;
#26 = DIRECTION ( 'NONE',  ( -0.7808688094430418225, 0.000000000000000000, -0.6246950475544099657 ) ) ;
#27 = VECTOR ( 'NONE', #949, 1000.000000000000000 ) ;
#28 = VERTEX_POINT ( 'NONE', #978 ) ;
#29 = CARTESIAN_POINT ( 'NONE',  ( 41.20000000000000995, 209.8000000000000114, -42.80000000000015348 ) ) ;
#30 = FACE_OUTER_BOUND ( 'NONE', #605, .T. ) ;
#31 = DIRECTION ( 'NONE',  ( 0.000000000000000000, 0.000000000000000000, -1.000000000000000000 ) ) ;
#32 = PLANE ( 'NONE',  #818 ) ;
#33 = ADVANCED_FACE ( 'NONE', ( #858 ), #373, .T. ) ;
#34 = EDGE_CURVE ( 'NONE', #1453, #940, #488, .T. ) ;
#35 = ORIENTED_EDGE ( 'NONE', *, *, #1374, .T. ) ;
#36 = CARTESIAN_POINT ( 'NONE',  ( -2.599999999999984102, 214.8000000000000114, -43.60000000000000142 ) ) ;
#37 = PLANE ( 'NONE',  #52 ) ;
#38 = VECTOR ( 'NONE', #712, 1000.000000000000000 ) ;
#39 = ORIENTED_EDGE ( 'NONE', *, *, #1364, .F. ) ;
#40 = CARTESIAN_POINT ( 'NONE',  ( -18.29999999999999716, 102.0000000000000142, -44.80000000000015348 ) ) ;
#41 = VECTOR ( 'NONE', #436, 1000.000000000000000 ) ;
#42 = EDGE_CURVE ( 'NONE', #113, #472, #244, .T. ) ;
#43 = DIRECTION ( 'NONE',  ( -0.000000000000000000, -0.000000000000000000, 1.000000000000000000 ) ) ;
#44 = DIRECTION ( 'NONE',  ( -0.000000000000000000, 1.000000000000000000, -0.000000000000000000 ) ) ;
#45 = EDGE_CURVE ( 'NONE', #301, #1215, #715, .T. ) ;
#46 = EDGE_LOOP ( 'NONE', ( #864, #1509, #227, #1208 ) ) ;
#47 = FACE_OUTER_BOUND ( 'NONE', #21, .T. ) ;
#48 = CARTESIAN_POINT ( 'NONE',  ( 31.70000000000000639, 102.2000000000000028, -43.80000000000015348 ) ) ;
#49 = EDGE_CURVE ( 'NONE', #1386, #121, #1086, .T. ) ;
#50 = CARTESIAN_POINT ( 'NONE',  ( -18.60000000000001918, 209.8000000000000114, -44.39433078044952907 ) ) ;
#51 = EDGE_LOOP ( 'NONE', ( #1198, #741, #895, #1237 ) ) ;
#52 = AXIS2_PLACEMENT_3D ( 'NONE', #269, #871, #749 ) ;
#53 = CARTESIAN_POINT ( 'NONE',  ( 16.39999999999998437, 209.8000000000000114, -44.40000000000006963 ) ) ;
#54 = PLANE ( 'NONE',  #913 ) ;
#55 = CARTESIAN_POINT ( 'NONE',  ( -18.29999999999999716, 102.0000000000000142, -43.80000000000015348 ) ) ;
#56 = VECTOR ( 'NONE', #617, 1000.000000000000000 ) ;
#57 = EDGE_LOOP ( 'NONE', ( #326, #1407, #208, #1280 ) ) ;
#58 = EDGE_CURVE ( 'NONE', #948, #599, #1140, .T. ) ;
#59 = DIRECTION ( 'NONE',  ( -1.000000000000000000, 0.000000000000000000, 0.000000000000000000 ) ) ;
#60 = AXIS2_PLACEMENT_3D ( 'NONE', #1503, #873, #1373 ) ;
#61 = CARTESIAN_POINT ( 'NONE',  ( 1.399999999999984590, 214.8000000000000114, -44.40000000000000568 ) ) ;
#62 = DIRECTION ( 'NONE',  ( -1.000000000000000000, 0.000000000000000000, -0.000000000000000000 ) ) ;
#63 = ORIENTED_EDGE ( 'NONE', *, *, #1195, .T. ) ;
#64 = ADVANCED_FACE ( 'NONE', ( #280 ), #865, .T. ) ;
#65 = PLANE ( 'NONE',  #266 ) ;
#66 = LINE ( 'NONE', #1059, #137 ) ;
#67 = ORIENTED_EDGE ( 'NONE', *, *, #672, .T. ) ;
#68 = CARTESIAN_POINT ( 'NONE',  ( -27.79999999999998295, 189.7999999999999829, -42.79999999999990479 ) ) ;
#69 = AXIS2_PLACEMENT_3D ( 'NONE', #163, #292, #6 ) ;
#70 = LINE ( 'NONE', #566, #682 ) ;
#71 = ORIENTED_EDGE ( 'NONE', *, *, #428, .T. ) ;
#72 = LINE ( 'NONE', #1555, #613 ) ;
#73 = ADVANCED_FACE ( 'NONE', ( #1500 ), #1022, .F. ) ;
#74 = VECTOR ( 'NONE', #449, 1000.000000000000000 ) ;
#75 = EDGE_LOOP ( 'NONE', ( #67, #670, #278, #1547 ) ) ;
#76 = DIRECTION ( 'NONE',  ( -1.000000000000000000, 0.000000000000000000, -0.000000000000000000 ) ) ;
#77 = LINE ( 'NONE', #205, #1235 ) ;
#78 = CARTESIAN_POINT ( 'NONE',  ( 16.89999999999999503, 102.0000000000000142, -44.00000000000013500 ) ) ;
#79 = VECTOR ( 'NONE', #1239, 1000.000000000000000 ) ;
#80 = ORIENTED_EDGE ( 'NONE', *, *, #467, .F. ) ;
#81 = CARTESIAN_POINT ( 'NONE',  ( 6.700000000000002842, 102.0000000000000142, -43.80000000000015348 ) ) ;
#82 = VECTOR ( 'NONE', #1265, 1000.000000000000000 ) ;
#83 = DIRECTION ( 'NONE',  ( 1.000000000000000000, 0.000000000000000000, -3.621585599541393887E-15 ) ) ;
#84 = ADVANCED_FACE ( 'NONE', ( #1505 ), #37, .F. ) ;
#85 = DIRECTION ( 'NONE',  ( -0.5881716976750532844, 0.000000000000000000, -0.8087360843031833335 ) ) ;
#86 = CARTESIAN_POINT ( 'NONE',  ( -42.79999999999999716, 209.8000000000000114, -42.79999999999986215 ) ) ;
#87 = VECTOR ( 'NONE', #273, 1000.000000000000000 ) ;
#88 = ORIENTED_EDGE ( 'NONE', *, *, #632, .T. ) ;
#89 = FACE_OUTER_BOUND ( 'NONE', #1479, .T. ) ;
#90 = ORIENTED_EDGE ( 'NONE', *, *, #708, .F. ) ;
#91 = CARTESIAN_POINT ( 'NONE',  ( -17.79999999999998295, 199.8000000000000398, -38.79999999999994742 ) ) ;
#92 = CARTESIAN_POINT ( 'NONE',  ( 16.39999999999998437, 214.8000000000000114, -44.40000000000006963 ) ) ;
#93 = VERTEX_POINT ( 'NONE', #897 ) ;
#94 = CARTESIAN_POINT ( 'NONE',  ( -47.76666666666676520, 116.6666666666667567, -29.33333333333328241 ) ) ;
#95 =( GEOMETRIC_REPRESENTATION_CONTEXT ( 3 ) GLOBAL_UNCERTAINTY_ASSIGNED_CONTEXT ( ( #1432 ) ) GLOBAL_UNIT_ASSIGNED_CONTEXT ( ( #454, #1069, #943 ) ) REPRESENTATION_CONTEXT ( 'NONE', 'WORKASPACE' ) );
#96 = EDGE_CURVE ( 'NONE', #186, #490, #10, .T. ) ;
#97 = ORIENTED_EDGE ( 'NONE', *, *, #42, .T. ) ;
#98 = CARTESIAN_POINT ( 'NONE',  ( -8.299999999999997158, 110.0000000000000000, -43.80000000000015348 ) ) ;
#99 = DIRECTION ( 'NONE',  ( 0.8087360843031833335, 0.000000000000000000, -0.5881716976750532844 ) ) ;
#100 = PLANE ( 'NONE',  #755 ) ;
#101 = VERTEX_POINT ( 'NONE', #135 ) ;
#102 = ORIENTED_EDGE ( 'NONE', *, *, #339, .T. ) ;
#103 = ORIENTED_EDGE ( 'NONE', *, *, #500, .T. ) ;
#104 = DIRECTION ( 'NONE',  ( 0.5881716976750446246, 0.000000000000000000, -0.8087360843031896618 ) ) ;
#105 = DIRECTION ( 'NONE',  ( -0.000000000000000000, 1.000000000000000000, -0.000000000000000000 ) ) ;
#106 = VECTOR ( 'NONE', #1460, 1000.000000000000000 ) ;
#107 = ORIENTED_EDGE ( 'NONE', *, *, #1603, .F. ) ;
#108 = ORIENTED_EDGE ( 'NONE', *, *, #115, .F. ) ;
#109 = ORIENTED_EDGE ( 'NONE', *, *, #753, .F. ) ;
#110 = CARTESIAN_POINT ( 'NONE',  ( -33.29999999999999716, 110.0000000000000000, -44.80000000000015348 ) ) ;
#111 = VECTOR ( 'NONE', #884, 1000.000000000000000 ) ;
#112 = CARTESIAN_POINT ( 'NONE',  ( -8.299999999999997158, 110.0000000000000000, -43.80000000000015348 ) ) ;
#113 = VERTEX_POINT ( 'NONE', #537 ) ;
#114 = ORIENTED_EDGE ( 'NONE', *, *, #49, .T. ) ;
#115 = EDGE_CURVE ( 'NONE', #101, #304, #150, .T. ) ;
#116 = VERTEX_POINT ( 'NONE', #128 ) ;
#117 = COLOUR_RGB ( '',0.7921568627450980005, 0.8196078431372548767, 0.9333333333333333481 ) ;
#118 = CARTESIAN_POINT ( 'NONE',  ( 0.3999999999999906408, 214.8000000000000114, -43.60000000000000853 ) ) ;
#119 = FACE_OUTER_BOUND ( 'NONE', #563, .T. ) ;
#120 = VECTOR ( 'NONE', #872, 1000.000000000000000 ) ;
#121 = VERTEX_POINT ( 'NONE', #634 ) ;
#122 = VERTEX_POINT ( 'NONE', #509 ) ;
#123 = DIRECTION ( 'NONE',  ( -0.8087360843031855540, 0.000000000000000000, 0.5881716976750502868 ) ) ;
#124 = EDGE_CURVE ( 'NONE', #627, #1359, #1400, .T. ) ;
#125 = LINE ( 'NONE', #118, #146 ) ;
#126 =( NAMED_UNIT ( * ) PLANE_ANGLE_UNIT ( ) SI_UNIT ( $, .RADIAN. ) );
#127 = CARTESIAN_POINT ( 'NONE',  ( -27.79999999999997229, 189.7999999999999829, -38.79999999999991189 ) ) ;
#128 = CARTESIAN_POINT ( 'NONE',  ( 6.700000000000002842, 110.0000000000000000, -43.80000000000015348 ) ) ;
#129 = ADVANCED_FACE ( 'NONE', ( #386 ), #879, .F. ) ;
#130 = VECTOR ( 'NONE', #1252, 1000.000000000000000 ) ;
#131 = CARTESIAN_POINT ( 'NONE',  ( 0.000000000000000000, 102.0000000000000142, -44.60000000000015774 ) ) ;
#132 = ORIENTED_EDGE ( 'NONE', *, *, #1361, .F. ) ;
#133 = ADVANCED_FACE ( 'NONE', ( #1523 ), #1133, .F. ) ;
#134 = ORIENTED_EDGE ( 'NONE', *, *, #1447, .F. ) ;
#135 = CARTESIAN_POINT ( 'NONE',  ( -43.60000000000000853, 209.8000000000000114, -43.89999999999985647 ) ) ;
#136 = CARTESIAN_POINT ( 'NONE',  ( -12.33333333333331616, 108.1666666666666572, -50.76666666666683625 ) ) ;
#137 = VECTOR ( 'NONE', #1267, 1000.000000000000000 ) ;
#138 = CARTESIAN_POINT ( 'NONE',  ( -22.60000000000000142, 209.8000000000000114, -43.59999999999993037 ) ) ;
#139 = CARTESIAN_POINT ( 'NONE',  ( -43.60000000000000853, 209.8000000000000114, -43.89999999999985647 ) ) ;
#140 = VERTEX_POINT ( 'NONE', #1034 ) ;
#141 = CARTESIAN_POINT ( 'NONE',  ( -18.60000000000001918, 214.8000000000000114, -44.39433078044952907 ) ) ;
#142 = FACE_OUTER_BOUND ( 'NONE', #1401, .T. ) ;
#143 = DIRECTION ( 'NONE',  ( 3.627006610403821410E-15, 0.000000000000000000, 1.000000000000000000 ) ) ;
#144 = EDGE_CURVE ( 'NONE', #1567, #998, #504, .T. ) ;
#145 = DIRECTION ( 'NONE',  ( -0.000000000000000000, 1.000000000000000000, -0.000000000000000000 ) ) ;
#146 = VECTOR ( 'NONE', #973, 1000.000000000000000 ) ;
#147 = CARTESIAN_POINT ( 'NONE',  ( 1.399999999999984590, 214.8000000000000114, -44.40000000000000568 ) ) ;
#148 = EDGE_LOOP ( 'NONE', ( #476, #870, #1007, #723 ) ) ;
#149 = LINE ( 'NONE', #1389, #1116 ) ;
#150 = LINE ( 'NONE', #1119, #987 ) ;
#151 = ORIENTED_EDGE ( 'NONE', *, *, #1458, .F. ) ;
#152 = CARTESIAN_POINT ( 'NONE',  ( 1.399999999999984590, 209.8000000000000114, -44.40000000000000568 ) ) ;
#153 = FACE_OUTER_BOUND ( 'NONE', #148, .T. ) ;
#154 = CARTESIAN_POINT ( 'NONE',  ( 41.19999999999999574, 209.8000000000000114, -45.80000000000015348 ) ) ;
#155 = ADVANCED_FACE ( 'NONE', ( #1378 ), #887, .F. ) ;
#156 = CARTESIAN_POINT ( 'NONE',  ( 41.20000000000000995, 209.8000000000000114, -42.80000000000015348 ) ) ;
#157 = VERTEX_POINT ( 'NONE', #1257 ) ;
#158 = DIRECTION ( 'NONE',  ( 0.7830295650611431846, 0.000000000000000000, -0.6219844855301110975 ) ) ;
#159 = LINE ( 'NONE', #1514, #883 ) ;
#160 = EDGE_CURVE ( 'NONE', #570, #627, #159, .T. ) ;
#161 = EDGE_CURVE ( 'NONE', #1182, #796, #1533, .T. ) ;
#162 = ORIENTED_EDGE ( 'NONE', *, *, #1320, .T. ) ;
#163 = CARTESIAN_POINT ( 'NONE',  ( 31.70000000000000639, 102.0000000000000142, -43.80000000000015348 ) ) ;
#164 = CARTESIAN_POINT ( 'NONE',  ( -18.29999999999999716, 110.0000000000000000, -43.80000000000015348 ) ) ;
#165 = CARTESIAN_POINT ( 'NONE',  ( 31.50000000000001421, 102.0000000000000142, -44.60000000000015774 ) ) ;
#166 = ADVANCED_FACE ( 'NONE', ( #142 ), #249, .T. ) ;
#167 = EDGE_LOOP ( 'NONE', ( #252, #816, #1466, #559 ) ) ;
#168 = PLANE ( 'NONE',  #1379 ) ;
#169 = DIRECTION ( 'NONE',  ( -0.5881716976750478443, 0.000000000000000000, 0.8087360843031874413 ) ) ;
#170 = DIRECTION ( 'NONE',  ( -0.7071067811865475727, -0.7071067811865475727, 0.000000000000000000 ) ) ;
#171 =( GEOMETRIC_REPRESENTATION_CONTEXT ( 3 ) GLOBAL_UNCERTAINTY_ASSIGNED_CONTEXT ( ( #529 ) ) GLOBAL_UNIT_ASSIGNED_CONTEXT ( ( #1581, #342, #1468 ) ) REPRESENTATION_CONTEXT ( 'NONE', 'WORKASPACE' ) );
#172 = ORIENTED_EDGE ( 'NONE', *, *, #616, .T. ) ;
#173 = PLANE ( 'NONE',  #697 ) ;
#174 = EDGE_CURVE ( 'NONE', #238, #1012, #937, .T. ) ;
#175 = DIRECTION ( 'NONE',  ( 4.625929269271486900E-16, 0.000000000000000000, -1.000000000000000000 ) ) ;
#176 = CARTESIAN_POINT ( 'NONE',  ( -22.60000000000000142, 214.8000000000000114, -43.59999999999993037 ) ) ;
#177 = ORIENTED_EDGE ( 'NONE', *, *, #1451, .T. ) ;
#178 = LINE ( 'NONE', #649, #686 ) ;
#179 = EDGE_CURVE ( 'NONE', #728, #542, #1316, .T. ) ;
#180 = CARTESIAN_POINT ( 'NONE',  ( 17.40000000000000213, 209.8000000000000114, -43.60000000000007248 ) ) ;
#181 = CARTESIAN_POINT ( 'NONE',  ( -33.29999999999999716, 102.1999999999999886, -43.80000000000016058 ) ) ;
#182 = VERTEX_POINT ( 'NONE', #446 ) ;
#183 = LINE ( 'NONE', #427, #745 ) ;
#184 = LINE ( 'NONE', #1147, #766 ) ;
#185 = VECTOR ( 'NONE', #1569, 1000.000000000000000 ) ;
#186 = VERTEX_POINT ( 'NONE', #324 ) ;
#187 = CARTESIAN_POINT ( 'NONE',  ( -17.79999999999999716, 189.7999999999999545, -42.79999999999994031 ) ) ;
#188 = FILL_AREA_STYLE ('',( #967 ) ) ;
#189 = DIRECTION ( 'NONE',  ( 0.000000000000000000, -1.000000000000000000, 0.000000000000000000 ) ) ;
#190 = EDGE_CURVE ( 'NONE', #1462, #1012, #1070, .T. ) ;
#191 = VERTEX_POINT ( 'NONE', #1308 ) ;
#192 = DIRECTION ( 'NONE',  ( -0.000000000000000000, 0.000000000000000000, 1.000000000000000000 ) ) ;
#193 = AXIS2_PLACEMENT_3D ( 'NONE', #1179, #204, #1060 ) ;
#194 = VECTOR ( 'NONE', #434, 1000.000000000000000 ) ;
#195 = ORIENTED_EDGE ( 'NONE', *, *, #618, .T. ) ;
#196 = CARTESIAN_POINT ( 'NONE',  ( 21.00000000000000711, 91.50000000000000000, -34.10000000000015774 ) ) ;
#197 = AXIS2_PLACEMENT_3D ( 'NONE', #176, #1050, #625 ) ;
#198 = CARTESIAN_POINT ( 'NONE',  ( 21.39999999999998437, 214.8000000000000114, -44.40000000000008384 ) ) ;
#199 = ORIENTED_EDGE ( 'NONE', *, *, #179, .T. ) ;
#200 = CARTESIAN_POINT ( 'NONE',  ( 41.20000000000000995, 209.8000000000000114, -42.80000000000015348 ) ) ;
#201 = VECTOR ( 'NONE', #932, 1000.000000000000000 ) ;
#202 = EDGE_CURVE ( 'NONE', #220, #1504, #994, .T. ) ;
#203 = EDGE_LOOP ( 'NONE', ( #926, #1108, #35, #1433 ) ) ;
#204 = DIRECTION ( 'NONE',  ( 0.000000000000000000, -1.000000000000000000, 0.000000000000000000 ) ) ;
#205 = CARTESIAN_POINT ( 'NONE',  ( -27.79999999999999716, 199.8000000000000114, -42.79999999999990479 ) ) ;
#206 = DIRECTION ( 'NONE',  ( 3.271025955591191259E-16, -0.7071067811865489050, 0.7071067811865461294 ) ) ;
#207 = AXIS2_PLACEMENT_3D ( 'NONE', #1135, #798, #768 ) ;
#208 = ORIENTED_EDGE ( 'NONE', *, *, #230, .F. ) ;
#209 = CARTESIAN_POINT ( 'NONE',  ( 16.70000000000000284, 102.0000000000000142, -44.00000000000013500 ) ) ;
#210 = VECTOR ( 'NONE', #592, 1000.000000000000227 ) ;
#211 = ORIENTED_EDGE ( 'NONE', *, *, #996, .F. ) ;
#212 = ADVANCED_FACE ( 'NONE', ( #930 ), #1428, .T. ) ;
#213 = LINE ( 'NONE', #595, #1352 ) ;
#214 = EDGE_CURVE ( 'NONE', #988, #157, #308, .T. ) ;
#215 = CARTESIAN_POINT ( 'NONE',  ( 31.50000000000001421, 102.0000000000000142, -44.00000000000014211 ) ) ;
#216 = VECTOR ( 'NONE', #414, 1000.000000000000000 ) ;
#217 = ORIENTED_EDGE ( 'NONE', *, *, #789, .F. ) ;
#218 = DIRECTION ( 'NONE',  ( 1.000000000000000000, 0.000000000000000000, 0.000000000000000000 ) ) ;
#219 = EDGE_CURVE ( 'NONE', #1031, #238, #812, .T. ) ;
#220 = VERTEX_POINT ( 'NONE', #794 ) ;
#221 = CARTESIAN_POINT ( 'NONE',  ( -2.599999999999984102, 209.8000000000000114, -43.60000000000000142 ) ) ;
#222 = CARTESIAN_POINT ( 'NONE',  ( 1.399999999999984590, 214.8000000000000114, -44.40000000000000568 ) ) ;
#223 = DIRECTION ( 'NONE',  ( -1.000000000000000000, 0.000000000000000000, 3.491481338843133750E-15 ) ) ;
#224 = VECTOR ( 'NONE', #665, 1000.000000000000114 ) ;
#225 = ORIENTED_EDGE ( 'NONE', *, *, #622, .T. ) ;
#226 = DIRECTION ( 'NONE',  ( 1.000000000000000000, 0.000000000000000000, -3.491481338843133750E-15 ) ) ;
#227 = ORIENTED_EDGE ( 'NONE', *, *, #1077, .F. ) ;
#228 = LINE ( 'NONE', #725, #900 ) ;
#229 = DIRECTION ( 'NONE',  ( -3.491481338843133355E-15, 0.000000000000000000, -1.000000000000000000 ) ) ;
#230 = EDGE_CURVE ( 'NONE', #1163, #1429, #820, .T. ) ;
#231 = ORIENTED_EDGE ( 'NONE', *, *, #8, .F. ) ;
#232 = ORIENTED_EDGE ( 'NONE', *, *, #1185, .T. ) ;
#233 = VECTOR ( 'NONE', #469, 1000.000000000000000 ) ;
#234 = ORIENTED_EDGE ( 'NONE', *, *, #96, .T. ) ;
#235 = CARTESIAN_POINT ( 'NONE',  ( 42.00000000000000711, 209.8000000000000114, -43.90000000000015490 ) ) ;
#236 = DIRECTION ( 'NONE',  ( 1.000000000000000000, 0.000000000000000000, 4.625929269271486900E-16 ) ) ;
#237 = VERTEX_POINT ( 'NONE', #1411 ) ;
#238 = VERTEX_POINT ( 'NONE', #695 ) ;
#239 = EDGE_LOOP ( 'NONE', ( #1341, #177, #71, #1516 ) ) ;
#240 = CARTESIAN_POINT ( 'NONE',  ( 42.00000000000000711, 110.0000000000000000, -43.90000000000015490 ) ) ;
#241 = VECTOR ( 'NONE', #571, 999.9999999999998863 ) ;
#242 = DIRECTION ( 'NONE',  ( 0.7830295650611431846, 0.000000000000000000, -0.6219844855301110975 ) ) ;
#243 = ORIENTED_EDGE ( 'NONE', *, *, #295, .F. ) ;
#244 = LINE ( 'NONE', #1613, #705 ) ;
#245 = PRESENTATION_LAYER_ASSIGNMENT (  '', '', ( #590 ) ) ;
#246 = CARTESIAN_POINT ( 'NONE',  ( 6.700000000000002842, 102.2000000000000028, -43.80000000000015348 ) ) ;
#247 =( NAMED_UNIT ( * ) SI_UNIT ( $, .STERADIAN. ) SOLID_ANGLE_UNIT ( ) );
#248 = LINE ( 'NONE', #748, #479 ) ;
#249 = PLANE ( 'NONE',  #688 ) ;
#250 = CARTESIAN_POINT ( 'NONE',  ( 42.00000000000000000, 110.0000000000000000, -44.70000000000015916 ) ) ;
#251 = DIRECTION ( 'NONE',  ( 1.000000000000000000, 1.387778780781444689E-15, -3.491481338843133355E-15 ) ) ;
#252 = ORIENTED_EDGE ( 'NONE', *, *, #600, .F. ) ;
#253 = CARTESIAN_POINT ( 'NONE',  ( -18.60000000000001918, 214.8000000000000114, -44.39433078044952907 ) ) ;
#254 = VECTOR ( 'NONE', #1172, 1000.000000000000000 ) ;
#255 = DIRECTION ( 'NONE',  ( 0.000000000000000000, 0.000000000000000000, 1.000000000000000000 ) ) ;
#256 = CARTESIAN_POINT ( 'NONE',  ( -17.79999999999998295, 189.7999999999999545, -38.79999999999994742 ) ) ;
#257 = PLANE ( 'NONE',  #736 ) ;
#258 = AXIS2_PLACEMENT_3D ( 'NONE', #1420, #440, #582 ) ;
#259 = ORIENTED_EDGE ( 'NONE', *, *, #34, .F. ) ;
#260 = CARTESIAN_POINT ( 'NONE',  ( -8.299999999999997158, 102.0000000000000142, -44.80000000000015348 ) ) ;
#261 = LINE ( 'NONE', #880, #1124 ) ;
#262 = AXIS2_PLACEMENT_3D ( 'NONE', #674, #429, #903 ) ;
#263 = CARTESIAN_POINT ( 'NONE',  ( 6.700000000000002842, 102.0000000000000142, -44.80000000000015348 ) ) ;
#264 = DIRECTION ( 'NONE',  ( 1.000000000000000000, 0.000000000000000000, 0.000000000000000000 ) ) ;
#265 = ORIENTED_EDGE ( 'NONE', *, *, #290, .T. ) ;
#266 = AXIS2_PLACEMENT_3D ( 'NONE', #81, #318, #947 ) ;
#267 = ORIENTED_EDGE ( 'NONE', *, *, #1489, .F. ) ;
#268 = CARTESIAN_POINT ( 'NONE',  ( -8.299999999999997158, 102.2000000000000028, -44.80000000000015348 ) ) ;
#269 = CARTESIAN_POINT ( 'NONE',  ( 41.20000000000000995, 209.8000000000000114, -42.80000000000015348 ) ) ;
#270 = ORIENTED_EDGE ( 'NONE', *, *, #190, .T. ) ;
#271 = PLANE ( 'NONE',  #1551 ) ;
#272 = ADVANCED_FACE ( 'NONE', ( #1044 ), #1546, .T. ) ;
#273 = DIRECTION ( 'NONE',  ( 0.000000000000000000, -1.000000000000000000, 0.000000000000000000 ) ) ;
#274 = VECTOR ( 'NONE', #854, 1000.000000000000000 ) ;
#275 = DIRECTION ( 'NONE',  ( 0.000000000000000000, -0.7071067811865475727, 0.7071067811865475727 ) ) ;
#276 = ADVANCED_FACE ( 'NONE', ( #687 ), #425, .F. ) ;
#277 = AXIS2_PLACEMENT_3D ( 'NONE', #404, #999, #26 ) ;
#278 = ORIENTED_EDGE ( 'NONE', *, *, #1534, .F. ) ;
#279 = LINE ( 'NONE', #48, #744 ) ;
#280 = FACE_OUTER_BOUND ( 'NONE', #441, .T. ) ;
#281 = ORIENTED_EDGE ( 'NONE', *, *, #1273, .T. ) ;
#282 = FACE_OUTER_BOUND ( 'NONE', #377, .T. ) ;
#283 = DIRECTION ( 'NONE',  ( 1.000000000000000000, 0.000000000000000000, 0.000000000000000000 ) ) ;
#284 = LINE ( 'NONE', #916, #224 ) ;
#285 = ORIENTED_EDGE ( 'NONE', *, *, #810, .F. ) ;
#286 = AXIS2_PLACEMENT_3D ( 'NONE', #433, #678, #1399 ) ;
#287 = DIRECTION ( 'NONE',  ( 0.000000000000000000, 0.000000000000000000, 1.000000000000000000 ) ) ;
#288 = CARTESIAN_POINT ( 'NONE',  ( -33.29999999999999716, 102.1999999999999886, -43.80000000000016058 ) ) ;
#289 = CARTESIAN_POINT ( 'NONE',  ( 16.89999999999999503, 102.0000000000000142, 0.000000000000000000 ) ) ;
#290 = EDGE_CURVE ( 'NONE', #940, #706, #70, .T. ) ;
#291 = VERTEX_POINT ( 'NONE', #78 ) ;
#292 = DIRECTION ( 'NONE',  ( -1.000000000000000000, 0.000000000000000000, -0.000000000000000000 ) ) ;
#293 = FACE_OUTER_BOUND ( 'NONE', #1541, .T. ) ;
#294 = PLANE ( 'NONE',  #353 ) ;
#295 = EDGE_CURVE ( 'NONE', #237, #1020, #825, .T. ) ;
#296 = ORIENTED_EDGE ( 'NONE', *, *, #328, .T. ) ;
#297 = CARTESIAN_POINT ( 'NONE',  ( -17.79999999999998295, 199.8000000000000398, -38.79999999999994742 ) ) ;
#298 = DIRECTION ( 'NONE',  ( -0.000000000000000000, 1.000000000000000000, -0.000000000000000000 ) ) ;
#299 = CARTESIAN_POINT ( 'NONE',  ( -8.299999999999997158, 102.0000000000000142, -43.80000000000015348 ) ) ;
#300 = EDGE_CURVE ( 'NONE', #508, #1100, #679, .T. ) ;
#301 = VERTEX_POINT ( 'NONE', #181 ) ;
#302 = FACE_OUTER_BOUND ( 'NONE', #1297, .T. ) ;
#303 = LINE ( 'NONE', #531, #889 ) ;
#304 = VERTEX_POINT ( 'NONE', #86 ) ;
#305 = DIRECTION ( 'NONE',  ( -0.000000000000000000, -0.7071067811865475727, -0.7071067811865475727 ) ) ;
#306 = EDGE_CURVE ( 'NONE', #938, #1440, #1075, .T. ) ;
#307 = CARTESIAN_POINT ( 'NONE',  ( 21.39999999999998437, 214.8000000000000114, -44.40000000000008384 ) ) ;
#308 = LINE ( 'NONE', #920, #1178 ) ;
#309 = ORIENTED_EDGE ( 'NONE', *, *, #1451, .F. ) ;
#310 = DIRECTION ( 'NONE',  ( 0.000000000000000000, 0.000000000000000000, -1.000000000000000000 ) ) ;
#311 = EDGE_LOOP ( 'NONE', ( #14, #764, #985, #1484 ) ) ;
#312 = VECTOR ( 'NONE', #1333, 1000.000000000000000 ) ;
#313 = ORIENTED_EDGE ( 'NONE', *, *, #1498, .T. ) ;
#314 = CARTESIAN_POINT ( 'NONE',  ( 41.19999999999999574, 209.8000000000000114, -45.80000000000015348 ) ) ;
#315 = CARTESIAN_POINT ( 'NONE',  ( 42.00000000000000000, 209.8000000000000114, -44.70000000000015916 ) ) ;
#316 = ORIENTED_EDGE ( 'NONE', *, *, #335, .F. ) ;
#317 = ADVANCED_FACE ( 'NONE', ( #910 ), #558, .T. ) ;
#318 = DIRECTION ( 'NONE',  ( -1.000000000000000000, 0.000000000000000000, -0.000000000000000000 ) ) ;
#319 = VECTOR ( 'NONE', #770, 1000.000000000000114 ) ;
#320 = EDGE_LOOP ( 'NONE', ( #904, #1063, #316, #1337 ) ) ;
#321 = ORIENTED_EDGE ( 'NONE', *, *, #1558, .T. ) ;
#322 = CARTESIAN_POINT ( 'NONE',  ( 0.3999999999999906408, 214.8000000000000114, -43.60000000000000853 ) ) ;
#323 = CARTESIAN_POINT ( 'NONE',  ( -42.79999999999999716, 209.8000000000000114, -42.79999999999986215 ) ) ;
#324 = CARTESIAN_POINT ( 'NONE',  ( 16.70000000000000284, 102.2000000000000028, -44.80000000000015348 ) ) ;
#325 = VECTOR ( 'NONE', #17, 1000.000000000000000 ) ;
#326 = ORIENTED_EDGE ( 'NONE', *, *, #1165, .T. ) ;
#327 = FACE_OUTER_BOUND ( 'NONE', #203, .T. ) ;
#328 = EDGE_CURVE ( 'NONE', #717, #570, #1162, .T. ) ;
#329 = ADVANCED_FACE ( 'NONE', ( #844 ), #831, .T. ) ;
#330 = VECTOR ( 'NONE', #1392, 1000.000000000000000 ) ;
#331 = LINE ( 'NONE', #710, #850 ) ;
#332 = DIRECTION ( 'NONE',  ( -0.000000000000000000, -0.000000000000000000, 1.000000000000000000 ) ) ;
#333 = EDGE_CURVE ( 'NONE', #490, #1031, #1207, .T. ) ;
#334 = FACE_OUTER_BOUND ( 'NONE', #709, .T. ) ;
#335 = EDGE_CURVE ( 'NONE', #633, #917, #1587, .T. ) ;
#336 = ORIENTED_EDGE ( 'NONE', *, *, #737, .F. ) ;
#337 = CARTESIAN_POINT ( 'NONE',  ( -27.79999999999999716, 199.8000000000000114, -42.79999999999990479 ) ) ;
#338 = AXIS2_PLACEMENT_3D ( 'NONE', #253, #756, #1250 ) ;
#339 = EDGE_CURVE ( 'NONE', #191, #796, #343, .T. ) ;
#340 = ORIENTED_EDGE ( 'NONE', *, *, #161, .F. ) ;
#341 = CARTESIAN_POINT ( 'NONE',  ( 31.70000000000000639, 110.0000000000000000, -44.80000000000015348 ) ) ;
#342 =( NAMED_UNIT ( * ) PLANE_ANGLE_UNIT ( ) SI_UNIT ( $, .RADIAN. ) );
#343 = LINE ( 'NONE', #1596, #963 ) ;
#344 = VECTOR ( 'NONE', #424, 1000.000000000000000 ) ;
#345 = VERTEX_POINT ( 'NONE', #597 ) ;
#346 = CARTESIAN_POINT ( 'NONE',  ( 21.16666666666672114, 116.6666666666667282, -29.33333333333342807 ) ) ;
#347 = EDGE_CURVE ( 'NONE', #542, #1492, #1452, .T. ) ;
#348 = ORIENTED_EDGE ( 'NONE', *, *, #1165, .F. ) ;
#349 = CARTESIAN_POINT ( 'NONE',  ( 16.70000000000000284, 102.2000000000000028, -43.80000000000014637 ) ) ;
#350 = EDGE_CURVE ( 'NONE', #796, #1440, #611, .T. ) ;
#351 = CARTESIAN_POINT ( 'NONE',  ( -43.60000000000000853, 209.8000000000000114, -43.89999999999985647 ) ) ;
#352 = DIRECTION ( 'NONE',  ( -1.000000000000000000, 0.000000000000000000, 3.491481338843133355E-15 ) ) ;
#353 = AXIS2_PLACEMENT_3D ( 'NONE', #1557, #561, #1176 ) ;
#354 = ORIENTED_EDGE ( 'NONE', *, *, #959, .F. ) ;
#355 = LINE ( 'NONE', #852, #1457 ) ;
#356 = EDGE_LOOP ( 'NONE', ( #296, #591, #832, #88 ) ) ;
#357 = CARTESIAN_POINT ( 'NONE',  ( 6.700000000000002842, 102.2000000000000028, -43.80000000000015348 ) ) ;
#358 = DIRECTION ( 'NONE',  ( -3.271025955591186328E-16, -0.7071067811865502373, 0.7071067811865447972 ) ) ;
#359 = EDGE_CURVE ( 'NONE', #731, #1583, #1213, .T. ) ;
#360 = ORIENTED_EDGE ( 'NONE', *, *, #423, .F. ) ;
#361 = PLANE ( 'NONE',  #905 ) ;
#362 = VECTOR ( 'NONE', #76, 1000.000000000000000 ) ;
#363 = ORIENTED_EDGE ( 'NONE', *, *, #115, .T. ) ;
#364 = CARTESIAN_POINT ( 'NONE',  ( -33.10000000000001563, 102.0000000000000142, -44.80000000000015348 ) ) ;
#365 = PLANE ( 'NONE',  #1507 ) ;
#366 = EDGE_LOOP ( 'NONE', ( #494, #1330, #270, #1231 ) ) ;
#367 = ORIENTED_EDGE ( 'NONE', *, *, #869, .T. ) ;
#368 = EDGE_CURVE ( 'NONE', #1504, #191, #720, .T. ) ;
#369 = LINE ( 'NONE', #1474, #489 ) ;
#370 = LINE ( 'NONE', #55, #1385 ) ;
#371 = ORIENTED_EDGE ( 'NONE', *, *, #350, .T. ) ;
#372 = ORIENTED_EDGE ( 'NONE', *, *, #616, .F. ) ;
#373 = PLANE ( 'NONE',  #544 ) ;
#374 = CARTESIAN_POINT ( 'NONE',  ( -33.10000000000001563, 102.0000000000000142, -44.00000000000013500 ) ) ;
#375 = APPLICATION_PROTOCOL_DEFINITION ( 'draft international standard', 'automotive_design', 1998, #928 ) ;
#376 = CARTESIAN_POINT ( 'NONE',  ( -43.60000000000000853, 209.8000000000000114, -44.69999999999985363 ) ) ;
#377 = EDGE_LOOP ( 'NONE', ( #151, #1487, #1353, #1190 ) ) ;
#378 = ADVANCED_FACE ( 'NONE', ( #334 ), #100, .F. ) ;
#379 = ORIENTED_EDGE ( 'NONE', *, *, #1498, .F. ) ;
#380 = DIRECTION ( 'NONE',  ( -1.000000000000000000, -2.775557561562890957E-15, 3.491481338843133355E-15 ) ) ;
#381 = DIRECTION ( 'NONE',  ( 1.000000000000000000, -2.775557561562895295E-15, -3.491481338843133355E-15 ) ) ;
#382 = LINE ( 'NONE', #506, #1130 ) ;
#383 = CARTESIAN_POINT ( 'NONE',  ( -8.299999999999997158, 110.0000000000000000, -44.80000000000015348 ) ) ;
#384 = EDGE_LOOP ( 'NONE', ( #971, #416, #1444, #1592 ) ) ;
#385 = ORIENTED_EDGE ( 'NONE', *, *, #439, .F. ) ;
#386 = FACE_OUTER_BOUND ( 'NONE', #356, .T. ) ;
#387 = VECTOR ( 'NONE', #1339, 1000.000000000000000 ) ;
#388 = FACE_OUTER_BOUND ( 'NONE', #771, .T. ) ;
#389 = DIRECTION ( 'NONE',  ( 0.000000000000000000, -1.000000000000000000, 0.000000000000000000 ) ) ;
#390 = CARTESIAN_POINT ( 'NONE',  ( -8.299999999999997158, 102.0000000000000142, -44.00000000000014211 ) ) ;
#391 = VECTOR ( 'NONE', #1542, 1000.000000000000000 ) ;
#392 = AXIS2_PLACEMENT_3D ( 'NONE', #260, #1272, #18 ) ;
#393 = ORIENTED_EDGE ( 'NONE', *, *, #58, .T. ) ;
#394 = PLANE ( 'NONE',  #1578 ) ;
#395 = DIRECTION ( 'NONE',  ( -1.000000000000000000, -0.000000000000000000, 3.664953686440814065E-15 ) ) ;
#396 = ORIENTED_EDGE ( 'NONE', *, *, #708, .T. ) ;
#397 = CARTESIAN_POINT ( 'NONE',  ( -27.79999999999997229, 189.7999999999999829, -38.79999999999991189 ) ) ;
#398 = LINE ( 'NONE', #540, #87 ) ;
#399 = EDGE_CURVE ( 'NONE', #827, #650, #1325, .T. ) ;
#400 = DIRECTION ( 'NONE',  ( 0.000000000000000000, -1.000000000000000000, 0.000000000000000000 ) ) ;
#401 = VECTOR ( 'NONE', #548, 1000.000000000000000 ) ;
#402 = ORIENTED_EDGE ( 'NONE', *, *, #1510, .F. ) ;
#403 = CARTESIAN_POINT ( 'NONE',  ( -33.29999999999999716, 102.0000000000000142, -44.80000000000015348 ) ) ;
#404 = CARTESIAN_POINT ( 'NONE',  ( -2.599999999999984102, 214.8000000000000114, -43.60000000000000142 ) ) ;
#405 = VERTEX_POINT ( 'NONE', #215 ) ;
#406 = CARTESIAN_POINT ( 'NONE',  ( 4.333333333333340143, 99.83333333333334281, -42.43333333333348634 ) ) ;
#407 = DIRECTION ( 'NONE',  ( 0.000000000000000000, -1.000000000000000000, 0.000000000000000000 ) ) ;
#408 = PLANE ( 'NONE',  #1184 ) ;
#409 = VERTEX_POINT ( 'NONE', #1469 ) ;
#410 = ADVANCED_FACE ( 'NONE', ( #604 ), #1575, .F. ) ;
#411 = FACE_BOUND ( 'NONE', #821, .T. ) ;
#412 = VECTOR ( 'NONE', #226, 1000.000000000000000 ) ;
#413 = ORIENTED_EDGE ( 'NONE', *, *, #1233, .F. ) ;
#414 = DIRECTION ( 'NONE',  ( 0.5881716976750532844, -0.000000000000000000, 0.8087360843031833335 ) ) ;
#415 = CARTESIAN_POINT ( 'NONE',  ( 17.40000000000000213, 214.8000000000000114, -43.60000000000007248 ) ) ;
#416 = ORIENTED_EDGE ( 'NONE', *, *, #1356, .F. ) ;
#417 = DIRECTION ( 'NONE',  ( 0.7808688094430286109, 0.000000000000000000, -0.6246950475544263970 ) ) ;
#418 = DIRECTION ( 'NONE',  ( 3.491481338843133355E-15, 0.000000000000000000, 1.000000000000000000 ) ) ;
#419 = LINE ( 'NONE', #1111, #562 ) ;
#420 = VECTOR ( 'NONE', #1513, 1000.000000000000000 ) ;
#421 = ORIENTED_EDGE ( 'NONE', *, *, #980, .F. ) ;
#422 = CARTESIAN_POINT ( 'NONE',  ( 16.70000000000000284, 102.0000000000000142, -43.80000000000014637 ) ) ;
#423 = EDGE_CURVE ( 'NONE', #1020, #940, #740, .T. ) ;
#424 = DIRECTION ( 'NONE',  ( 0.000000000000000000, -1.000000000000000000, 0.000000000000000000 ) ) ;
#425 = PLANE ( 'NONE',  #1588 ) ;
#426 = ORIENTED_EDGE ( 'NONE', *, *, #946, .F. ) ;
#427 = CARTESIAN_POINT ( 'NONE',  ( -18.23333333333329520, 87.13333333333328312, -29.73333333333344086 ) ) ;
#428 = EDGE_CURVE ( 'NONE', #301, #157, #1476, .T. ) ;
#429 = DIRECTION ( 'NONE',  ( 0.000000000000000000, 1.000000000000000000, 0.000000000000000000 ) ) ;
#430 = VECTOR ( 'NONE', #510, 1000.000000000000000 ) ;
#431 = EDGE_LOOP ( 'NONE', ( #922, #524, #234, #1376 ) ) ;
#432 = PLANE ( 'NONE',  #474 ) ;
#433 = CARTESIAN_POINT ( 'NONE',  ( 21.39999999999998437, 214.8000000000000114, -44.40000000000008384 ) ) ;
#434 = DIRECTION ( 'NONE',  ( -1.000000000000000000, -0.000000000000000000, 4.625929269271484928E-16 ) ) ;
#435 = ORIENTED_EDGE ( 'NONE', *, *, #730, .T. ) ;
#436 = DIRECTION ( 'NONE',  ( 1.000000000000000000, 0.000000000000000000, -3.491481338843133750E-15 ) ) ;
#437 = LINE ( 'NONE', #1601, #1110 ) ;
#438 = VECTOR ( 'NONE', #407, 1000.000000000000000 ) ;
#439 = EDGE_CURVE ( 'NONE', #304, #93, #713, .T. ) ;
#440 = DIRECTION ( 'NONE',  ( 0.000000000000000000, -1.000000000000000000, 0.000000000000000000 ) ) ;
#441 = EDGE_LOOP ( 'NONE', ( #1296, #1473, #211, #552 ) ) ;
#442 = LINE ( 'NONE', #671, #1188 ) ;
#443 = ORIENTED_EDGE ( 'NONE', *, *, #1155, .F. ) ;
#444 = LINE ( 'NONE', #322, #27 ) ;
#445 = DIRECTION ( 'NONE',  ( -1.000000000000000000, -2.775557561562890957E-15, 3.491481338843133355E-15 ) ) ;
#446 = CARTESIAN_POINT ( 'NONE',  ( -18.29999999999999716, 102.1999999999999886, -43.80000000000015348 ) ) ;
#447 = ADVANCED_FACE ( 'NONE', ( #1234 ), #365, .F. ) ;
#448 = VERTEX_POINT ( 'NONE', #1602 ) ;
#449 = DIRECTION ( 'NONE',  ( 0.000000000000000000, -1.000000000000000000, 0.000000000000000000 ) ) ;
#450 = AXIS2_PLACEMENT_3D ( 'NONE', #1442, #941, #83 ) ;
#451 = ORIENTED_EDGE ( 'NONE', *, *, #1068, .F. ) ;
#452 = ADVANCED_FACE ( 'NONE', ( #119 ), #486, .T. ) ;
#453 = DIRECTION ( 'NONE',  ( 0.000000000000000000, -1.000000000000000000, 0.000000000000000000 ) ) ;
#454 =( LENGTH_UNIT ( ) NAMED_UNIT ( * ) SI_UNIT ( .MILLI., .METRE. ) );
#455 = CARTESIAN_POINT ( 'NONE',  ( 31.50000000000001421, 102.0000000000000142, 0.000000000000000000 ) ) ;
#456 = ADVANCED_FACE ( 'NONE', ( #1582 ), #924, .F. ) ;
#457 = VECTOR ( 'NONE', #1307, 1000.000000000000000 ) ;
#458 = ORIENTED_EDGE ( 'NONE', *, *, #1092, .F. ) ;
#459 = CARTESIAN_POINT ( 'NONE',  ( -18.29999999999999716, 102.0000000000000142, -43.80000000000015348 ) ) ;
#460 = EDGE_CURVE ( 'NONE', #182, #988, #370, .T. ) ;
#461 = VERTEX_POINT ( 'NONE', #541 ) ;
#462 = PLANE ( 'NONE',  #1515 ) ;
#463 = ADVANCED_FACE ( 'NONE', ( #788 ), #1277, .F. ) ;
#464 = CARTESIAN_POINT ( 'NONE',  ( 2.035408878479460074E-14, 102.0000000000000142, -44.00000000000012079 ) ) ;
#465 = EDGE_LOOP ( 'NONE', ( #360, #285, #878, #1002 ) ) ;
#466 = DIRECTION ( 'NONE',  ( -0.000000000000000000, 1.000000000000000000, -0.000000000000000000 ) ) ;
#467 = EDGE_CURVE ( 'NONE', #345, #1567, #502, .T. ) ;
#468 = EDGE_LOOP ( 'NONE', ( #16, #516, #348, #1003 ) ) ;
#469 = DIRECTION ( 'NONE',  ( 1.000000000000000000, 0.000000000000000000, 0.000000000000000000 ) ) ;
#470 = VECTOR ( 'NONE', #851, 1000.000000000000000 ) ;
#471 = DIRECTION ( 'NONE',  ( 1.000000000000000000, 0.000000000000000000, -3.491481338843133355E-15 ) ) ;
#472 = VERTEX_POINT ( 'NONE', #165 ) ;
#473 = ORIENTED_EDGE ( 'NONE', *, *, #500, .F. ) ;
#474 = AXIS2_PLACEMENT_3D ( 'NONE', #927, #305, #1573 ) ;
#475 = ADVANCED_FACE ( 'NONE', ( #1157, #1549, #656, #861 ), #1367, .F. ) ;
#476 = ORIENTED_EDGE ( 'NONE', *, *, #428, .F. ) ;
#477 = CARTESIAN_POINT ( 'NONE',  ( -18.29999999999999716, 110.0000000000000000, -44.80000000000015348 ) ) ;
#478 = CARTESIAN_POINT ( 'NONE',  ( 41.19999999999999574, 110.0000000000000000, -45.80000000000015348 ) ) ;
#479 = VECTOR ( 'NONE', #992, 1000.000000000000000 ) ;
#480 = ORIENTED_EDGE ( 'NONE', *, *, #439, .T. ) ;
#481 = LINE ( 'NONE', #346, #751 ) ;
#482 = AXIS2_PLACEMENT_3D ( 'NONE', #806, #560, #681 ) ;
#483 = ORIENTED_EDGE ( 'NONE', *, *, #573, .T. ) ;
#484 = LINE ( 'NONE', #240, #1607 ) ;
#485 = DIRECTION ( 'NONE',  ( 1.000000000000000000, 0.000000000000000000, 0.000000000000000000 ) ) ;
#486 = PLANE ( 'NONE',  #691 ) ;
#487 = EDGE_CURVE ( 'NONE', #1230, #957, #1358, .T. ) ;
#488 = LINE ( 'NONE', #619, #1402 ) ;
#489 = VECTOR ( 'NONE', #848, 1000.000000000000000 ) ;
#490 = VERTEX_POINT ( 'NONE', #1540 ) ;
#491 = CARTESIAN_POINT ( 'NONE',  ( 42.00000000000000711, 209.8000000000000114, -43.90000000000015490 ) ) ;
#492 = SHAPE_DEFINITION_REPRESENTATION ( #859, #727 ) ;
#493 = DIRECTION ( 'NONE',  ( -0.000000000000000000, 1.000000000000000000, -0.000000000000000000 ) ) ;
#494 = ORIENTED_EDGE ( 'NONE', *, *, #96, .F. ) ;
#495 = ORIENTED_EDGE ( 'NONE', *, *, #866, .T. ) ;
#496 = EDGE_CURVE ( 'NONE', #1453, #237, #419, .T. ) ;
#497 = VECTOR ( 'NONE', #158, 1000.000000000000227 ) ;
#498 = EDGE_CURVE ( 'NONE', #1220, #1031, #1117, .T. ) ;
#499 = DIRECTION ( 'NONE',  ( 1.000000000000000000, 0.000000000000000000, -3.491481338843133355E-15 ) ) ;
#500 = EDGE_CURVE ( 'NONE', #1094, #964, #248, .T. ) ;
#501 = PRESENTATION_STYLE_ASSIGNMENT (( #936 ) ) ;
#502 = LINE ( 'NONE', #2, #974 ) ;
#503 = EDGE_LOOP ( 'NONE', ( #834, #63, #1036, #1612 ) ) ;
#504 = LINE ( 'NONE', #1014, #1099 ) ;
#505 = DIRECTION ( 'NONE',  ( -1.000000000000000000, 0.000000000000000000, 3.491481338843133355E-15 ) ) ;
#506 = CARTESIAN_POINT ( 'NONE',  ( 20.39999999999998792, 214.8000000000000114, -43.60000000000007958 ) ) ;
#507 = VERTEX_POINT ( 'NONE', #1424 ) ;
#508 = VERTEX_POINT ( 'NONE', #127 ) ;
#509 = CARTESIAN_POINT ( 'NONE',  ( 6.700000000000002842, 102.2000000000000028, -44.80000000000015348 ) ) ;
#510 = DIRECTION ( 'NONE',  ( -0.000000000000000000, 1.000000000000000000, -0.000000000000000000 ) ) ;
#511 = ADVANCED_FACE ( 'NONE', ( #1491 ), #408, .F. ) ;
#512 = LINE ( 'NONE', #1006, #1464 ) ;
#513 = ORIENTED_EDGE ( 'NONE', *, *, #863, .T. ) ;
#514 = LINE ( 'NONE', #781, #1314 ) ;
#515 = ORIENTED_EDGE ( 'NONE', *, *, #646, .F. ) ;
#516 = ORIENTED_EDGE ( 'NONE', *, *, #1155, .T. ) ;
#517 = DIRECTION ( 'NONE',  ( 1.387778780781444492E-15, -1.000000000000000000, -4.845403715540889009E-30 ) ) ;
#518 = DIRECTION ( 'NONE',  ( -0.7071067811865475727, -0.7071067811865475727, 0.000000000000000000 ) ) ;
#519 = VECTOR ( 'NONE', #1096, 1000.000000000000114 ) ;
#520 = LINE ( 'NONE', #663, #893 ) ;
#521 = LINE ( 'NONE', #256, #130 ) ;
#522 = DIRECTION ( 'NONE',  ( 0.000000000000000000, -1.000000000000000000, 0.000000000000000000 ) ) ;
#523 = VECTOR ( 'NONE', #59, 1000.000000000000000 ) ;
#524 = ORIENTED_EDGE ( 'NONE', *, *, #1080, .T. ) ;
#525 = DIRECTION ( 'NONE',  ( 1.000000000000000000, 0.000000000000000000, -3.527621411259317494E-15 ) ) ;
#526 = DIRECTION ( 'NONE',  ( 0.7808688094430418225, 0.000000000000000000, 0.6246950475544099657 ) ) ;
#527 = ORIENTED_EDGE ( 'NONE', *, *, #1101, .F. ) ;
#528 = CARTESIAN_POINT ( 'NONE',  ( -19.60000000000002629, 209.8000000000000114, -43.59999999999993747 ) ) ;
#529 = UNCERTAINTY_MEASURE_WITH_UNIT (LENGTH_MEASURE( 1.000000000000000082E-05 ), #1581, 'distance_accuracy_value', 'NONE');
#530 = DIRECTION ( 'NONE',  ( -0.000000000000000000, 0.000000000000000000, 1.000000000000000000 ) ) ;
#531 = CARTESIAN_POINT ( 'NONE',  ( -3.600000000000020073, 209.8000000000000114, -44.39999999999999147 ) ) ;
#532 = ORIENTED_EDGE ( 'NONE', *, *, #888, .F. ) ;
#533 = LINE ( 'NONE', #1030, #391 ) ;
#534 = AXIS2_PLACEMENT_3D ( 'NONE', #1143, #1024, #1199 ) ;
#535 = ORIENTED_EDGE ( 'NONE', *, *, #750, .F. ) ;
#536 = CARTESIAN_POINT ( 'NONE',  ( -27.79999999999998295, 199.8000000000000114, -38.79999999999991189 ) ) ;
#537 = CARTESIAN_POINT ( 'NONE',  ( 16.89999999999999503, 102.0000000000000142, -44.60000000000015774 ) ) ;
#538 = EDGE_LOOP ( 'NONE', ( #554, #890, #594, #267 ) ) ;
#539 = DIRECTION ( 'NONE',  ( 0.000000000000000000, -1.000000000000000000, 0.000000000000000000 ) ) ;
#540 = CARTESIAN_POINT ( 'NONE',  ( -22.60000000000000142, 214.8000000000000114, -43.59999999999993037 ) ) ;
#541 = CARTESIAN_POINT ( 'NONE',  ( -33.10000000000001563, 102.0000000000000142, -44.60000000000017195 ) ) ;
#542 = VERTEX_POINT ( 'NONE', #376 ) ;
#543 = FACE_OUTER_BOUND ( 'NONE', #734, .T. ) ;
#544 = AXIS2_PLACEMENT_3D ( 'NONE', #1347, #1106, #1605 ) ;
#545 = LINE ( 'NONE', #222, #457 ) ;
#546 = CARTESIAN_POINT ( 'NONE',  ( 16.70000000000000284, 110.0000000000000000, -43.80000000000014637 ) ) ;
#547 = ORIENTED_EDGE ( 'NONE', *, *, #214, .F. ) ;
#548 = DIRECTION ( 'NONE',  ( 1.387778780781444492E-15, -1.000000000000000000, -4.845403715540889009E-30 ) ) ;
#549 = VECTOR ( 'NONE', #1292, 1000.000000000000000 ) ;
#550 = FACE_OUTER_BOUND ( 'NONE', #1279, .T. ) ;
#551 = CARTESIAN_POINT ( 'NONE',  ( 6.500000000000010658, 102.0000000000000142, -43.80000000000015348 ) ) ;
#552 = ORIENTED_EDGE ( 'NONE', *, *, #42, .F. ) ;
#553 = VECTOR ( 'NONE', #298, 1000.000000000000000 ) ;
#554 = ORIENTED_EDGE ( 'NONE', *, *, #144, .F. ) ;
#555 = LINE ( 'NONE', #918, #111 ) ;
#556 = EDGE_CURVE ( 'NONE', #409, #1567, #303, .T. ) ;
#557 = CARTESIAN_POINT ( 'NONE',  ( -43.60000000000000853, 110.0000000000000000, -44.69999999999985363 ) ) ;
#558 = PLANE ( 'NONE',  #1224 ) ;
#559 = ORIENTED_EDGE ( 'NONE', *, *, #333, .F. ) ;
#560 = DIRECTION ( 'NONE',  ( -0.6246950475544263970, 0.000000000000000000, -0.7808688094430286109 ) ) ;
#561 = DIRECTION ( 'NONE',  ( 0.000000000000000000, -1.000000000000000000, 0.000000000000000000 ) ) ;
#562 = VECTOR ( 'NONE', #1167, 1000.000000000000000 ) ;
#563 = EDGE_LOOP ( 'NONE', ( #1256, #515, #354, #1525 ) ) ;
#564 = CARTESIAN_POINT ( 'NONE',  ( -3.600000000000020073, 214.8000000000000114, -44.39999999999999147 ) ) ;
#565 = SURFACE_STYLE_FILL_AREA ( #188 ) ;
#566 = CARTESIAN_POINT ( 'NONE',  ( -8.299999999999997158, 110.0000000000000000, -44.80000000000015348 ) ) ;
#567 = ORIENTED_EDGE ( 'NONE', *, *, #496, .T. ) ;
#568 = FACE_OUTER_BOUND ( 'NONE', #75, .T. ) ;
#569 = UNCERTAINTY_MEASURE_WITH_UNIT (LENGTH_MEASURE( 1.000000000000000082E-05 ), #975, 'distance_accuracy_value', 'NONE');
#570 = VERTEX_POINT ( 'NONE', #807 ) ;
#571 = DIRECTION ( 'NONE',  ( 0.5773502691896257311, 0.5773502691896257311, -0.5773502691896257311 ) ) ;
#572 = VECTOR ( 'NONE', #860, 1000.000000000000000 ) ;
#573 = EDGE_CURVE ( 'NONE', #846, #728, #1248, .T. ) ;
#574 = DIRECTION ( 'NONE',  ( 0.000000000000000000, -1.000000000000000000, 0.000000000000000000 ) ) ;
#575 = DIRECTION ( 'NONE',  ( 0.7808688094430256132, 0.000000000000000000, -0.6246950475544300607 ) ) ;
#576 = PRODUCT_DEFINITION_FORMATION_WITH_SPECIFIED_SOURCE ( 'ANY', '', #1035, .NOT_KNOWN. ) ;
#577 = EDGE_LOOP ( 'NONE', ( #813, #340, #1158, #760 ) ) ;
#578 = LINE ( 'NONE', #690, #74 ) ;
#579 = EDGE_CURVE ( 'NONE', #157, #800, #184, .T. ) ;
#580 = LINE ( 'NONE', #196, #241 ) ;
#581 = DIRECTION ( 'NONE',  ( 1.000000000000000000, 0.000000000000000000, -3.491481338843133355E-15 ) ) ;
#582 = DIRECTION ( 'NONE',  ( 0.000000000000000000, -0.000000000000000000, -1.000000000000000000 ) ) ;
#583 = ORIENTED_EDGE ( 'NONE', *, *, #1195, .F. ) ;
#584 = CARTESIAN_POINT ( 'NONE',  ( -8.100000000000004974, 102.0000000000000142, -44.00000000000014211 ) ) ;
#585 = EDGE_CURVE ( 'NONE', #1211, #1163, #1027, .T. ) ;
#586 = EDGE_LOOP ( 'NONE', ( #172, #1263, #232, #1585 ) ) ;
#587 = CARTESIAN_POINT ( 'NONE',  ( -18.29999999999999716, 110.0000000000000000, -43.80000000000015348 ) ) ;
#588 = DIRECTION ( 'NONE',  ( -1.000000000000000000, -0.000000000000000000, 3.664953686440814065E-15 ) ) ;
#589 = EDGE_CURVE ( 'NONE', #191, #938, #284, .T. ) ;
#590 = STYLED_ITEM ( 'NONE', ( #1074 ), #1563 ) ;
#591 = ORIENTED_EDGE ( 'NONE', *, *, #1421, .F. ) ;
#592 = DIRECTION ( 'NONE',  ( 0.5773502691896242878, -0.5773502691896243988, -0.5773502691896285066 ) ) ;
#593 = ADVANCED_FACE ( 'NONE', ( #1415 ), #294, .T. ) ;
#594 = ORIENTED_EDGE ( 'NONE', *, *, #672, .F. ) ;
#595 = CARTESIAN_POINT ( 'NONE',  ( -8.299999999999997158, 102.2000000000000028, -44.80000000000015348 ) ) ;
#596 = SURFACE_SIDE_STYLE ('',( #1315 ) ) ;
#597 = CARTESIAN_POINT ( 'NONE',  ( -3.600000000000020073, 214.8000000000000114, -44.39999999999999147 ) ) ;
#598 = ORIENTED_EDGE ( 'NONE', *, *, #810, .T. ) ;
#599 = VERTEX_POINT ( 'NONE', #683 ) ;
#600 = EDGE_CURVE ( 'NONE', #1012, #490, #66, .T. ) ;
#601 = ORIENTED_EDGE ( 'NONE', *, *, #34, .T. ) ;
#602 = DIRECTION ( 'NONE',  ( -0.000000000000000000, -0.7071067811865475727, -0.7071067811865475727 ) ) ;
#603 = VECTOR ( 'NONE', #105, 1000.000000000000000 ) ;
#604 = FACE_OUTER_BOUND ( 'NONE', #1081, .T. ) ;
#605 = EDGE_LOOP ( 'NONE', ( #103, #336, #1326, #1098 ) ) ;
#606 = CARTESIAN_POINT ( 'NONE',  ( -19.60000000000002629, 209.8000000000000114, -43.59999999999993747 ) ) ;
#607 = VECTOR ( 'NONE', #685, 1000.000000000000000 ) ;
#608 = ORIENTED_EDGE ( 'NONE', *, *, #5, .T. ) ;
#609 = DIRECTION ( 'NONE',  ( -3.491481338843133355E-15, 0.000000000000000000, -1.000000000000000000 ) ) ;
#610 = ADVANCED_FACE ( 'NONE', ( #767 ), #271, .F. ) ;
#611 = LINE ( 'NONE', #1089, #519 ) ;
#612 = CARTESIAN_POINT ( 'NONE',  ( 42.00000000000000000, 209.8000000000000114, -44.70000000000015916 ) ) ;
#613 = VECTOR ( 'NONE', #833, 1000.000000000000114 ) ;
#614 = ORIENTED_EDGE ( 'NONE', *, *, #716, .T. ) ;
#615 = PLANE ( 'NONE',  #1065 ) ;
#616 = EDGE_CURVE ( 'NONE', #1078, #648, #261, .T. ) ;
#617 = DIRECTION ( 'NONE',  ( 0.000000000000000000, 0.000000000000000000, -1.000000000000000000 ) ) ;
#618 = EDGE_CURVE ( 'NONE', #1386, #1222, #1258, .T. ) ;
#619 = CARTESIAN_POINT ( 'NONE',  ( -8.299999999999997158, 102.0000000000000142, -44.80000000000015348 ) ) ;
#620 = ADVANCED_FACE ( 'NONE', ( #282 ), #899, .F. ) ;
#621 = PRESENTATION_LAYER_ASSIGNMENT (  '', '', ( #1025 ) ) ;
#622 = EDGE_CURVE ( 'NONE', #1078, #1386, #1037, .T. ) ;
#623 = VECTOR ( 'NONE', #380, 1000.000000000000000 ) ;
#624 = CARTESIAN_POINT ( 'NONE',  ( -19.60000000000002629, 214.8000000000000114, -43.59999999999993747 ) ) ;
#625 = DIRECTION ( 'NONE',  ( -0.7830295650611478475, 0.000000000000000000, -0.6219844855301051023 ) ) ;
#626 = ADVANCED_FACE ( 'NONE', ( #644, #19 ), #1413, .F. ) ;
#627 = VERTEX_POINT ( 'NONE', #1000 ) ;
#628 = DIRECTION ( 'NONE',  ( 0.7830295650611478475, 0.000000000000000000, 0.6219844855301051023 ) ) ;
#629 = AXIS2_PLACEMENT_3D ( 'NONE', #1121, #7, #418 ) ;
#630 = LINE ( 'NONE', #152, #1029 ) ;
#631 = LINE ( 'NONE', #20, #1544 ) ;
#632 = EDGE_CURVE ( 'NONE', #448, #717, #912, .T. ) ;
#633 = VERTEX_POINT ( 'NONE', #797 ) ;
#634 = CARTESIAN_POINT ( 'NONE',  ( -33.29999999999999716, 102.1999999999999886, -44.80000000000015348 ) ) ;
#635 = ADVANCED_FACE ( 'NONE', ( #654 ), #786, .F. ) ;
#636 = AXIS2_PLACEMENT_3D ( 'NONE', #29, #637, #505 ) ;
#637 = DIRECTION ( 'NONE',  ( -3.491481338843133355E-15, 0.000000000000000000, -1.000000000000000000 ) ) ;
#638 = LINE ( 'NONE', #164, #966 ) ;
#639 = ORIENTED_EDGE ( 'NONE', *, *, #160, .F. ) ;
#640 = LINE ( 'NONE', #23, #1439 ) ;
#641 = ORIENTED_EDGE ( 'NONE', *, *, #306, .T. ) ;
#642 = LINE ( 'NONE', #1545, #757 ) ;
#643 = CARTESIAN_POINT ( 'NONE',  ( -33.10000000000001563, 102.0000000000000142, 0.000000000000000000 ) ) ;
#644 = FACE_OUTER_BOUND ( 'NONE', #1597, .T. ) ;
#645 = VECTOR ( 'NONE', #747, 1000.000000000000000 ) ;
#646 = EDGE_CURVE ( 'NONE', #1377, #1220, #520, .T. ) ;
#647 = CARTESIAN_POINT ( 'NONE',  ( 31.70000000000000639, 102.2000000000000028, -43.80000000000015348 ) ) ;
#648 = VERTEX_POINT ( 'NONE', #1286 ) ;
#649 = CARTESIAN_POINT ( 'NONE',  ( 21.39999999999998437, 209.8000000000000114, -44.40000000000008384 ) ) ;
#650 = VERTEX_POINT ( 'NONE', #1153 ) ;
#651 = DIRECTION ( 'NONE',  ( 1.000000000000000000, 0.000000000000000000, -4.625929269271484928E-16 ) ) ;
#652 = CARTESIAN_POINT ( 'NONE',  ( -22.60000000000000142, 209.8000000000000114, -43.59999999999993037 ) ) ;
#653 = ORIENTED_EDGE ( 'NONE', *, *, #339, .F. ) ;
#654 = FACE_OUTER_BOUND ( 'NONE', #933, .T. ) ;
#655 = PLANE ( 'NONE',  #1343 ) ;
#656 = FACE_BOUND ( 'NONE', #1278, .T. ) ;
#657 = EDGE_CURVE ( 'NONE', #1492, #1193, #11, .T. ) ;
#658 = LINE ( 'NONE', #390, #523 ) ;
#659 = ORIENTED_EDGE ( 'NONE', *, *, #589, .T. ) ;
#660 = LINE ( 'NONE', #141, #344 ) ;
#661 = DIRECTION ( 'NONE',  ( -1.000000000000000000, -0.000000000000000000, 3.664953686440814065E-15 ) ) ;
#662 = ORIENTED_EDGE ( 'NONE', *, *, #573, .F. ) ;
#663 = CARTESIAN_POINT ( 'NONE',  ( 31.70000000000000639, 102.2000000000000028, -44.80000000000015348 ) ) ;
#664 = PLANE ( 'NONE',  #207 ) ;
#665 = DIRECTION ( 'NONE',  ( 0.7808688094430346061, 0.000000000000000000, 0.6246950475544188475 ) ) ;
#666 = ORIENTED_EDGE ( 'NONE', *, *, #935, .F. ) ;
#667 = DIRECTION ( 'NONE',  ( -1.000000000000000000, 0.000000000000000000, 4.625929269271484928E-16 ) ) ;
#668 = DIRECTION ( 'NONE',  ( 0.000000000000000000, 1.000000000000000000, 0.000000000000000000 ) ) ;
#669 = DIRECTION ( 'NONE',  ( -0.000000000000000000, 0.000000000000000000, 1.000000000000000000 ) ) ;
#670 = ORIENTED_EDGE ( 'NONE', *, *, #869, .F. ) ;
#671 = CARTESIAN_POINT ( 'NONE',  ( 6.700000000000002842, 102.0000000000000142, -44.60000000000015774 ) ) ;
#672 = EDGE_CURVE ( 'NONE', #782, #409, #630, .T. ) ;
#673 = PLANE ( 'NONE',  #991 ) ;
#674 = CARTESIAN_POINT ( 'NONE',  ( 0.000000000000000000, 110.0000000000000000, 0.000000000000000000 ) ) ;
#675 = MECHANICAL_DESIGN_GEOMETRIC_PRESENTATION_REPRESENTATION (  '', ( #1025 ), #1431 ) ;
#676 = ORIENTED_EDGE ( 'NONE', *, *, #124, .F. ) ;
#677 = LINE ( 'NONE', #147, #1527 ) ;
#678 = DIRECTION ( 'NONE',  ( -0.6246950475544301717, 0.000000000000000000, -0.7808688094430257243 ) ) ;
#679 = LINE ( 'NONE', #1197, #549 ) ;
#680 = EDGE_LOOP ( 'NONE', ( #1463, #80, #1412, #367 ) ) ;
#681 = DIRECTION ( 'NONE',  ( -0.7808688094430286109, 0.000000000000000000, 0.6246950475544263970 ) ) ;
#682 = VECTOR ( 'NONE', #1283, 1000.000000000000000 ) ;
#683 = CARTESIAN_POINT ( 'NONE',  ( -27.79999999999998295, 199.8000000000000114, -38.79999999999991189 ) ) ;
#684 = EDGE_LOOP ( 'NONE', ( #1023, #402, #1471, #853 ) ) ;
#685 = DIRECTION ( 'NONE',  ( 1.000000000000000000, -2.775557561562895295E-15, -3.491481338843133750E-15 ) ) ;
#686 = VECTOR ( 'NONE', #1261, 1000.000000000000227 ) ;
#687 = FACE_OUTER_BOUND ( 'NONE', #986, .T. ) ;
#688 = AXIS2_PLACEMENT_3D ( 'NONE', #643, #518, #1436 ) ;
#689 = ORIENTED_EDGE ( 'NONE', *, *, #763, .T. ) ;
#690 = CARTESIAN_POINT ( 'NONE',  ( -23.60000000000001563, 214.8000000000000114, -44.39433078044950776 ) ) ;
#691 = AXIS2_PLACEMENT_3D ( 'NONE', #455, #952, #1084 ) ;
#692 = EDGE_LOOP ( 'NONE', ( #969, #107, #473, #724 ) ) ;
#693 = LINE ( 'NONE', #1212, #1594 ) ;
#694 = APPLICATION_PROTOCOL_DEFINITION ( 'draft international standard', 'automotive_design', 1998, #1556 ) ;
#695 = CARTESIAN_POINT ( 'NONE',  ( 31.70000000000000639, 110.0000000000000000, -43.80000000000015348 ) ) ;
#696 = ADVANCED_FACE ( 'NONE', ( #1120 ), #1517, .F. ) ;
#697 = AXIS2_PLACEMENT_3D ( 'NONE', #1175, #699, #954 ) ;
#698 = ORIENTED_EDGE ( 'NONE', *, *, #1510, .T. ) ;
#699 = DIRECTION ( 'NONE',  ( -3.527621411259317099E-15, 0.000000000000000000, -1.000000000000000000 ) ) ;
#700 = ORIENTED_EDGE ( 'NONE', *, *, #1489, .T. ) ;
#701 = CARTESIAN_POINT ( 'NONE',  ( -18.49999999999997513, 102.0000000000000142, -44.60000000000017195 ) ) ;
#702 = VECTOR ( 'NONE', #453, 1000.000000000000000 ) ;
#703 = CARTESIAN_POINT ( 'NONE',  ( 6.700000000000002842, 110.0000000000000000, -43.80000000000015348 ) ) ;
#704 = DIRECTION ( 'NONE',  ( -0.000000000000000000, 1.000000000000000000, -0.000000000000000000 ) ) ;
#705 = VECTOR ( 'NONE', #218, 1000.000000000000000 ) ;
#706 = VERTEX_POINT ( 'NONE', #1371 ) ;
#707 = DIRECTION ( 'NONE',  ( -1.000000000000000000, 0.000000000000000000, 4.625929269271484928E-16 ) ) ;
#708 = EDGE_CURVE ( 'NONE', #1230, #122, #758, .T. ) ;
#709 = EDGE_LOOP ( 'NONE', ( #841, #1174, #1274, #662 ) ) ;
#710 = CARTESIAN_POINT ( 'NONE',  ( -22.76666666666671901, 116.6666666666667282, -29.33333333333342807 ) ) ;
#711 = AXIS2_PLACEMENT_3D ( 'NONE', #403, #1013, #1032 ) ;
#712 = DIRECTION ( 'NONE',  ( 0.000000000000000000, -1.000000000000000000, 0.000000000000000000 ) ) ;
#713 = LINE ( 'NONE', #1351, #470 ) ;
#714 = ORIENTED_EDGE ( 'NONE', *, *, #202, .F. ) ;
#715 = LINE ( 'NONE', #94, #210 ) ;
#716 = EDGE_CURVE ( 'NONE', #862, #633, #1506, .T. ) ;
#717 = VERTEX_POINT ( 'NONE', #528 ) ;
#718 = DIRECTION ( 'NONE',  ( 0.000000000000000000, 1.000000000000000000, 0.000000000000000000 ) ) ;
#719 = CARTESIAN_POINT ( 'NONE',  ( -42.80000000000001137, 209.8000000000000114, -45.79999999999985505 ) ) ;
#720 = LINE ( 'NONE', #92, #1461 ) ;
#721 = ADVANCED_FACE ( 'NONE', ( #388 ), #775, .T. ) ;
#722 = ORIENTED_EDGE ( 'NONE', *, *, #295, .T. ) ;
#723 = ORIENTED_EDGE ( 'NONE', *, *, #214, .T. ) ;
#724 = ORIENTED_EDGE ( 'NONE', *, *, #1019, .F. ) ;
#725 = CARTESIAN_POINT ( 'NONE',  ( -2.599999999999984102, 214.8000000000000114, -43.60000000000000142 ) ) ;
#726 = CARTESIAN_POINT ( 'NONE',  ( -33.29999999999999716, 102.0000000000000142, -43.80000000000016058 ) ) ;
#727 = ADVANCED_BREP_SHAPE_REPRESENTATION ( 'Dhakkan 1', ( #1563, #778 ), #95 ) ;
#728 = VERTEX_POINT ( 'NONE', #1047 ) ;
#729 = ORIENTED_EDGE ( 'NONE', *, *, #1447, .T. ) ;
#730 = EDGE_CURVE ( 'NONE', #508, #28, #1191, .T. ) ;
#731 = VERTEX_POINT ( 'NONE', #1183 ) ;
#732 = LINE ( 'NONE', #246, #645 ) ;
#733 = DIRECTION ( 'NONE',  ( 3.491481338843133355E-15, 0.000000000000000000, 1.000000000000000000 ) ) ;
#734 = EDGE_LOOP ( 'NONE', ( #1253, #698, #1142, #1368 ) ) ;
#735 = ORIENTED_EDGE ( 'NONE', *, *, #496, .F. ) ;
#736 = AXIS2_PLACEMENT_3D ( 'NONE', #1520, #275, #264 ) ;
#737 = EDGE_CURVE ( 'NONE', #948, #964, #1438, .T. ) ;
#738 = ORIENTED_EDGE ( 'NONE', *, *, #632, .F. ) ;
#739 = DIRECTION ( 'NONE',  ( -0.000000000000000000, 1.000000000000000000, -0.000000000000000000 ) ) ;
#740 = LINE ( 'NONE', #112, #387 ) ;
#741 = ORIENTED_EDGE ( 'NONE', *, *, #888, .T. ) ;
#742 = ORIENTED_EDGE ( 'NONE', *, *, #1101, .T. ) ;
#743 = ADVANCED_FACE ( 'NONE', ( #302 ), #1577, .T. ) ;
#744 = VECTOR ( 'NONE', #651, 1000.000000000000000 ) ;
#745 = VECTOR ( 'NONE', #814, 999.9999999999998863 ) ;
#746 = EDGE_CURVE ( 'NONE', #121, #461, #183, .T. ) ;
#747 = DIRECTION ( 'NONE',  ( 1.000000000000000000, 0.000000000000000000, 0.000000000000000000 ) ) ;
#748 = CARTESIAN_POINT ( 'NONE',  ( -17.79999999999999716, 199.8000000000000398, -42.79999999999994031 ) ) ;
#749 = DIRECTION ( 'NONE',  ( -0.5881716976750446246, 0.000000000000000000, 0.8087360843031896618 ) ) ;
#750 = EDGE_CURVE ( 'NONE', #633, #627, #578, .T. ) ;
#751 = VECTOR ( 'NONE', #1335, 999.9999999999998863 ) ;
#752 = CARTESIAN_POINT ( 'NONE',  ( -43.60000000000000853, 110.0000000000000000, -43.89999999999985647 ) ) ;
#753 = EDGE_CURVE ( 'NONE', #1462, #291, #72, .T. ) ;
#754 = DIRECTION ( 'NONE',  ( -1.000000000000000000, -0.000000000000000000, 3.621585599541393887E-15 ) ) ;
#755 = AXIS2_PLACEMENT_3D ( 'NONE', #976, #733, #471 ) ;
#756 = DIRECTION ( 'NONE',  ( -0.6219844855301110975, 0.000000000000000000, -0.7830295650611431846 ) ) ;
#757 = VECTOR ( 'NONE', #803, 1000.000000000000114 ) ;
#758 = LINE ( 'NONE', #406, #1107 ) ;
#759 = DIRECTION ( 'NONE',  ( 0.000000000000000000, 1.000000000000000000, 0.000000000000000000 ) ) ;
#760 = ORIENTED_EDGE ( 'NONE', *, *, #1240, .F. ) ;
#761 = LINE ( 'NONE', #139, #1228 ) ;
#762 = EDGE_LOOP ( 'NONE', ( #371, #1396, #1203, #102 ) ) ;
#763 = EDGE_CURVE ( 'NONE', #304, #507, #1430, .T. ) ;
#764 = ORIENTED_EDGE ( 'NONE', *, *, #657, .T. ) ;
#765 = DIRECTION ( 'NONE',  ( 0.5881716976750532844, 0.000000000000000000, 0.8087360843031833335 ) ) ;
#766 = VECTOR ( 'NONE', #31, 1000.000000000000000 ) ;
#767 = FACE_OUTER_BOUND ( 'NONE', #57, .T. ) ;
#768 = DIRECTION ( 'NONE',  ( 0.000000000000000000, 0.000000000000000000, -1.000000000000000000 ) ) ;
#769 = VECTOR ( 'NONE', #1571, 1000.000000000000000 ) ;
#770 = DIRECTION ( 'NONE',  ( 0.5773502691896241767, 0.5773502691896241767, 0.5773502691896289507 ) ) ;
#771 = EDGE_LOOP ( 'NONE', ( #742, #1512, #458, #735 ) ) ;
#772 = CARTESIAN_POINT ( 'NONE',  ( 16.70000000000000284, 102.2000000000000028, -43.80000000000014637 ) ) ;
#773 = CARTESIAN_POINT ( 'NONE',  ( -27.79999999999998295, 199.8000000000000114, -38.79999999999991189 ) ) ;
#774 = ORIENTED_EDGE ( 'NONE', *, *, #946, .T. ) ;
#775 = PLANE ( 'NONE',  #534 ) ;
#776 = VECTOR ( 'NONE', #499, 1000.000000000000000 ) ;
#777 = ADVANCED_FACE ( 'NONE', ( #327 ), #65, .F. ) ;
#778 = AXIS2_PLACEMENT_3D ( 'NONE', #1475, #849, #485 ) ;
#779 = DIRECTION ( 'NONE',  ( 3.664953686440814065E-15, 0.000000000000000000, 1.000000000000000000 ) ) ;
#780 = CLOSED_SHELL ( 'NONE', ( #475, #1538, #511, #626, #875, #1502, #378, #12, #610, #84, #456, #1355, #1328, #696, #908, #447, #1477, #410, #463, #1348, #129, #635, #133, #1041, #791, #840, #33, #1311, #1404, #990, #73, #1490, #795, #1387, #212, #1033, #155, #777, #276, #1058, #907, #1332, #620, #921, #593, #64, #452, #317, #272, #1210, #743, #721, #925, #1076, #1244, #166, #329 ) ) ;
#781 = CARTESIAN_POINT ( 'NONE',  ( 31.50000000000001421, 102.0000000000000142, -43.80000000000015348 ) ) ;
#782 = VERTEX_POINT ( 'NONE', #1566 ) ;
#783 = LINE ( 'NONE', #1139, #325 ) ;
#784 = CARTESIAN_POINT ( 'NONE',  ( -33.29999999999999716, 102.0000000000000142, -43.80000000000016058 ) ) ;
#785 = ORIENTED_EDGE ( 'NONE', *, *, #1340, .F. ) ;
#786 = PLANE ( 'NONE',  #826 ) ;
#787 = FACE_OUTER_BOUND ( 'NONE', #1416, .T. ) ;
#788 = FACE_OUTER_BOUND ( 'NONE', #320, .T. ) ;
#789 = EDGE_CURVE ( 'NONE', #650, #1230, #442, .T. ) ;
#790 = ORIENTED_EDGE ( 'NONE', *, *, #359, .F. ) ;
#791 = ADVANCED_FACE ( 'NONE', ( #568 ), #1303, .F. ) ;
#792 = DIRECTION ( 'NONE',  ( -0.7808688094430346061, 0.000000000000000000, -0.6246950475544188475 ) ) ;
#793 = CARTESIAN_POINT ( 'NONE',  ( 0.3999999999999906408, 209.8000000000000114, -43.60000000000000853 ) ) ;
#794 = CARTESIAN_POINT ( 'NONE',  ( 20.39999999999998792, 214.8000000000000114, -43.60000000000007958 ) ) ;
#795 = ADVANCED_FACE ( 'NONE', ( #89 ), #1445, .F. ) ;
#796 = VERTEX_POINT ( 'NONE', #53 ) ;
#797 = CARTESIAN_POINT ( 'NONE',  ( -23.60000000000001563, 214.8000000000000114, -44.39433078044950776 ) ) ;
#798 = DIRECTION ( 'NONE',  ( 0.7071067811865475727, -0.7071067811865475727, 0.000000000000000000 ) ) ;
#799 = DIRECTION ( 'NONE',  ( 1.387778780781444689E-15, -1.000000000000000000, -4.845403715540889709E-30 ) ) ;
#800 = VERTEX_POINT ( 'NONE', #1056 ) ;
#801 = ORIENTED_EDGE ( 'NONE', *, *, #1200, .F. ) ;
#802 = DIRECTION ( 'NONE',  ( 1.000000000000000000, 0.000000000000000000, 0.000000000000000000 ) ) ;
#803 = DIRECTION ( 'NONE',  ( 0.5881716976750446246, 0.000000000000000000, -0.8087360843031896618 ) ) ;
#804 = CARTESIAN_POINT ( 'NONE',  ( -8.299999999999997158, 102.0000000000000142, -43.80000000000015348 ) ) ;
#805 = ORIENTED_EDGE ( 'NONE', *, *, #5, .F. ) ;
#806 = CARTESIAN_POINT ( 'NONE',  ( 1.399999999999984590, 214.8000000000000114, -44.40000000000000568 ) ) ;
#807 = CARTESIAN_POINT ( 'NONE',  ( -18.60000000000001918, 209.8000000000000114, -44.39433078044952907 ) ) ;
#808 = ORIENTED_EDGE ( 'NONE', *, *, #1524, .F. ) ;
#809 = CARTESIAN_POINT ( 'NONE',  ( 16.70000000000000284, 102.2000000000000028, -44.80000000000015348 ) ) ;
#810 = EDGE_CURVE ( 'NONE', #116, #1020, #939, .T. ) ;
#811 = LINE ( 'NONE', #1043, #553 ) ;
#812 = LINE ( 'NONE', #1301, #185 ) ;
#813 = ORIENTED_EDGE ( 'NONE', *, *, #350, .F. ) ;
#814 = DIRECTION ( 'NONE',  ( 0.5773502691896257311, -0.5773502691896257311, 0.5773502691896257311 ) ) ;
#815 = VECTOR ( 'NONE', #189, 1000.000000000000000 ) ;
#816 = ORIENTED_EDGE ( 'NONE', *, *, #174, .F. ) ;
#817 = DIRECTION ( 'NONE',  ( -1.000000000000000000, -0.000000000000000000, 3.621585599541393887E-15 ) ) ;
#818 = AXIS2_PLACEMENT_3D ( 'NONE', #1018, #802, #1148 ) ;
#819 = SURFACE_STYLE_USAGE ( .BOTH. , #596 ) ;
#820 = LINE ( 'NONE', #315, #815 ) ;
#821 = EDGE_LOOP ( 'NONE', ( #676, #639, #1559, #805 ) ) ;
#822 = FACE_OUTER_BOUND ( 'NONE', #1521, .T. ) ;
#823 = FACE_OUTER_BOUND ( 'NONE', #503, .T. ) ;
#824 = LINE ( 'NONE', #1061, #1360 ) ;
#825 = LINE ( 'NONE', #804, #877 ) ;
#826 = AXIS2_PLACEMENT_3D ( 'NONE', #1403, #1127, #1537 ) ;
#827 = VERTEX_POINT ( 'NONE', #584 ) ;
#828 = DIRECTION ( 'NONE',  ( -1.000000000000000000, 0.000000000000000000, -0.000000000000000000 ) ) ;
#829 = ORIENTED_EDGE ( 'NONE', *, *, #161, .T. ) ;
#830 = PLANE ( 'NONE',  #450 ) ;
#831 = PLANE ( 'NONE',  #1372 ) ;
#832 = ORIENTED_EDGE ( 'NONE', *, *, #1486, .F. ) ;
#833 = DIRECTION ( 'NONE',  ( 0.5773502691896249539, -0.5773502691896248429, -0.5773502691896273964 ) ) ;
#834 = ORIENTED_EDGE ( 'NONE', *, *, #1242, .T. ) ;
#835 = CARTESIAN_POINT ( 'NONE',  ( -8.299999999999997158, 102.0000000000000142, -43.80000000000015348 ) ) ;
#836 = AXIS2_PLACEMENT_3D ( 'NONE', #915, #779, #882 ) ;
#837 = CARTESIAN_POINT ( 'NONE',  ( 16.70000000000000284, 110.0000000000000000, -44.80000000000015348 ) ) ;
#838 = ORIENTED_EDGE ( 'NONE', *, *, #202, .T. ) ;
#839 = ORIENTED_EDGE ( 'NONE', *, *, #1242, .F. ) ;
#840 = ADVANCED_FACE ( 'NONE', ( #822 ), #173, .F. ) ;
#841 = ORIENTED_EDGE ( 'NONE', *, *, #1077, .T. ) ;
#842 = LINE ( 'NONE', #110, #233 ) ;
#843 = VECTOR ( 'NONE', #1295, 1000.000000000000000 ) ;
#844 = FACE_OUTER_BOUND ( 'NONE', #24, .T. ) ;
#845 = ORIENTED_EDGE ( 'NONE', *, *, #1200, .T. ) ;
#846 = VERTEX_POINT ( 'NONE', #1310 ) ;
#847 = EDGE_LOOP ( 'NONE', ( #225, #1318, #426, #372 ) ) ;
#848 = DIRECTION ( 'NONE',  ( -0.5881716976750502868, 0.000000000000000000, -0.8087360843031855540 ) ) ;
#849 = DIRECTION ( 'NONE',  ( 0.000000000000000000, 0.000000000000000000, 1.000000000000000000 ) ) ;
#850 = VECTOR ( 'NONE', #1298, 999.9999999999998863 ) ;
#851 = DIRECTION ( 'NONE',  ( 0.000000000000000000, -1.000000000000000000, 0.000000000000000000 ) ) ;
#852 = CARTESIAN_POINT ( 'NONE',  ( -33.29999999999999716, 102.0000000000000142, -44.80000000000015348 ) ) ;
#853 = ORIENTED_EDGE ( 'NONE', *, *, #855, .F. ) ;
#854 = DIRECTION ( 'NONE',  ( -0.5881716976750502868, 0.000000000000000000, -0.8087360843031855540 ) ) ;
#855 = EDGE_CURVE ( 'NONE', #405, #291, #1319, .T. ) ;
#856 = CARTESIAN_POINT ( 'NONE',  ( -43.60000000000000853, 209.8000000000000114, -44.69999999999985363 ) ) ;
#857 = EDGE_LOOP ( 'NONE', ( #1388, #1138, #385, #108 ) ) ;
#858 = FACE_OUTER_BOUND ( 'NONE', #1270, .T. ) ;
#859 = PRODUCT_DEFINITION_SHAPE ( 'NONE', 'NONE',  #1591 ) ;
#860 = DIRECTION ( 'NONE',  ( 1.000000000000000000, 0.000000000000000000, -3.491481338843133750E-15 ) ) ;
#861 = FACE_BOUND ( 'NONE', #167, .T. ) ;
#862 = VERTEX_POINT ( 'NONE', #1079 ) ;
#863 = EDGE_CURVE ( 'NONE', #140, #1100, #1454, .T. ) ;
#864 = ORIENTED_EDGE ( 'NONE', *, *, #230, .T. ) ;
#865 = PLANE ( 'NONE',  #1610 ) ;
#866 = EDGE_CURVE ( 'NONE', #472, #405, #514, .T. ) ;
#867 = LINE ( 'NONE', #364, #1192 ) ;
#868 = CARTESIAN_POINT ( 'NONE',  ( -43.60000000000000853, 209.8000000000000114, -43.89999999999985647 ) ) ;
#869 = EDGE_CURVE ( 'NONE', #1470, #409, #677, .T. ) ;
#870 = ORIENTED_EDGE ( 'NONE', *, *, #1361, .T. ) ;
#871 = DIRECTION ( 'NONE',  ( -0.8087360843031896618, 0.000000000000000000, -0.5881716976750446246 ) ) ;
#872 = DIRECTION ( 'NONE',  ( 3.491481338843133355E-15, -0.000000000000000000, 1.000000000000000000 ) ) ;
#873 = DIRECTION ( 'NONE',  ( 2.775557561562890957E-15, -1.000000000000000000, -9.690807431081785024E-30 ) ) ;
#874 = ORIENTED_EDGE ( 'NONE', *, *, #1092, .T. ) ;
#875 = ADVANCED_FACE ( 'NONE', ( #906, #1269, #411, #876 ), #894, .F. ) ;
#876 = FACE_BOUND ( 'NONE', #538, .T. ) ;
#877 = VECTOR ( 'NONE', #704, 1000.000000000000000 ) ;
#878 = ORIENTED_EDGE ( 'NONE', *, *, #1606, .F. ) ;
#879 = PLANE ( 'NONE',  #338 ) ;
#880 = CARTESIAN_POINT ( 'NONE',  ( -18.49999999999997513, 102.0000000000000142, -43.80000000000015348 ) ) ;
#881 = VECTOR ( 'NONE', #400, 1000.000000000000000 ) ;
#882 = DIRECTION ( 'NONE',  ( 1.000000000000000000, 0.000000000000000000, -3.664953686440814065E-15 ) ) ;
#883 = VECTOR ( 'NONE', #661, 1000.000000000000000 ) ;
#884 = DIRECTION ( 'NONE',  ( 1.000000000000000000, 0.000000000000000000, -3.491481338843133750E-15 ) ) ;
#885 = ORIENTED_EDGE ( 'NONE', *, *, #1068, .T. ) ;
#886 = CARTESIAN_POINT ( 'NONE',  ( -43.60000000000000853, 209.8000000000000114, -44.69999999999985363 ) ) ;
#887 = PLANE ( 'NONE',  #392 ) ;
#888 = EDGE_CURVE ( 'NONE', #957, #827, #658, .T. ) ;
#889 = VECTOR ( 'NONE', #754, 1000.000000000000000 ) ;
#890 = ORIENTED_EDGE ( 'NONE', *, *, #556, .F. ) ;
#891 = CARTESIAN_POINT ( 'NONE',  ( -23.60000000000001563, 214.8000000000000114, -44.39433078044950776 ) ) ;
#892 = CARTESIAN_POINT ( 'NONE',  ( 16.70000000000000284, 102.0000000000000142, -44.80000000000015348 ) ) ;
#893 = VECTOR ( 'NONE', #1005, 1000.000000000000000 ) ;
#894 = PLANE ( 'NONE',  #1016 ) ;
#895 = ORIENTED_EDGE ( 'NONE', *, *, #399, .T. ) ;
#896 = LINE ( 'NONE', #536, #1247 ) ;
#897 = CARTESIAN_POINT ( 'NONE',  ( -42.79999999999999716, 110.0000000000000000, -42.79999999999986215 ) ) ;
#898 = ORIENTED_EDGE ( 'NONE', *, *, #1273, .F. ) ;
#899 = PLANE ( 'NONE',  #69 ) ;
#900 = VECTOR ( 'NONE', #1103, 1000.000000000000227 ) ;
#901 = EDGE_CURVE ( 'NONE', #93, #1344, #555, .T. ) ;
#902 = CARTESIAN_POINT ( 'NONE',  ( 21.39999999999998437, 214.8000000000000114, -44.40000000000008384 ) ) ;
#903 = DIRECTION ( 'NONE',  ( 0.000000000000000000, -0.000000000000000000, 1.000000000000000000 ) ) ;
#904 = ORIENTED_EDGE ( 'NONE', *, *, #124, .T. ) ;
#905 = AXIS2_PLACEMENT_3D ( 'NONE', #612, #123, #1342 ) ;
#906 = FACE_BOUND ( 'NONE', #577, .T. ) ;
#907 = ADVANCED_FACE ( 'NONE', ( #1009 ), #32, .F. ) ;
#908 = ADVANCED_FACE ( 'NONE', ( #1042 ), #1052, .F. ) ;
#909 = DIRECTION ( 'NONE',  ( 0.8087360843031874413, 0.000000000000000000, 0.5881716976750478443 ) ) ;
#910 = FACE_OUTER_BOUND ( 'NONE', #1055, .T. ) ;
#911 = ORIENTED_EDGE ( 'NONE', *, *, #1486, .T. ) ;
#912 = LINE ( 'NONE', #1275, #1057 ) ;
#913 = AXIS2_PLACEMENT_3D ( 'NONE', #1049, #175, #1166 ) ;
#914 = EDGE_CURVE ( 'NONE', #1478, #998, #1281, .T. ) ;
#915 = CARTESIAN_POINT ( 'NONE',  ( -23.60000000000001563, 214.8000000000000114, -44.39433078044950776 ) ) ;
#916 = CARTESIAN_POINT ( 'NONE',  ( 17.40000000000000213, 214.8000000000000114, -43.60000000000007248 ) ) ;
#917 = VERTEX_POINT ( 'NONE', #1375 ) ;
#918 = CARTESIAN_POINT ( 'NONE',  ( 41.20000000000000995, 110.0000000000000000, -42.80000000000015348 ) ) ;
#919 = LINE ( 'NONE', #1021, #497 ) ;
#920 = CARTESIAN_POINT ( 'NONE',  ( -33.29999999999999716, 110.0000000000000000, -43.80000000000016058 ) ) ;
#921 = ADVANCED_FACE ( 'NONE', ( #543 ), #168, .F. ) ;
#922 = ORIENTED_EDGE ( 'NONE', *, *, #498, .F. ) ;
#923 = CARTESIAN_POINT ( 'NONE',  ( -27.79999999999997229, 189.7999999999999829, -38.79999999999991189 ) ) ;
#924 = PLANE ( 'NONE',  #1255 ) ;
#925 = ADVANCED_FACE ( 'NONE', ( #47 ), #257, .T. ) ;
#926 = ORIENTED_EDGE ( 'NONE', *, *, #1123, .F. ) ;
#927 = CARTESIAN_POINT ( 'NONE',  ( 0.000000000000000000, 102.0000000000000142, -44.60000000000017195 ) ) ;
#928 = APPLICATION_CONTEXT ( 'automotive_design' ) ;
#929 = CARTESIAN_POINT ( 'NONE',  ( 0.3999999999999906408, 214.8000000000000114, -43.60000000000000853 ) ) ;
#930 = FACE_OUTER_BOUND ( 'NONE', #586, .T. ) ;
#931 = ORIENTED_EDGE ( 'NONE', *, *, #45, .T. ) ;
#932 = DIRECTION ( 'NONE',  ( -1.000000000000000000, -0.000000000000000000, -0.000000000000000000 ) ) ;
#933 = EDGE_LOOP ( 'NONE', ( #608, #738, #1186, #162 ) ) ;
#934 = CARTESIAN_POINT ( 'NONE',  ( 41.20000000000000995, 214.8000000000000114, -42.80000000000015348 ) ) ;
#935 = EDGE_CURVE ( 'NONE', #1136, #122, #533, .T. ) ;
#936 = SURFACE_STYLE_USAGE ( .BOTH. , #1561 ) ;
#937 = LINE ( 'NONE', #546, #194 ) ;
#938 = VERTEX_POINT ( 'NONE', #1530 ) ;
#939 = LINE ( 'NONE', #1064, #201 ) ;
#940 = VERTEX_POINT ( 'NONE', #383 ) ;
#941 = DIRECTION ( 'NONE',  ( 3.621585599541393887E-15, 0.000000000000000000, 1.000000000000000000 ) ) ;
#942 = AXIS2_PLACEMENT_3D ( 'NONE', #934, #718, #1194 ) ;
#943 =( NAMED_UNIT ( * ) SI_UNIT ( $, .STERADIAN. ) SOLID_ANGLE_UNIT ( ) );
#944 = DIRECTION ( 'NONE',  ( 1.000000000000000000, 0.000000000000000000, -4.625929269271484928E-16 ) ) ;
#945 = ORIENTED_EDGE ( 'NONE', *, *, #1616, .T. ) ;
#946 = EDGE_CURVE ( 'NONE', #648, #182, #1418, .T. ) ;
#947 = DIRECTION ( 'NONE',  ( -0.000000000000000000, 0.000000000000000000, 1.000000000000000000 ) ) ;
#948 = VERTEX_POINT ( 'NONE', #297 ) ;
#949 = DIRECTION ( 'NONE',  ( 0.000000000000000000, -1.000000000000000000, 0.000000000000000000 ) ) ;
#950 = COLOUR_RGB ( '',0.7921568627450980005, 0.8196078431372548767, 0.9333333333333333481 ) ;
#951 = PLANE ( 'NONE',  #1154 ) ;
#952 = DIRECTION ( 'NONE',  ( 0.7071067811865475727, -0.7071067811865475727, 0.000000000000000000 ) ) ;
#953 = ORIENTED_EDGE ( 'NONE', *, *, #622, .F. ) ;
#954 = DIRECTION ( 'NONE',  ( -1.000000000000000000, 0.000000000000000000, 3.527621411259317099E-15 ) ) ;
#955 = EDGE_CURVE ( 'NONE', #1293, #1182, #178, .T. ) ;
#956 = EDGE_CURVE ( 'NONE', #542, #101, #761, .T. ) ;
#957 = VERTEX_POINT ( 'NONE', #1254 ) ;
#958 = CARTESIAN_POINT ( 'NONE',  ( 16.70000000000000284, 110.0000000000000000, -43.80000000000014637 ) ) ;
#959 = EDGE_CURVE ( 'NONE', #405, #1377, #640, .T. ) ;
#960 = CARTESIAN_POINT ( 'NONE',  ( -22.60000000000000142, 214.8000000000000114, -43.59999999999993037 ) ) ;
#961 = EDGE_LOOP ( 'NONE', ( #829, #653, #1608, #1216 ) ) ;
#962 = EDGE_LOOP ( 'NONE', ( #495, #1565, #1168, #97 ) ) ;
#963 = VECTOR ( 'NONE', #1219, 1000.000000000000000 ) ;
#964 = VERTEX_POINT ( 'NONE', #15 ) ;
#965 = LINE ( 'NONE', #250, #274 ) ;
#966 = VECTOR ( 'NONE', #43, 1000.000000000000000 ) ;
#967 = FILL_AREA_STYLE_COLOUR ( '', #117 ) ;
#968 = CARTESIAN_POINT ( 'NONE',  ( -8.100000000000004974, 102.0000000000000142, -44.80000000000015348 ) ) ;
#969 = ORIENTED_EDGE ( 'NONE', *, *, #863, .F. ) ;
#970 = VECTOR ( 'NONE', #575, 1000.000000000000227 ) ;
#971 = ORIENTED_EDGE ( 'NONE', *, *, #1019, .T. ) ;
#972 = EDGE_LOOP ( 'NONE', ( #1217, #114, #1576, #1122 ) ) ;
#973 = DIRECTION ( 'NONE',  ( 1.000000000000000000, 0.000000000000000000, -3.527621411259317494E-15 ) ) ;
#974 = VECTOR ( 'NONE', #1241, 1000.000000000000000 ) ;
#975 =( LENGTH_UNIT ( ) NAMED_UNIT ( * ) SI_UNIT ( .MILLI., .METRE. ) );
#976 = CARTESIAN_POINT ( 'NONE',  ( 41.19999999999999574, 209.8000000000000114, -45.80000000000015348 ) ) ;
#977 = ORIENTED_EDGE ( 'NONE', *, *, #335, .T. ) ;
#978 = CARTESIAN_POINT ( 'NONE',  ( -17.79999999999998295, 189.7999999999999545, -38.79999999999994742 ) ) ;
#979 = AXIS2_PLACEMENT_3D ( 'NONE', #1548, #1164, #310 ) ;
#980 = EDGE_CURVE ( 'NONE', #1422, #782, #444, .T. ) ;
#981 = ORIENTED_EDGE ( 'NONE', *, *, #1046, .T. ) ;
#982 = LINE ( 'NONE', #995, #1564 ) ;
#983 = VECTOR ( 'NONE', #104, 1000.000000000000114 ) ;
#984 = DIRECTION ( 'NONE',  ( 0.7830295650611478475, 0.000000000000000000, 0.6219844855301051023 ) ) ;
#985 = ORIENTED_EDGE ( 'NONE', *, *, #1543, .F. ) ;
#986 = EDGE_LOOP ( 'NONE', ( #243, #1229, #1177, #598 ) ) ;
#987 = VECTOR ( 'NONE', #765, 1000.000000000000227 ) ;
#988 = VERTEX_POINT ( 'NONE', #587 ) ;
#989 = DIRECTION ( 'NONE',  ( -3.627006610403822198E-15, 0.000000000000000000, -1.000000000000000000 ) ) ;
#990 = ADVANCED_FACE ( 'NONE', ( #823 ), #1067, .T. ) ;
#991 = AXIS2_PLACEMENT_3D ( 'NONE', #1264, #668, #1552 ) ;
#992 = DIRECTION ( 'NONE',  ( 0.000000000000000000, 1.000000000000000000, 0.000000000000000000 ) ) ;
#993 = ORIENTED_EDGE ( 'NONE', *, *, #955, .T. ) ;
#994 = LINE ( 'NONE', #198, #970 ) ;
#995 = CARTESIAN_POINT ( 'NONE',  ( 6.700000000000002842, 102.0000000000000142, -43.80000000000015348 ) ) ;
#996 = EDGE_CURVE ( 'NONE', #472, #1220, #580, .T. ) ;
#997 = DIRECTION ( 'NONE',  ( 1.000000000000000000, 0.000000000000000000, -3.491481338843133355E-15 ) ) ;
#998 = VERTEX_POINT ( 'NONE', #221 ) ;
#999 = DIRECTION ( 'NONE',  ( 0.6246950475544099657, 0.000000000000000000, -0.7808688094430418225 ) ) ;
#1000 = CARTESIAN_POINT ( 'NONE',  ( -23.60000000000001563, 209.8000000000000114, -44.39433078044950776 ) ) ;
#1001 = CARTESIAN_POINT ( 'NONE',  ( 20.39999999999998437, 209.8000000000000114, -43.60000000000007958 ) ) ;
#1002 = ORIENTED_EDGE ( 'NONE', *, *, #290, .F. ) ;
#1003 = ORIENTED_EDGE ( 'NONE', *, *, #1465, .F. ) ;
#1004 = CARTESIAN_POINT ( 'NONE',  ( 0.000000000000000000, 102.0000000000000142, -44.60000000000015774 ) ) ;
#1005 = DIRECTION ( 'NONE',  ( 0.000000000000000000, 0.000000000000000000, -1.000000000000000000 ) ) ;
#1006 = CARTESIAN_POINT ( 'NONE',  ( 41.20000000000000995, 209.8000000000000114, -42.80000000000015348 ) ) ;
#1007 = ORIENTED_EDGE ( 'NONE', *, *, #460, .T. ) ;
#1008 = EDGE_CURVE ( 'NONE', #28, #948, #1204, .T. ) ;
#1009 = FACE_OUTER_BOUND ( 'NONE', #366, .T. ) ;
#1010 = VECTOR ( 'NONE', #242, 1000.000000000000227 ) ;
#1011 = EDGE_LOOP ( 'NONE', ( #945, #313, #1051, #1085 ) ) ;
#1012 = VERTEX_POINT ( 'NONE', #958 ) ;
#1013 = DIRECTION ( 'NONE',  ( -0.000000000000000000, 0.000000000000000000, 1.000000000000000000 ) ) ;
#1014 = CARTESIAN_POINT ( 'NONE',  ( -2.599999999999984102, 209.8000000000000114, -43.60000000000000142 ) ) ;
#1015 = CARTESIAN_POINT ( 'NONE',  ( -43.60000000000000853, 110.0000000000000000, -43.89999999999985647 ) ) ;
#1016 = AXIS2_PLACEMENT_3D ( 'NONE', #156, #1169, #1395 ) ;
#1017 = DIRECTION ( 'NONE',  ( 1.000000000000000000, 0.000000000000000000, 4.625929269271486900E-16 ) ) ;
#1018 = CARTESIAN_POINT ( 'NONE',  ( 16.70000000000000284, 102.0000000000000142, -43.80000000000014637 ) ) ;
#1019 = EDGE_CURVE ( 'NONE', #1100, #1094, #1456, .T. ) ;
#1020 = VERTEX_POINT ( 'NONE', #98 ) ;
#1021 = CARTESIAN_POINT ( 'NONE',  ( -18.60000000000001918, 214.8000000000000114, -44.39433078044952907 ) ) ;
#1022 = PLANE ( 'NONE',  #1536 ) ;
#1023 = ORIENTED_EDGE ( 'NONE', *, *, #959, .T. ) ;
#1024 = DIRECTION ( 'NONE',  ( -0.7071067811865475727, -0.7071067811865475727, 0.000000000000000000 ) ) ;
#1025 = STYLED_ITEM ( 'NONE', ( #501 ), #727 ) ;
#1026 = FACE_OUTER_BOUND ( 'NONE', #431, .T. ) ;
#1027 = LINE ( 'NONE', #1529, #1104 ) ;
#1028 = EDGE_CURVE ( 'NONE', #1470, #345, #1580, .T. ) ;
#1029 = VECTOR ( 'NONE', #417, 1000.000000000000000 ) ;
#1030 = CARTESIAN_POINT ( 'NONE',  ( 6.700000000000002842, 102.2000000000000028, -44.80000000000015348 ) ) ;
#1031 = VERTEX_POINT ( 'NONE', #341 ) ;
#1032 = DIRECTION ( 'NONE',  ( 1.000000000000000000, 0.000000000000000000, 0.000000000000000000 ) ) ;
#1033 = ADVANCED_FACE ( 'NONE', ( #1434 ), #462, .F. ) ;
#1034 = CARTESIAN_POINT ( 'NONE',  ( -27.79999999999999716, 199.8000000000000114, -42.79999999999990479 ) ) ;
#1035 = PRODUCT ( 'Dhakkan 1', 'Dhakkan 1', '', ( #1 ) ) ;
#1036 = ORIENTED_EDGE ( 'NONE', *, *, #1534, .T. ) ;
#1037 = LINE ( 'NONE', #136, #1336 ) ;
#1038 = CARTESIAN_POINT ( 'NONE',  ( 41.20000000000000995, 110.0000000000000000, -42.80000000000015348 ) ) ;
#1039 = DIRECTION ( 'NONE',  ( 0.000000000000000000, 0.000000000000000000, 1.000000000000000000 ) ) ;
#1040 = VECTOR ( 'NONE', #628, 1000.000000000000114 ) ;
#1041 = ADVANCED_FACE ( 'NONE', ( #1568 ), #830, .F. ) ;
#1042 = FACE_OUTER_BOUND ( 'NONE', #762, .T. ) ;
#1043 = CARTESIAN_POINT ( 'NONE',  ( 31.70000000000000639, 102.0000000000000142, -43.80000000000015348 ) ) ;
#1044 = FACE_OUTER_BOUND ( 'NONE', #684, .T. ) ;
#1045 = EDGE_LOOP ( 'NONE', ( #3, #885, #601, #265 ) ) ;
#1046 = EDGE_CURVE ( 'NONE', #182, #1386, #693, .T. ) ;
#1047 = CARTESIAN_POINT ( 'NONE',  ( -42.80000000000001137, 209.8000000000000114, -45.79999999999985505 ) ) ;
#1048 = VECTOR ( 'NONE', #1017, 1000.000000000000000 ) ;
#1049 = CARTESIAN_POINT ( 'NONE',  ( -33.29999999999999716, 102.0000000000000142, -43.80000000000016058 ) ) ;
#1050 = DIRECTION ( 'NONE',  ( 0.6219844855301052133, 0.000000000000000000, -0.7830295650611479585 ) ) ;
#1051 = ORIENTED_EDGE ( 'NONE', *, *, #347, .F. ) ;
#1052 = PLANE ( 'NONE',  #1097 ) ;
#1053 = CARTESIAN_POINT ( 'NONE',  ( -42.79999999999999716, 110.0000000000000000, -42.79999999999986215 ) ) ;
#1054 = CARTESIAN_POINT ( 'NONE',  ( -43.60000000000000853, 209.8000000000000114, -44.69999999999985363 ) ) ;
#1055 = EDGE_LOOP ( 'NONE', ( #1570, #808, #109, #1391 ) ) ;
#1056 = CARTESIAN_POINT ( 'NONE',  ( -33.29999999999999716, 110.0000000000000000, -44.80000000000015348 ) ) ;
#1057 = VECTOR ( 'NONE', #539, 1000.000000000000000 ) ;
#1058 = ADVANCED_FACE ( 'NONE', ( #1426 ), #1322, .T. ) ;
#1059 = CARTESIAN_POINT ( 'NONE',  ( 16.70000000000000284, 110.0000000000000000, -43.80000000000014637 ) ) ;
#1060 = DIRECTION ( 'NONE',  ( 0.000000000000000000, -0.000000000000000000, -1.000000000000000000 ) ) ;
#1061 = CARTESIAN_POINT ( 'NONE',  ( 20.39999999999998792, 214.8000000000000114, -43.60000000000007958 ) ) ;
#1062 = DIRECTION ( 'NONE',  ( -0.5881716976750478443, -0.000000000000000000, 0.8087360843031873303 ) ) ;
#1063 = ORIENTED_EDGE ( 'NONE', *, *, #1320, .F. ) ;
#1064 = CARTESIAN_POINT ( 'NONE',  ( -8.299999999999997158, 110.0000000000000000, -43.80000000000015348 ) ) ;
#1065 = AXIS2_PLACEMENT_3D ( 'NONE', #131, #602, #1095 ) ;
#1066 = ORIENTED_EDGE ( 'NONE', *, *, #1421, .T. ) ;
#1067 = PLANE ( 'NONE',  #942 ) ;
#1068 = EDGE_CURVE ( 'NONE', #122, #1453, #213, .T. ) ;
#1069 =( NAMED_UNIT ( * ) PLANE_ANGLE_UNIT ( ) SI_UNIT ( $, .RADIAN. ) );
#1070 = LINE ( 'NONE', #1553, #1305 ) ;
#1071 = ORIENTED_EDGE ( 'NONE', *, *, #956, .T. ) ;
#1072 = DIRECTION ( 'NONE',  ( 1.000000000000000000, -2.775557561562895295E-15, -3.491481338843133750E-15 ) ) ;
#1073 = DIRECTION ( 'NONE',  ( 1.000000000000000000, 0.000000000000000000, 0.000000000000000000 ) ) ;
#1074 = PRESENTATION_STYLE_ASSIGNMENT (( #819 ) ) ;
#1075 = LINE ( 'NONE', #415, #254 ) ;
#1076 = ADVANCED_FACE ( 'NONE', ( #1550 ), #432, .T. ) ;
#1077 = EDGE_CURVE ( 'NONE', #846, #731, #1187, .T. ) ;
#1078 = VERTEX_POINT ( 'NONE', #701 ) ;
#1079 = CARTESIAN_POINT ( 'NONE',  ( -18.60000000000001918, 214.8000000000000114, -44.39433078044952907 ) ) ;
#1080 = EDGE_CURVE ( 'NONE', #1220, #186, #1449, .T. ) ;
#1081 = EDGE_LOOP ( 'NONE', ( #1152, #898, #1131, #641 ) ) ;
#1082 = DIRECTION ( 'NONE',  ( 0.000000000000000000, 1.000000000000000000, 0.000000000000000000 ) ) ;
#1083 = VECTOR ( 'NONE', #332, 1000.000000000000000 ) ;
#1084 = DIRECTION ( 'NONE',  ( 0.000000000000000000, 0.000000000000000000, -1.000000000000000000 ) ) ;
#1085 = ORIENTED_EDGE ( 'NONE', *, *, #179, .F. ) ;
#1086 = LINE ( 'NONE', #1584, #1323 ) ;
#1087 = ORIENTED_EDGE ( 'NONE', *, *, #1141, .F. ) ;
#1088 = CARTESIAN_POINT ( 'NONE',  ( 21.39999999999998437, 209.8000000000000114, -44.40000000000008384 ) ) ;
#1089 = CARTESIAN_POINT ( 'NONE',  ( 17.40000000000000213, 209.8000000000000114, -43.60000000000007248 ) ) ;
#1090 = EDGE_LOOP ( 'NONE', ( #259, #567, #722, #1091 ) ) ;
#1091 = ORIENTED_EDGE ( 'NONE', *, *, #423, .T. ) ;
#1092 = EDGE_CURVE ( 'NONE', #237, #827, #331, .T. ) ;
#1093 = VECTOR ( 'NONE', #984, 1000.000000000000114 ) ;
#1094 = VERTEX_POINT ( 'NONE', #187 ) ;
#1095 = DIRECTION ( 'NONE',  ( -1.000000000000000000, 0.000000000000000000, 0.000000000000000000 ) ) ;
#1096 = DIRECTION ( 'NONE',  ( 0.7808688094430346061, 0.000000000000000000, 0.6246950475544188475 ) ) ;
#1097 = AXIS2_PLACEMENT_3D ( 'NONE', #1408, #1384, #792 ) ;
#1098 = ORIENTED_EDGE ( 'NONE', *, *, #1356, .T. ) ;
#1099 = VECTOR ( 'NONE', #526, 1000.000000000000227 ) ;
#1100 = VERTEX_POINT ( 'NONE', #1560 ) ;
#1101 = EDGE_CURVE ( 'NONE', #1453, #650, #437, .T. ) ;
#1102 = ORIENTED_EDGE ( 'NONE', *, *, #914, .F. ) ;
#1103 = DIRECTION ( 'NONE',  ( 0.7808688094430418225, 0.000000000000000000, 0.6246950475544099657 ) ) ;
#1104 = VECTOR ( 'NONE', #1406, 1000.000000000000000 ) ;
#1105 = DIRECTION ( 'NONE',  ( 1.000000000000000000, 0.000000000000000000, -3.664953686440814065E-15 ) ) ;
#1106 = DIRECTION ( 'NONE',  ( 3.491481338843133355E-15, 0.000000000000000000, 1.000000000000000000 ) ) ;
#1107 = VECTOR ( 'NONE', #1251, 999.9999999999998863 ) ;
#1108 = ORIENTED_EDGE ( 'NONE', *, *, #935, .T. ) ;
#1109 = CARTESIAN_POINT ( 'NONE',  ( 42.00000000000000000, 209.8000000000000114, -44.70000000000015916 ) ) ;
#1110 = VECTOR ( 'NONE', #1488, 999.9999999999998863 ) ;
#1111 = CARTESIAN_POINT ( 'NONE',  ( -8.299999999999997158, 102.2000000000000028, -43.80000000000015348 ) ) ;
#1112 = ORIENTED_EDGE ( 'NONE', *, *, #467, .T. ) ;
#1113 = EDGE_LOOP ( 'NONE', ( #1221, #1102, #839, #1112 ) ) ;
#1114 = ORIENTED_EDGE ( 'NONE', *, *, #1340, .T. ) ;
#1115 = LINE ( 'NONE', #1609, #983 ) ;
#1116 = VECTOR ( 'NONE', #169, 999.9999999999998863 ) ;
#1117 = LINE ( 'NONE', #1611, #1472 ) ;
#1118 = ORIENTED_EDGE ( 'NONE', *, *, #901, .F. ) ;
#1119 = CARTESIAN_POINT ( 'NONE',  ( -42.79999999999999716, 209.8000000000000114, -42.79999999999986215 ) ) ;
#1120 = FACE_OUTER_BOUND ( 'NONE', #384, .T. ) ;
#1121 = CARTESIAN_POINT ( 'NONE',  ( -17.79999999999998295, 199.8000000000000398, -38.79999999999994742 ) ) ;
#1122 = ORIENTED_EDGE ( 'NONE', *, *, #1223, .T. ) ;
#1123 = EDGE_CURVE ( 'NONE', #1136, #116, #982, .T. ) ;
#1124 = VECTOR ( 'NONE', #255, 1000.000000000000000 ) ;
#1125 = ORIENTED_EDGE ( 'NONE', *, *, #657, .F. ) ;
#1126 = DIRECTION ( 'NONE',  ( 0.000000000000000000, 0.000000000000000000, -1.000000000000000000 ) ) ;
#1127 = DIRECTION ( 'NONE',  ( -3.491481338843133355E-15, 0.000000000000000000, -1.000000000000000000 ) ) ;
#1128 = LINE ( 'NONE', #13, #1048 ) ;
#1129 = DIRECTION ( 'NONE',  ( 0.5773502691896251759, 0.5773502691896250649, 0.5773502691896271743 ) ) ;
#1130 = VECTOR ( 'NONE', #1528, 1000.000000000000000 ) ;
#1131 = ORIENTED_EDGE ( 'NONE', *, *, #1558, .F. ) ;
#1132 = LINE ( 'NONE', #1419, #1329 ) ;
#1133 = PLANE ( 'NONE',  #277 ) ;
#1134 = DIRECTION ( 'NONE',  ( 0.5773502691896257311, 0.5773502691896257311, -0.5773502691896257311 ) ) ;
#1135 = CARTESIAN_POINT ( 'NONE',  ( -18.49999999999997513, 102.0000000000000142, 0.000000000000000000 ) ) ;
#1136 = VERTEX_POINT ( 'NONE', #357 ) ;
#1137 = DIRECTION ( 'NONE',  ( 3.491481338843133355E-15, -0.000000000000000000, 1.000000000000000000 ) ) ;
#1138 = ORIENTED_EDGE ( 'NONE', *, *, #1494, .T. ) ;
#1139 = CARTESIAN_POINT ( 'NONE',  ( 16.89999999999999503, 102.0000000000000142, -44.80000000000015348 ) ) ;
#1140 = LINE ( 'NONE', #773, #623 ) ;
#1141 = EDGE_CURVE ( 'NONE', #1429, #731, #965, .T. ) ;
#1142 = ORIENTED_EDGE ( 'NONE', *, *, #1458, .T. ) ;
#1143 = CARTESIAN_POINT ( 'NONE',  ( -8.100000000000004974, 102.0000000000000142, 0.000000000000000000 ) ) ;
#1144 = PRODUCT_DEFINITION_CONTEXT ( 'detailed design', #928, 'design' ) ;
#1145 = VECTOR ( 'NONE', #817, 1000.000000000000000 ) ;
#1146 = FACE_OUTER_BOUND ( 'NONE', #847, .T. ) ;
#1147 = CARTESIAN_POINT ( 'NONE',  ( -33.29999999999999716, 110.0000000000000000, -43.80000000000016058 ) ) ;
#1148 = DIRECTION ( 'NONE',  ( 0.000000000000000000, 0.000000000000000000, -1.000000000000000000 ) ) ;
#1149 = EDGE_LOOP ( 'NONE', ( #1535, #1425, #953, #1481 ) ) ;
#1150 = DIRECTION ( 'NONE',  ( 0.5773502691896257311, -0.5773502691896257311, 0.5773502691896257311 ) ) ;
#1151 = CARTESIAN_POINT ( 'NONE',  ( 16.39999999999998437, 209.8000000000000114, -44.40000000000006963 ) ) ;
#1152 = ORIENTED_EDGE ( 'NONE', *, *, #1240, .T. ) ;
#1153 = CARTESIAN_POINT ( 'NONE',  ( -8.100000000000004974, 102.0000000000000142, -44.60000000000015774 ) ) ;
#1154 = AXIS2_PLACEMENT_3D ( 'NONE', #323, #99, #85 ) ;
#1155 = EDGE_CURVE ( 'NONE', #1344, #1383, #1115, .T. ) ;
#1156 = CARTESIAN_POINT ( 'NONE',  ( 41.20000000000000995, 214.7999999999999545, -42.80000000000015348 ) ) ;
#1157 = FACE_BOUND ( 'NONE', #465, .T. ) ;
#1158 = ORIENTED_EDGE ( 'NONE', *, *, #955, .F. ) ;
#1159 = CARTESIAN_POINT ( 'NONE',  ( -2.599999999999984102, 214.8000000000000114, -43.60000000000000142 ) ) ;
#1160 = EDGE_CURVE ( 'NONE', #186, #1462, #1350, .T. ) ;
#1161 = PLANE ( 'NONE',  #286 ) ;
#1162 = LINE ( 'NONE', #50, #1010 ) ;
#1163 = VERTEX_POINT ( 'NONE', #1109 ) ;
#1164 = DIRECTION ( 'NONE',  ( 0.7071067811865475727, -0.7071067811865475727, 0.000000000000000000 ) ) ;
#1165 = EDGE_CURVE ( 'NONE', #1211, #1383, #1495, .T. ) ;
#1166 = DIRECTION ( 'NONE',  ( -1.000000000000000000, 0.000000000000000000, -4.625929269271486900E-16 ) ) ;
#1167 = DIRECTION ( 'NONE',  ( 0.000000000000000000, 0.000000000000000000, 1.000000000000000000 ) ) ;
#1168 = ORIENTED_EDGE ( 'NONE', *, *, #1524, .T. ) ;
#1169 = DIRECTION ( 'NONE',  ( -0.000000000000000000, -1.000000000000000000, 0.000000000000000000 ) ) ;
#1170 = AXIS2_PLACEMENT_3D ( 'NONE', #1483, #229, #352 ) ;
#1171 = LINE ( 'NONE', #793, #1409 ) ;
#1172 = DIRECTION ( 'NONE',  ( 0.000000000000000000, -1.000000000000000000, 0.000000000000000000 ) ) ;
#1173 = EDGE_CURVE ( 'NONE', #648, #1215, #1232, .T. ) ;
#1174 = ORIENTED_EDGE ( 'NONE', *, *, #359, .T. ) ;
#1175 = CARTESIAN_POINT ( 'NONE',  ( 0.3999999999999906408, 214.8000000000000114, -43.60000000000000853 ) ) ;
#1176 = DIRECTION ( 'NONE',  ( 0.000000000000000000, -0.000000000000000000, -1.000000000000000000 ) ) ;
#1177 = ORIENTED_EDGE ( 'NONE', *, *, #1123, .T. ) ;
#1178 = VECTOR ( 'NONE', #1443, 1000.000000000000000 ) ;
#1179 = CARTESIAN_POINT ( 'NONE',  ( 0.000000000000000000, 102.0000000000000142, 0.000000000000000000 ) ) ;
#1180 = CARTESIAN_POINT ( 'NONE',  ( -42.80000000000001137, 110.0000000000000000, -45.79999999999985505 ) ) ;
#1181 = DIRECTION ( 'NONE',  ( 0.000000000000000000, 0.000000000000000000, -1.000000000000000000 ) ) ;
#1182 = VERTEX_POINT ( 'NONE', #1088 ) ;
#1183 = CARTESIAN_POINT ( 'NONE',  ( 41.19999999999999574, 110.0000000000000000, -45.80000000000015348 ) ) ;
#1184 = AXIS2_PLACEMENT_3D ( 'NONE', #868, #997, #1496 ) ;
#1185 = EDGE_CURVE ( 'NONE', #1215, #461, #867, .T. ) ;
#1186 = ORIENTED_EDGE ( 'NONE', *, *, #1214, .F. ) ;
#1187 = LINE ( 'NONE', #314, #702 ) ;
#1188 = VECTOR ( 'NONE', #1423, 1000.000000000000000 ) ;
#1189 = CARTESIAN_POINT ( 'NONE',  ( -2.035408878479459442E-14, 102.0000000000000142, -44.00000000000012790 ) ) ;
#1190 = ORIENTED_EDGE ( 'NONE', *, *, #219, .T. ) ;
#1191 = LINE ( 'NONE', #923, #1238 ) ;
#1192 = VECTOR ( 'NONE', #1218, 1000.000000000000000 ) ;
#1193 = VERTEX_POINT ( 'NONE', #752 ) ;
#1194 = DIRECTION ( 'NONE',  ( 1.000000000000000000, 0.000000000000000000, -3.491481338843133355E-15 ) ) ;
#1195 = EDGE_CURVE ( 'NONE', #1478, #1422, #125, .T. ) ;
#1196 = LINE ( 'NONE', #719, #1446 ) ;
#1197 = CARTESIAN_POINT ( 'NONE',  ( -27.79999999999997229, 189.7999999999999829, -38.79999999999991189 ) ) ;
#1198 = ORIENTED_EDGE ( 'NONE', *, *, #487, .T. ) ;
#1199 = DIRECTION ( 'NONE',  ( -0.000000000000000000, 0.000000000000000000, 1.000000000000000000 ) ) ;
#1200 = EDGE_CURVE ( 'NONE', #599, #140, #1246, .T. ) ;
#1201 = EDGE_CURVE ( 'NONE', #1163, #846, #369, .T. ) ;
#1202 = VECTOR ( 'NONE', #145, 1000.000000000000000 ) ;
#1203 = ORIENTED_EDGE ( 'NONE', *, *, #589, .F. ) ;
#1204 = LINE ( 'NONE', #91, #1304 ) ;
#1205 = EDGE_CURVE ( 'NONE', #1383, #1429, #484, .T. ) ;
#1206 = FILL_AREA_STYLE_COLOUR ( '', #950 ) ;
#1207 = LINE ( 'NONE', #837, #106 ) ;
#1208 = ORIENTED_EDGE ( 'NONE', *, *, #1201, .F. ) ;
#1209 = ORIENTED_EDGE ( 'NONE', *, *, #300, .F. ) ;
#1210 = ADVANCED_FACE ( 'NONE', ( #1345 ), #615, .T. ) ;
#1211 = VERTEX_POINT ( 'NONE', #235 ) ;
#1212 = CARTESIAN_POINT ( 'NONE',  ( -18.29999999999999716, 102.1999999999999886, -44.80000000000015348 ) ) ;
#1213 = LINE ( 'NONE', #478, #1299 ) ;
#1214 = EDGE_CURVE ( 'NONE', #917, #448, #1593, .T. ) ;
#1215 = VERTEX_POINT ( 'NONE', #374 ) ;
#1216 = ORIENTED_EDGE ( 'NONE', *, *, #1284, .T. ) ;
#1217 = ORIENTED_EDGE ( 'NONE', *, *, #618, .F. ) ;
#1218 = DIRECTION ( 'NONE',  ( 0.000000000000000000, 0.000000000000000000, -1.000000000000000000 ) ) ;
#1219 = DIRECTION ( 'NONE',  ( 0.000000000000000000, -1.000000000000000000, 0.000000000000000000 ) ) ;
#1220 = VERTEX_POINT ( 'NONE', #1357 ) ;
#1221 = ORIENTED_EDGE ( 'NONE', *, *, #144, .T. ) ;
#1222 = VERTEX_POINT ( 'NONE', #477 ) ;
#1223 = EDGE_CURVE ( 'NONE', #800, #1222, #842, .T. ) ;
#1224 = AXIS2_PLACEMENT_3D ( 'NONE', #289, #170, #669 ) ;
#1225 = ORIENTED_EDGE ( 'NONE', *, *, #8, .T. ) ;
#1226 = LINE ( 'NONE', #1338, #776 ) ;
#1227 = DIRECTION ( 'NONE',  ( 3.664953686440814065E-15, 0.000000000000000000, 1.000000000000000000 ) ) ;
#1228 = VECTOR ( 'NONE', #1137, 1000.000000000000000 ) ;
#1229 = ORIENTED_EDGE ( 'NONE', *, *, #1233, .T. ) ;
#1230 = VERTEX_POINT ( 'NONE', #1467 ) ;
#1231 = ORIENTED_EDGE ( 'NONE', *, *, #600, .T. ) ;
#1232 = LINE ( 'NONE', #1586, #1397 ) ;
#1233 = EDGE_CURVE ( 'NONE', #237, #1136, #732, .T. ) ;
#1234 = FACE_OUTER_BOUND ( 'NONE', #961, .T. ) ;
#1235 = VECTOR ( 'NONE', #445, 1000.000000000000000 ) ;
#1236 = EDGE_LOOP ( 'NONE', ( #1321, #1125, #379, #790, #1087, #1455, #443, #1118 ) ) ;
#1237 = ORIENTED_EDGE ( 'NONE', *, *, #789, .T. ) ;
#1238 = VECTOR ( 'NONE', #1072, 1000.000000000000000 ) ;
#1239 = DIRECTION ( 'NONE',  ( 0.000000000000000000, 0.000000000000000000, 1.000000000000000000 ) ) ;
#1240 = EDGE_CURVE ( 'NONE', #1440, #1293, #1226, .T. ) ;
#1241 = DIRECTION ( 'NONE',  ( 0.000000000000000000, -1.000000000000000000, 0.000000000000000000 ) ) ;
#1242 = EDGE_CURVE ( 'NONE', #345, #1478, #228, .T. ) ;
#1243 = DIRECTION ( 'NONE',  ( -1.000000000000000000, 0.000000000000000000, -0.000000000000000000 ) ) ;
#1244 = ADVANCED_FACE ( 'NONE', ( #1146 ), #664, .T. ) ;
#1245 = AXIS2_PLACEMENT_3D ( 'NONE', #1189, #206, #944 ) ;
#1246 = LINE ( 'NONE', #1615, #1262 ) ;
#1247 = VECTOR ( 'NONE', #517, 1000.000000000000000 ) ;
#1248 = LINE ( 'NONE', #154, #843 ) ;
#1249 = EDGE_LOOP ( 'NONE', ( #1590, #535, #1554, #1066 ) ) ;
#1250 = DIRECTION ( 'NONE',  ( -0.7830295650611431846, 0.000000000000000000, 0.6219844855301110975 ) ) ;
#1251 = DIRECTION ( 'NONE',  ( 0.5773502691896257311, 0.5773502691896257311, -0.5773502691896257311 ) ) ;
#1252 = DIRECTION ( 'NONE',  ( -3.491481338843133355E-15, 0.000000000000000000, -1.000000000000000000 ) ) ;
#1253 = ORIENTED_EDGE ( 'NONE', *, *, #190, .F. ) ;
#1254 = CARTESIAN_POINT ( 'NONE',  ( 6.500000000000010658, 102.0000000000000142, -44.00000000000014211 ) ) ;
#1255 = AXIS2_PLACEMENT_3D ( 'NONE', #1288, #251, #799 ) ;
#1256 = ORIENTED_EDGE ( 'NONE', *, *, #996, .T. ) ;
#1257 = CARTESIAN_POINT ( 'NONE',  ( -33.29999999999999716, 110.0000000000000000, -43.80000000000016058 ) ) ;
#1258 = LINE ( 'NONE', #40, #430 ) ;
#1259 = LINE ( 'NONE', #902, #438 ) ;
#1260 = ORIENTED_EDGE ( 'NONE', *, *, #737, .T. ) ;
#1261 = DIRECTION ( 'NONE',  ( 0.7808688094430256132, 0.000000000000000000, -0.6246950475544300607 ) ) ;
#1262 = VECTOR ( 'NONE', #609, 1000.000000000000000 ) ;
#1263 = ORIENTED_EDGE ( 'NONE', *, *, #1173, .T. ) ;
#1264 = CARTESIAN_POINT ( 'NONE',  ( 41.20000000000000995, 214.8000000000000114, -42.80000000000015348 ) ) ;
#1265 = DIRECTION ( 'NONE',  ( -0.000000000000000000, 1.000000000000000000, -0.000000000000000000 ) ) ;
#1266 = EDGE_LOOP ( 'NONE', ( #993, #1349, #714, #281 ) ) ;
#1267 = DIRECTION ( 'NONE',  ( 0.000000000000000000, 0.000000000000000000, -1.000000000000000000 ) ) ;
#1268 = CARTESIAN_POINT ( 'NONE',  ( -18.29999999999999716, 102.1999999999999886, -44.80000000000015348 ) ) ;
#1269 = FACE_OUTER_BOUND ( 'NONE', #1334, .T. ) ;
#1270 = EDGE_LOOP ( 'NONE', ( #729, #435, #1589, #393 ) ) ;
#1271 = FACE_OUTER_BOUND ( 'NONE', #1011, .T. ) ;
#1272 = DIRECTION ( 'NONE',  ( -0.000000000000000000, 0.000000000000000000, 1.000000000000000000 ) ) ;
#1273 = EDGE_CURVE ( 'NONE', #220, #1293, #382, .T. ) ;
#1274 = ORIENTED_EDGE ( 'NONE', *, *, #1616, .F. ) ;
#1275 = CARTESIAN_POINT ( 'NONE',  ( -19.60000000000002629, 214.8000000000000114, -43.59999999999993747 ) ) ;
#1276 = DIRECTION ( 'NONE',  ( 1.000000000000000000, 0.000000000000000000, 0.000000000000000000 ) ) ;
#1277 = PLANE ( 'NONE',  #197 ) ;
#1278 = EDGE_LOOP ( 'NONE', ( #1369, #547, #785, #1398 ) ) ;
#1279 = EDGE_LOOP ( 'NONE', ( #977, #1302, #911, #614 ) ) ;
#1280 = ORIENTED_EDGE ( 'NONE', *, *, #585, .F. ) ;
#1281 = LINE ( 'NONE', #1159, #881 ) ;
#1282 = FACE_OUTER_BOUND ( 'NONE', #972, .T. ) ;
#1283 = DIRECTION ( 'NONE',  ( 1.000000000000000000, 0.000000000000000000, 0.000000000000000000 ) ) ;
#1284 = EDGE_CURVE ( 'NONE', #1504, #1182, #1259, .T. ) ;
#1285 = ORIENTED_EDGE ( 'NONE', *, *, #1465, .T. ) ;
#1286 = CARTESIAN_POINT ( 'NONE',  ( -18.49999999999997513, 102.0000000000000142, -44.00000000000012790 ) ) ;
#1287 = PLANE ( 'NONE',  #60 ) ;
#1288 = CARTESIAN_POINT ( 'NONE',  ( -27.79999999999998295, 199.8000000000000114, -38.79999999999991189 ) ) ;
#1289 = ORIENTED_EDGE ( 'NONE', *, *, #585, .T. ) ;
#1290 = CARTESIAN_POINT ( 'NONE',  ( -3.833333333333221571, 116.6666666666667709, -29.33333333333326465 ) ) ;
#1291 = FACE_OUTER_BOUND ( 'NONE', #1266, .T. ) ;
#1292 = DIRECTION ( 'NONE',  ( -3.491481338843133355E-15, 0.000000000000000000, -1.000000000000000000 ) ) ;
#1293 = VERTEX_POINT ( 'NONE', #1001 ) ;
#1294 = CARTESIAN_POINT ( 'NONE',  ( -17.79999999999998295, 199.8000000000000398, -38.79999999999994742 ) ) ;
#1295 = DIRECTION ( 'NONE',  ( -1.000000000000000000, 0.000000000000000000, 3.491481338843133750E-15 ) ) ;
#1296 = ORIENTED_EDGE ( 'NONE', *, *, #1441, .F. ) ;
#1297 = EDGE_LOOP ( 'NONE', ( #396, #666, #231, #1312 ) ) ;
#1298 = DIRECTION ( 'NONE',  ( 0.5773502691896257311, -0.5773502691896257311, -0.5773502691896257311 ) ) ;
#1299 = VECTOR ( 'NONE', #223, 1000.000000000000000 ) ;
#1300 = LINE ( 'NONE', #703, #1083 ) ;
#1301 = CARTESIAN_POINT ( 'NONE',  ( 31.70000000000000639, 110.0000000000000000, -43.80000000000015348 ) ) ;
#1302 = ORIENTED_EDGE ( 'NONE', *, *, #1214, .T. ) ;
#1303 = PLANE ( 'NONE',  #482 ) ;
#1304 = VECTOR ( 'NONE', #1082, 1000.000000000000000 ) ;
#1305 = VECTOR ( 'NONE', #1562, 1000.000000000000000 ) ;
#1306 = DIRECTION ( 'NONE',  ( -1.000000000000000000, 0.000000000000000000, -0.000000000000000000 ) ) ;
#1307 = DIRECTION ( 'NONE',  ( 0.7808688094430286109, 0.000000000000000000, -0.6246950475544263970 ) ) ;
#1308 = CARTESIAN_POINT ( 'NONE',  ( 16.39999999999998437, 214.8000000000000114, -44.40000000000006963 ) ) ;
#1309 = ORIENTED_EDGE ( 'NONE', *, *, #901, .T. ) ;
#1310 = CARTESIAN_POINT ( 'NONE',  ( 41.19999999999999574, 209.8000000000000114, -45.80000000000015348 ) ) ;
#1311 = ADVANCED_FACE ( 'NONE', ( #787 ), #655, .T. ) ;
#1312 = ORIENTED_EDGE ( 'NONE', *, *, #487, .F. ) ;
#1313 = DIRECTION ( 'NONE',  ( 0.000000000000000000, 0.000000000000000000, -1.000000000000000000 ) ) ;
#1314 = VECTOR ( 'NONE', #287, 1000.000000000000000 ) ;
#1315 = SURFACE_STYLE_FILL_AREA ( #1459 ) ;
#1316 = LINE ( 'NONE', #1054, #1595 ) ;
#1317 = EDGE_CURVE ( 'NONE', #461, #1078, #631, .T. ) ;
#1318 = ORIENTED_EDGE ( 'NONE', *, *, #1046, .F. ) ;
#1319 = LINE ( 'NONE', #209, #1604 ) ;
#1320 = EDGE_CURVE ( 'NONE', #917, #1359, #398, .T. ) ;
#1321 = ORIENTED_EDGE ( 'NONE', *, *, #1494, .F. ) ;
#1322 = PLANE ( 'NONE',  #193 ) ;
#1323 = VECTOR ( 'NONE', #1243, 1000.000000000000000 ) ;
#1324 = LINE ( 'NONE', #351, #38 ) ;
#1325 = LINE ( 'NONE', #968, #56 ) ;
#1326 = ORIENTED_EDGE ( 'NONE', *, *, #1008, .F. ) ;
#1327 = FACE_OUTER_BOUND ( 'NONE', #46, .T. ) ;
#1328 = ADVANCED_FACE ( 'NONE', ( #30 ), #1414, .F. ) ;
#1329 = VECTOR ( 'NONE', #1150, 999.9999999999998863 ) ;
#1330 = ORIENTED_EDGE ( 'NONE', *, *, #1160, .T. ) ;
#1331 = DIRECTION ( 'NONE',  ( 0.000000000000000000, 0.000000000000000000, -1.000000000000000000 ) ) ;
#1332 = ADVANCED_FACE ( 'NONE', ( #1026 ), #1508, .F. ) ;
#1333 = DIRECTION ( 'NONE',  ( 0.000000000000000000, -1.000000000000000000, 0.000000000000000000 ) ) ;
#1334 = EDGE_LOOP ( 'NONE', ( #689, #1285, #1289, #1499, #483, #199, #1071, #363 ) ) ;
#1335 = DIRECTION ( 'NONE',  ( 0.5773502691896257311, 0.5773502691896257311, 0.5773502691896257311 ) ) ;
#1336 = VECTOR ( 'NONE', #1134, 999.9999999999998863 ) ;
#1337 = ORIENTED_EDGE ( 'NONE', *, *, #750, .T. ) ;
#1338 = CARTESIAN_POINT ( 'NONE',  ( 20.39999999999998792, 209.8000000000000114, -43.60000000000007958 ) ) ;
#1339 = DIRECTION ( 'NONE',  ( 0.000000000000000000, 0.000000000000000000, -1.000000000000000000 ) ) ;
#1340 = EDGE_CURVE ( 'NONE', #1222, #988, #638, .T. ) ;
#1341 = ORIENTED_EDGE ( 'NONE', *, *, #22, .F. ) ;
#1342 = DIRECTION ( 'NONE',  ( 0.5881716976750502868, 0.000000000000000000, 0.8087360843031855540 ) ) ;
#1343 = AXIS2_PLACEMENT_3D ( 'NONE', #1156, #759, #1405 ) ;
#1344 = VERTEX_POINT ( 'NONE', #1038 ) ;
#1345 = FACE_OUTER_BOUND ( 'NONE', #1531, .T. ) ;
#1346 = CARTESIAN_POINT ( 'NONE',  ( 16.39999999999998437, 214.8000000000000114, -44.40000000000006963 ) ) ;
#1347 = CARTESIAN_POINT ( 'NONE',  ( 41.20000000000002416, 0.000000000000000000, -38.80000000000015348 ) ) ;
#1348 = ADVANCED_FACE ( 'NONE', ( #1394 ), #1539, .F. ) ;
#1349 = ORIENTED_EDGE ( 'NONE', *, *, #1284, .F. ) ;
#1350 = LINE ( 'NONE', #349, #79 ) ;
#1351 = CARTESIAN_POINT ( 'NONE',  ( -42.79999999999999716, 209.8000000000000114, -42.79999999999986215 ) ) ;
#1352 = VECTOR ( 'NONE', #1306, 1000.000000000000000 ) ;
#1353 = ORIENTED_EDGE ( 'NONE', *, *, #498, .T. ) ;
#1354 = DIRECTION ( 'NONE',  ( -0.000000000000000000, 1.000000000000000000, -0.000000000000000000 ) ) ;
#1355 = ADVANCED_FACE ( 'NONE', ( #293 ), #1287, .F. ) ;
#1356 = EDGE_CURVE ( 'NONE', #28, #1094, #521, .T. ) ;
#1357 = CARTESIAN_POINT ( 'NONE',  ( 31.70000000000000639, 102.2000000000000028, -44.80000000000015348 ) ) ;
#1358 = LINE ( 'NONE', #551, #1599 ) ;
#1359 = VERTEX_POINT ( 'NONE', #138 ) ;
#1360 = VECTOR ( 'NONE', #581, 1000.000000000000000 ) ;
#1361 = EDGE_CURVE ( 'NONE', #301, #182, #1128, .T. ) ;
#1362 = ORIENTED_EDGE ( 'NONE', *, *, #1603, .T. ) ;
#1363 = CARTESIAN_POINT ( 'NONE',  ( 16.70000000000000284, 102.0000000000000142, -44.80000000000015348 ) ) ;
#1364 = EDGE_CURVE ( 'NONE', #507, #1344, #512, .T. ) ;
#1365 = PRODUCT_RELATED_PRODUCT_CATEGORY ( 'part', '', ( #1035 ) ) ;
#1366 = DIRECTION ( 'NONE',  ( -1.000000000000000000, 0.000000000000000000, -4.625929269271486900E-16 ) ) ;
#1367 = PLANE ( 'NONE',  #262 ) ;
#1368 = ORIENTED_EDGE ( 'NONE', *, *, #174, .T. ) ;
#1369 = ORIENTED_EDGE ( 'NONE', *, *, #579, .F. ) ;
#1370 = DIRECTION ( 'NONE',  ( 1.000000000000000000, 0.000000000000000000, 0.000000000000000000 ) ) ;
#1371 = CARTESIAN_POINT ( 'NONE',  ( 6.700000000000002842, 110.0000000000000000, -44.80000000000015348 ) ) ;
#1372 = AXIS2_PLACEMENT_3D ( 'NONE', #464, #358, #236 ) ;
#1373 = DIRECTION ( 'NONE',  ( -1.000000000000000000, -2.775557561562890957E-15, 3.491481338843133355E-15 ) ) ;
#1374 = EDGE_CURVE ( 'NONE', #122, #706, #1382, .T. ) ;
#1375 = CARTESIAN_POINT ( 'NONE',  ( -22.60000000000000142, 214.8000000000000114, -43.59999999999993037 ) ) ;
#1376 = ORIENTED_EDGE ( 'NONE', *, *, #333, .T. ) ;
#1377 = VERTEX_POINT ( 'NONE', #647 ) ;
#1378 = FACE_OUTER_BOUND ( 'NONE', #1045, .T. ) ;
#1379 = AXIS2_PLACEMENT_3D ( 'NONE', #422, #1511, #667 ) ;
#1380 = VECTOR ( 'NONE', #395, 1000.000000000000000 ) ;
#1381 = CARTESIAN_POINT ( 'NONE',  ( 42.00000000000000711, 209.8000000000000114, -43.90000000000015490 ) ) ;
#1382 = LINE ( 'NONE', #263, #1202 ) ;
#1383 = VERTEX_POINT ( 'NONE', #1518 ) ;
#1384 = DIRECTION ( 'NONE',  ( 0.6246950475544189585, 0.000000000000000000, -0.7808688094430347171 ) ) ;
#1385 = VECTOR ( 'NONE', #44, 1000.000000000000000 ) ;
#1386 = VERTEX_POINT ( 'NONE', #1268 ) ;
#1387 = ADVANCED_FACE ( 'NONE', ( #153 ), #54, .F. ) ;
#1388 = ORIENTED_EDGE ( 'NONE', *, *, #1543, .T. ) ;
#1389 = CARTESIAN_POINT ( 'NONE',  ( -43.60000000000000853, 110.0000000000000000, -44.69999999999985363 ) ) ;
#1390 = DIRECTION ( 'NONE',  ( -1.000000000000000000, 0.000000000000000000, 0.000000000000000000 ) ) ;
#1391 = ORIENTED_EDGE ( 'NONE', *, *, #1160, .F. ) ;
#1392 = DIRECTION ( 'NONE',  ( -1.000000000000000000, -0.000000000000000000, 3.664953686440814065E-15 ) ) ;
#1393 = AXIS2_PLACEMENT_3D ( 'NONE', #459, #828, #192 ) ;
#1394 = FACE_OUTER_BOUND ( 'NONE', #1249, .T. ) ;
#1395 = DIRECTION ( 'NONE',  ( -1.000000000000000000, 0.000000000000000000, 3.491481338843133355E-15 ) ) ;
#1396 = ORIENTED_EDGE ( 'NONE', *, *, #306, .F. ) ;
#1397 = VECTOR ( 'NONE', #1366, 1000.000000000000000 ) ;
#1398 = ORIENTED_EDGE ( 'NONE', *, *, #1223, .F. ) ;
#1399 = DIRECTION ( 'NONE',  ( -0.7808688094430256132, 0.000000000000000000, 0.6246950475544300607 ) ) ;
#1400 = LINE ( 'NONE', #652, #1040 ) ;
#1401 = EDGE_LOOP ( 'NONE', ( #1579, #1600, #1417, #309 ) ) ;
#1402 = VECTOR ( 'NONE', #1354, 1000.000000000000000 ) ;
#1403 = CARTESIAN_POINT ( 'NONE',  ( -19.60000000000002629, 214.8000000000000114, -43.59999999999993747 ) ) ;
#1404 = ADVANCED_FACE ( 'NONE', ( #550 ), #673, .T. ) ;
#1405 = DIRECTION ( 'NONE',  ( 1.000000000000000000, 0.000000000000000000, -3.491481338843133355E-15 ) ) ;
#1406 = DIRECTION ( 'NONE',  ( -3.627006610403822198E-15, 0.000000000000000000, -1.000000000000000000 ) ) ;
#1407 = ORIENTED_EDGE ( 'NONE', *, *, #1205, .T. ) ;
#1408 = CARTESIAN_POINT ( 'NONE',  ( 17.40000000000000213, 214.8000000000000114, -43.60000000000007248 ) ) ;
#1409 = VECTOR ( 'NONE', #525, 1000.000000000000000 ) ;
#1410 = CARTESIAN_POINT ( 'NONE',  ( 42.00000000000000000, 110.0000000000000000, -44.70000000000015916 ) ) ;
#1411 = CARTESIAN_POINT ( 'NONE',  ( -8.299999999999997158, 102.2000000000000028, -43.80000000000015348 ) ) ;
#1412 = ORIENTED_EDGE ( 'NONE', *, *, #1028, .F. ) ;
#1413 = PLANE ( 'NONE',  #636 ) ;
#1414 = PLANE ( 'NONE',  #629 ) ;
#1415 = FACE_OUTER_BOUND ( 'NONE', #962, .T. ) ;
#1416 = EDGE_LOOP ( 'NONE', ( #659, #321, #838, #1448 ) ) ;
#1417 = ORIENTED_EDGE ( 'NONE', *, *, #45, .F. ) ;
#1418 = LINE ( 'NONE', #1290, #319 ) ;
#1419 = CARTESIAN_POINT ( 'NONE',  ( 31.76666666666671546, 87.13333333333328312, -29.73333333333343376 ) ) ;
#1420 = CARTESIAN_POINT ( 'NONE',  ( 0.000000000000000000, 102.0000000000000142, 0.000000000000000000 ) ) ;
#1421 = EDGE_CURVE ( 'NONE', #862, #570, #660, .T. ) ;
#1422 = VERTEX_POINT ( 'NONE', #929 ) ;
#1423 = DIRECTION ( 'NONE',  ( 1.000000000000000000, 0.000000000000000000, 0.000000000000000000 ) ) ;
#1424 = CARTESIAN_POINT ( 'NONE',  ( 41.20000000000000995, 209.8000000000000114, -42.80000000000015348 ) ) ;
#1425 = ORIENTED_EDGE ( 'NONE', *, *, #49, .F. ) ;
#1426 = FACE_OUTER_BOUND ( 'NONE', #51, .T. ) ;
#1427 = DIRECTION ( 'NONE',  ( 0.5881716976750478443, 0.000000000000000000, -0.8087360843031874413 ) ) ;
#1428 = PLANE ( 'NONE',  #258 ) ;
#1429 = VERTEX_POINT ( 'NONE', #1410 ) ;
#1430 = LINE ( 'NONE', #200, #41 ) ;
#1431 =( GEOMETRIC_REPRESENTATION_CONTEXT ( 3 ) GLOBAL_UNCERTAINTY_ASSIGNED_CONTEXT ( ( #569 ) ) GLOBAL_UNIT_ASSIGNED_CONTEXT ( ( #975, #126, #247 ) ) REPRESENTATION_CONTEXT ( 'NONE', 'WORKASPACE' ) );
#1432 = UNCERTAINTY_MEASURE_WITH_UNIT (LENGTH_MEASURE( 1.000000000000000082E-05 ), #454, 'distance_accuracy_value', 'NONE');
#1433 = ORIENTED_EDGE ( 'NONE', *, *, #1606, .T. ) ;
#1434 = FACE_OUTER_BOUND ( 'NONE', #1090, .T. ) ;
#1435 = FACE_OUTER_BOUND ( 'NONE', #857, .T. ) ;
#1436 = DIRECTION ( 'NONE',  ( -0.000000000000000000, 0.000000000000000000, 1.000000000000000000 ) ) ;
#1437 = ORIENTED_EDGE ( 'NONE', *, *, #460, .F. ) ;
#1438 = LINE ( 'NONE', #1294, #769 ) ;
#1439 = VECTOR ( 'NONE', #1129, 1000.000000000000000 ) ;
#1440 = VERTEX_POINT ( 'NONE', #180 ) ;
#1441 = EDGE_CURVE ( 'NONE', #186, #113, #1132, .T. ) ;
#1442 = CARTESIAN_POINT ( 'NONE',  ( -3.600000000000020073, 214.8000000000000114, -44.39999999999999147 ) ) ;
#1443 = DIRECTION ( 'NONE',  ( -1.000000000000000000, -0.000000000000000000, -4.625929269271485914E-16 ) ) ;
#1444 = ORIENTED_EDGE ( 'NONE', *, *, #730, .F. ) ;
#1445 = PLANE ( 'NONE',  #1393 ) ;
#1446 = VECTOR ( 'NONE', #574, 1000.000000000000000 ) ;
#1447 = EDGE_CURVE ( 'NONE', #599, #508, #896, .T. ) ;
#1448 = ORIENTED_EDGE ( 'NONE', *, *, #368, .T. ) ;
#1449 = LINE ( 'NONE', #809, #362 ) ;
#1450 = AXIS2_PLACEMENT_3D ( 'NONE', #397, #1501, #381 ) ;
#1451 = EDGE_CURVE ( 'NONE', #121, #301, #25, .T. ) ;
#1452 = LINE ( 'NONE', #856, #312 ) ;
#1453 = VERTEX_POINT ( 'NONE', #268 ) ;
#1454 = LINE ( 'NONE', #337, #401 ) ;
#1455 = ORIENTED_EDGE ( 'NONE', *, *, #1205, .F. ) ;
#1456 = LINE ( 'NONE', #68, #607 ) ;
#1457 = VECTOR ( 'NONE', #466, 1000.000000000000000 ) ;
#1458 = EDGE_CURVE ( 'NONE', #1377, #238, #811, .T. ) ;
#1459 = FILL_AREA_STYLE ('',( #1206 ) ) ;
#1460 = DIRECTION ( 'NONE',  ( 1.000000000000000000, 0.000000000000000000, 0.000000000000000000 ) ) ;
#1461 = VECTOR ( 'NONE', #588, 1000.000000000000000 ) ;
#1462 = VERTEX_POINT ( 'NONE', #772 ) ;
#1463 = ORIENTED_EDGE ( 'NONE', *, *, #556, .T. ) ;
#1464 = VECTOR ( 'NONE', #389, 1000.000000000000000 ) ;
#1465 = EDGE_CURVE ( 'NONE', #507, #1211, #642, .T. ) ;
#1466 = ORIENTED_EDGE ( 'NONE', *, *, #219, .F. ) ;
#1467 = CARTESIAN_POINT ( 'NONE',  ( 6.500000000000010658, 102.0000000000000142, -44.60000000000015774 ) ) ;
#1468 =( NAMED_UNIT ( * ) SI_UNIT ( $, .STERADIAN. ) SOLID_ANGLE_UNIT ( ) );
#1469 = CARTESIAN_POINT ( 'NONE',  ( 1.399999999999984590, 209.8000000000000114, -44.40000000000000568 ) ) ;
#1470 = VERTEX_POINT ( 'NONE', #61 ) ;
#1471 = ORIENTED_EDGE ( 'NONE', *, *, #753, .T. ) ;
#1472 = VECTOR ( 'NONE', #493, 1000.000000000000000 ) ;
#1473 = ORIENTED_EDGE ( 'NONE', *, *, #1080, .F. ) ;
#1474 = CARTESIAN_POINT ( 'NONE',  ( 42.00000000000000000, 209.8000000000000114, -44.70000000000015916 ) ) ;
#1475 = CARTESIAN_POINT ( 'NONE',  ( 0.000000000000000000, 0.000000000000000000, 0.000000000000000000 ) ) ;
#1476 = LINE ( 'NONE', #726, #603 ) ;
#1477 = ADVANCED_FACE ( 'NONE', ( #1291 ), #1161, .F. ) ;
#1478 = VERTEX_POINT ( 'NONE', #36 ) ;
#1479 = EDGE_LOOP ( 'NONE', ( #1437, #981, #195, #1114 ) ) ;
#1480 = VECTOR ( 'NONE', #1482, 1000.000000000000000 ) ;
#1481 = ORIENTED_EDGE ( 'NONE', *, *, #1317, .F. ) ;
#1482 = DIRECTION ( 'NONE',  ( 0.000000000000000000, -1.000000000000000000, 0.000000000000000000 ) ) ;
#1483 = CARTESIAN_POINT ( 'NONE',  ( 20.39999999999998792, 214.8000000000000114, -43.60000000000007958 ) ) ;
#1484 = ORIENTED_EDGE ( 'NONE', *, *, #956, .F. ) ;
#1485 = LINE ( 'NONE', #606, #412 ) ;
#1486 = EDGE_CURVE ( 'NONE', #448, #862, #919, .T. ) ;
#1487 = ORIENTED_EDGE ( 'NONE', *, *, #646, .T. ) ;
#1488 = DIRECTION ( 'NONE',  ( 0.5773502691896257311, -0.5773502691896257311, 0.5773502691896257311 ) ) ;
#1489 = EDGE_CURVE ( 'NONE', #998, #782, #1171, .T. ) ;
#1490 = ADVANCED_FACE ( 'NONE', ( #1282 ), #1532, .F. ) ;
#1491 = FACE_OUTER_BOUND ( 'NONE', #311, .T. ) ;
#1492 = VERTEX_POINT ( 'NONE', #557 ) ;
#1493 = ORIENTED_EDGE ( 'NONE', *, *, #58, .F. ) ;
#1494 = EDGE_CURVE ( 'NONE', #1193, #93, #1522, .T. ) ;
#1495 = LINE ( 'NONE', #491, #1480 ) ;
#1496 = DIRECTION ( 'NONE',  ( -3.491481338843133355E-15, 0.000000000000000000, -1.000000000000000000 ) ) ;
#1497 = MECHANICAL_DESIGN_GEOMETRIC_PRESENTATION_REPRESENTATION (  '', ( #590 ), #171 ) ;
#1498 = EDGE_CURVE ( 'NONE', #1583, #1492, #149, .T. ) ;
#1499 = ORIENTED_EDGE ( 'NONE', *, *, #1201, .T. ) ;
#1500 = FACE_OUTER_BOUND ( 'NONE', #239, .T. ) ;
#1501 = DIRECTION ( 'NONE',  ( 2.775557561562895295E-15, 1.000000000000000000, -9.690807431081800438E-30 ) ) ;
#1502 = ADVANCED_FACE ( 'NONE', ( #1271 ), #394, .F. ) ;
#1503 = CARTESIAN_POINT ( 'NONE',  ( -27.79999999999998295, 199.8000000000000114, -38.79999999999991189 ) ) ;
#1504 = VERTEX_POINT ( 'NONE', #307 ) ;
#1505 = FACE_OUTER_BOUND ( 'NONE', #468, .T. ) ;
#1506 = LINE ( 'NONE', #891, #330 ) ;
#1507 = AXIS2_PLACEMENT_3D ( 'NONE', #1346, #1227, #1105 ) ;
#1508 = PLANE ( 'NONE',  #1614 ) ;
#1509 = ORIENTED_EDGE ( 'NONE', *, *, #1141, .T. ) ;
#1510 = EDGE_CURVE ( 'NONE', #1462, #1377, #279, .T. ) ;
#1511 = DIRECTION ( 'NONE',  ( -4.625929269271484928E-16, 0.000000000000000000, -1.000000000000000000 ) ) ;
#1512 = ORIENTED_EDGE ( 'NONE', *, *, #399, .F. ) ;
#1513 = DIRECTION ( 'NONE',  ( 0.000000000000000000, 0.000000000000000000, 1.000000000000000000 ) ) ;
#1514 = CARTESIAN_POINT ( 'NONE',  ( -23.60000000000001563, 209.8000000000000114, -44.39433078044950776 ) ) ;
#1515 = AXIS2_PLACEMENT_3D ( 'NONE', #835, #1073, #1331 ) ;
#1516 = ORIENTED_EDGE ( 'NONE', *, *, #579, .T. ) ;
#1517 = PLANE ( 'NONE',  #1450 ) ;
#1518 = CARTESIAN_POINT ( 'NONE',  ( 42.00000000000000711, 110.0000000000000000, -43.90000000000015490 ) ) ;
#1519 = ORIENTED_EDGE ( 'NONE', *, *, #914, .T. ) ;
#1520 = CARTESIAN_POINT ( 'NONE',  ( 0.000000000000000000, 102.0000000000000142, -44.00000000000014211 ) ) ;
#1521 = EDGE_LOOP ( 'NONE', ( #700, #421, #583, #1519 ) ) ;
#1522 = LINE ( 'NONE', #1053, #216 ) ;
#1523 = FACE_OUTER_BOUND ( 'NONE', #1113, .T. ) ;
#1524 = EDGE_CURVE ( 'NONE', #291, #113, #783, .T. ) ;
#1525 = ORIENTED_EDGE ( 'NONE', *, *, #866, .F. ) ;
#1526 = DIRECTION ( 'NONE',  ( -1.000000000000000000, 0.000000000000000000, 3.627006610403821410E-15 ) ) ;
#1527 = VECTOR ( 'NONE', #522, 1000.000000000000000 ) ;
#1528 = DIRECTION ( 'NONE',  ( 0.000000000000000000, -1.000000000000000000, 0.000000000000000000 ) ) ;
#1529 = CARTESIAN_POINT ( 'NONE',  ( 42.00000000000000711, 209.8000000000000114, -43.90000000000015490 ) ) ;
#1530 = CARTESIAN_POINT ( 'NONE',  ( 17.40000000000000213, 214.8000000000000114, -43.60000000000007248 ) ) ;
#1531 = EDGE_LOOP ( 'NONE', ( #527, #451, #90, #217 ) ) ;
#1532 = PLANE ( 'NONE',  #711 ) ;
#1533 = LINE ( 'NONE', #1151, #1380 ) ;
#1534 = EDGE_CURVE ( 'NONE', #1422, #1470, #545, .T. ) ;
#1535 = ORIENTED_EDGE ( 'NONE', *, *, #746, .F. ) ;
#1536 = AXIS2_PLACEMENT_3D ( 'NONE', #784, #1370, #1126 ) ;
#1537 = DIRECTION ( 'NONE',  ( -1.000000000000000000, 0.000000000000000000, 3.491481338843133355E-15 ) ) ;
#1538 = ADVANCED_FACE ( 'NONE', ( #1435 ), #951, .F. ) ;
#1539 = PLANE ( 'NONE',  #836 ) ;
#1540 = CARTESIAN_POINT ( 'NONE',  ( 16.70000000000000284, 110.0000000000000000, -44.80000000000015348 ) ) ;
#1541 = EDGE_LOOP ( 'NONE', ( #1362, #801, #1493, #1260 ) ) ;
#1542 = DIRECTION ( 'NONE',  ( 0.000000000000000000, 0.000000000000000000, -1.000000000000000000 ) ) ;
#1543 = EDGE_CURVE ( 'NONE', #101, #1193, #1324, .T. ) ;
#1544 = VECTOR ( 'NONE', #283, 1000.000000000000000 ) ;
#1545 = CARTESIAN_POINT ( 'NONE',  ( 41.20000000000000995, 209.8000000000000114, -42.80000000000015348 ) ) ;
#1546 = PLANE ( 'NONE',  #1245 ) ;
#1547 = ORIENTED_EDGE ( 'NONE', *, *, #980, .T. ) ;
#1548 = CARTESIAN_POINT ( 'NONE',  ( 6.500000000000010658, 102.0000000000000142, 0.000000000000000000 ) ) ;
#1549 = FACE_OUTER_BOUND ( 'NONE', #1236, .T. ) ;
#1550 = FACE_OUTER_BOUND ( 'NONE', #1149, .T. ) ;
#1551 = AXIS2_PLACEMENT_3D ( 'NONE', #1381, #1526, #143 ) ;
#1552 = DIRECTION ( 'NONE',  ( 1.000000000000000000, 0.000000000000000000, -3.491481338843133355E-15 ) ) ;
#1553 = CARTESIAN_POINT ( 'NONE',  ( 16.70000000000000284, 102.0000000000000142, -43.80000000000014637 ) ) ;
#1554 = ORIENTED_EDGE ( 'NONE', *, *, #716, .F. ) ;
#1555 = CARTESIAN_POINT ( 'NONE',  ( 2.233333333333259230, 116.6666666666667425, -29.33333333333334281 ) ) ;
#1556 = APPLICATION_CONTEXT ( 'automotive_design' ) ;
#1557 = CARTESIAN_POINT ( 'NONE',  ( 0.000000000000000000, 102.0000000000000142, 0.000000000000000000 ) ) ;
#1558 = EDGE_CURVE ( 'NONE', #938, #220, #824, .T. ) ;
#1559 = ORIENTED_EDGE ( 'NONE', *, *, #328, .F. ) ;
#1560 = CARTESIAN_POINT ( 'NONE',  ( -27.79999999999998295, 189.7999999999999829, -42.79999999999990479 ) ) ;
#1561 = SURFACE_SIDE_STYLE ('',( #565 ) ) ;
#1562 = DIRECTION ( 'NONE',  ( -0.000000000000000000, 1.000000000000000000, -0.000000000000000000 ) ) ;
#1563 = MANIFOLD_SOLID_BREP ( 'Chamfer1', #780 ) ;
#1564 = VECTOR ( 'NONE', #739, 1000.000000000000000 ) ;
#1565 = ORIENTED_EDGE ( 'NONE', *, *, #855, .T. ) ;
#1566 = CARTESIAN_POINT ( 'NONE',  ( 0.3999999999999906408, 209.8000000000000114, -43.60000000000000142 ) ) ;
#1567 = VERTEX_POINT ( 'NONE', #1574 ) ;
#1568 = FACE_OUTER_BOUND ( 'NONE', #680, .T. ) ;
#1569 = DIRECTION ( 'NONE',  ( -0.000000000000000000, -0.000000000000000000, 1.000000000000000000 ) ) ;
#1570 = ORIENTED_EDGE ( 'NONE', *, *, #1441, .T. ) ;
#1571 = DIRECTION ( 'NONE',  ( -3.491481338843133355E-15, 0.000000000000000000, -1.000000000000000000 ) ) ;
#1572 = EDGE_LOOP ( 'NONE', ( #513, #1209, #134, #845 ) ) ;
#1573 = DIRECTION ( 'NONE',  ( -1.000000000000000000, 0.000000000000000000, 0.000000000000000000 ) ) ;
#1574 = CARTESIAN_POINT ( 'NONE',  ( -3.600000000000020073, 209.8000000000000114, -44.39999999999999147 ) ) ;
#1575 = PLANE ( 'NONE',  #1170 ) ;
#1576 = ORIENTED_EDGE ( 'NONE', *, *, #22, .T. ) ;
#1577 = PLANE ( 'NONE',  #979 ) ;
#1578 = AXIS2_PLACEMENT_3D ( 'NONE', #886, #909, #1427 ) ;
#1579 = ORIENTED_EDGE ( 'NONE', *, *, #746, .T. ) ;
#1580 = LINE ( 'NONE', #564, #1145 ) ;
#1581 =( LENGTH_UNIT ( ) NAMED_UNIT ( * ) SI_UNIT ( .MILLI., .METRE. ) );
#1582 = FACE_OUTER_BOUND ( 'NONE', #1572, .T. ) ;
#1583 = VERTEX_POINT ( 'NONE', #1180 ) ;
#1584 = CARTESIAN_POINT ( 'NONE',  ( -33.29999999999999716, 102.1999999999999886, -44.80000000000015348 ) ) ;
#1585 = ORIENTED_EDGE ( 'NONE', *, *, #1317, .T. ) ;
#1586 = CARTESIAN_POINT ( 'NONE',  ( -33.29999999999999716, 102.0000000000000142, -44.00000000000013500 ) ) ;
#1587 = LINE ( 'NONE', #960, #1093 ) ;
#1588 = AXIS2_PLACEMENT_3D ( 'NONE', #299, #1181, #62 ) ;
#1589 = ORIENTED_EDGE ( 'NONE', *, *, #1008, .T. ) ;
#1590 = ORIENTED_EDGE ( 'NONE', *, *, #160, .T. ) ;
#1591 = PRODUCT_DEFINITION ( 'UNKNOWN', '', #576, #1144 ) ;
#1592 = ORIENTED_EDGE ( 'NONE', *, *, #300, .T. ) ;
#1593 = LINE ( 'NONE', #624, #572 ) ;
#1594 = VECTOR ( 'NONE', #1313, 1000.000000000000000 ) ;
#1595 = VECTOR ( 'NONE', #1062, 1000.000000000000114 ) ;
#1596 = CARTESIAN_POINT ( 'NONE',  ( 16.39999999999998437, 214.8000000000000114, -44.40000000000006963 ) ) ;
#1597 = EDGE_LOOP ( 'NONE', ( #480, #1309, #39, #9 ) ) ;
#1598 = ORIENTED_EDGE ( 'NONE', *, *, #1173, .F. ) ;
#1599 = VECTOR ( 'NONE', #1039, 1000.000000000000000 ) ;
#1600 = ORIENTED_EDGE ( 'NONE', *, *, #1185, .F. ) ;
#1601 = CARTESIAN_POINT ( 'NONE',  ( 6.766666666666712793, 87.13333333333328312, -29.73333333333343376 ) ) ;
#1602 = CARTESIAN_POINT ( 'NONE',  ( -19.60000000000002629, 214.8000000000000114, -43.59999999999993747 ) ) ;
#1603 = EDGE_CURVE ( 'NONE', #964, #140, #77, .T. ) ;
#1604 = VECTOR ( 'NONE', #707, 1000.000000000000000 ) ;
#1605 = DIRECTION ( 'NONE',  ( 1.000000000000000000, 0.000000000000000000, -3.491481338843133355E-15 ) ) ;
#1606 = EDGE_CURVE ( 'NONE', #706, #116, #1300, .T. ) ;
#1607 = VECTOR ( 'NONE', #989, 1000.000000000000000 ) ;
#1608 = ORIENTED_EDGE ( 'NONE', *, *, #368, .F. ) ;
#1609 = CARTESIAN_POINT ( 'NONE',  ( 41.20000000000000995, 110.0000000000000000, -42.80000000000015348 ) ) ;
#1610 = AXIS2_PLACEMENT_3D ( 'NONE', #1004, #4, #1390 ) ;
#1611 = CARTESIAN_POINT ( 'NONE',  ( 31.70000000000000639, 102.0000000000000142, -44.80000000000015348 ) ) ;
#1612 = ORIENTED_EDGE ( 'NONE', *, *, #1028, .T. ) ;
#1613 = CARTESIAN_POINT ( 'NONE',  ( 31.70000000000000639, 102.0000000000000142, -44.60000000000015774 ) ) ;
#1614 = AXIS2_PLACEMENT_3D ( 'NONE', #892, #530, #1276 ) ;
#1615 = CARTESIAN_POINT ( 'NONE',  ( -27.79999999999998295, 199.8000000000000114, -38.79999999999991189 ) ) ;
#1616 = EDGE_CURVE ( 'NONE', #728, #1583, #1196, .T. ) ;
ENDSEC;
END-ISO-10303-21;
