ISO-10303-21;
HEADER;
FILE_DESCRIPTION (( 'STEP AP214' ),
    '1' );
FILE_NAME ('TOP Cover 2.STEP',
    '2026-04-26T13:48:55',
    ( '' ),
    ( '' ),
    'SwSTEP 2.0',
    'SolidWorks 2022',
    '' );
FILE_SCHEMA (( 'AUTOMOTIVE_DESIGN' ));
ENDSEC;

DATA;
#1 = ORIENTED_EDGE ( 'NONE', *, *, #1991, .T. ) ;
#2 = VERTEX_POINT ( 'NONE', #2026 ) ;
#3 = ORIENTED_EDGE ( 'NONE', *, *, #1329, .F. ) ;
#4 = VECTOR ( 'NONE', #1633, 1000.000000000000000 ) ;
#5 = VECTOR ( 'NONE', #1199, 1000.000000000000000 ) ;
#6 = DIRECTION ( 'NONE',  ( 1.000000000000000000, 0.000000000000000000, -1.021821516289377643E-12 ) ) ;
#7 = EDGE_CURVE ( 'NONE', #532, #810, #1151, .T. ) ;
#8 = CARTESIAN_POINT ( 'NONE',  ( -39.70000000006319851, 217.0000000000000000, -11.70000000002338147 ) ) ;
#9 = FACE_OUTER_BOUND ( 'NONE', #891, .T. ) ;
#10 = CARTESIAN_POINT ( 'NONE',  ( -60.70000000006237428, 217.0000000000000000, -10.90000000000192237 ) ) ;
#11 = ORIENTED_EDGE ( 'NONE', *, *, #1997, .F. ) ;
#12 = CARTESIAN_POINT ( 'NONE',  ( -80.70000000006238849, 217.0000000000000000, -10.89999999998148539 ) ) ;
#13 = ORIENTED_EDGE ( 'NONE', *, *, #2099, .T. ) ;
#14 = VERTEX_POINT ( 'NONE', #1994 ) ;
#15 = ORIENTED_EDGE ( 'NONE', *, *, #1730, .F. ) ;
#16 = VECTOR ( 'NONE', #1382, 1000.000000000000000 ) ;
#17 = FACE_BOUND ( 'NONE', #1411, .T. ) ;
#18 = ADVANCED_FACE ( 'NONE', ( #168, #2016, #1182, #1849 ), #498, .F. ) ;
#19 = ADVANCED_FACE ( 'NONE', ( #821 ), #674, .F. ) ;
#20 = ORIENTED_EDGE ( 'NONE', *, *, #1676, .F. ) ;
#21 = DIRECTION ( 'NONE',  ( -1.000000000000000000, -0.000000000000000000, 1.021800699607666527E-12 ) ) ;
#22 = DIRECTION ( 'NONE',  ( 1.214069631081469458E-28, 1.000000000000000000, 1.188166764367676588E-16 ) ) ;
#23 = CARTESIAN_POINT ( 'NONE',  ( -111.5000000000609504, 162.0000000000000000, -2.499999999949005680 ) ) ;
#24 = DIRECTION ( 'NONE',  ( -1.000000000000000000, 0.000000000000000000, 1.021821516289377643E-12 ) ) ;
#25 = VECTOR ( 'NONE', #1465, 1000.000000000000000 ) ;
#26 =( NAMED_UNIT ( * ) SI_UNIT ( $, .STERADIAN. ) SOLID_ANGLE_UNIT ( ) );
#27 = ORIENTED_EDGE ( 'NONE', *, *, #1449, .T. ) ;
#28 = ORIENTED_EDGE ( 'NONE', *, *, #526, .F. ) ;
#29 = EDGE_LOOP ( 'NONE', ( #721, #1180, #1729, #166 ) ) ;
#30 = CARTESIAN_POINT ( 'NONE',  ( -112.5000000000538023, 340.0000000000000000, -2.499999999948980367 ) ) ;
#31 = ORIENTED_EDGE ( 'NONE', *, *, #1068, .F. ) ;
#32 = CIRCLE ( 'NONE', #133, 12.50000000000001066 ) ;
#33 = CARTESIAN_POINT ( 'NONE',  ( -83.70000000006238849, 217.0000000000000000, -10.89999999997841940 ) ) ;
#34 = DIRECTION ( 'NONE',  ( -0.000000000000000000, 1.000000000000000000, -0.000000000000000000 ) ) ;
#35 = PLANE ( 'NONE',  #1069 ) ;
#36 = CARTESIAN_POINT ( 'NONE',  ( -16.50000000005989875, 170.0000000000000000, -8.500000000047073456 ) ) ;
#37 = AXIS2_PLACEMENT_3D ( 'NONE', #1941, #1639, #2113 ) ;
#38 = FACE_OUTER_BOUND ( 'NONE', #409, .T. ) ;
#39 = VERTEX_POINT ( 'NONE', #1853 ) ;
#40 = EDGE_LOOP ( 'NONE', ( #2071, #1511, #236, #124 ) ) ;
#41 = DIRECTION ( 'NONE',  ( 1.021800699607666527E-12, 0.000000000000000000, 1.000000000000000000 ) ) ;
#42 = ORIENTED_EDGE ( 'NONE', *, *, #2098, .T. ) ;
#43 = CARTESIAN_POINT ( 'NONE',  ( -110.9000000000517616, 170.0000000000000000, -0.4999999999506163362 ) ) ;
#44 = CARTESIAN_POINT ( 'NONE',  ( -111.5000000000609504, 170.0000000000000000, -2.499999999949005680 ) ) ;
#45 = LINE ( 'NONE', #515, #1534 ) ;
#46 = PLANE ( 'NONE',  #459 ) ;
#47 = DIRECTION ( 'NONE',  ( 1.000000000000000000, 0.000000000000000000, -1.021821516289377643E-12 ) ) ;
#48 = ORIENTED_EDGE ( 'NONE', *, *, #2125, .T. ) ;
#49 = ORIENTED_EDGE ( 'NONE', *, *, #69, .F. ) ;
#50 = ADVANCED_FACE ( 'NONE', ( #561 ), #196, .F. ) ;
#51 = ORIENTED_EDGE ( 'NONE', *, *, #1103, .F. ) ;
#52 = PLANE ( 'NONE',  #628 ) ;
#53 = CARTESIAN_POINT ( 'NONE',  ( -12.50000000005172041, 3.514504704576388553E-16, -0.5000000000512042631 ) ) ;
#54 = EDGE_CURVE ( 'NONE', #145, #1827, #536, .T. ) ;
#55 = DIRECTION ( 'NONE',  ( -1.021800699607666527E-12, 0.000000000000000000, -1.000000000000000000 ) ) ;
#56 = DIRECTION ( 'NONE',  ( -1.262632416324728146E-28, -1.000000000000000000, -1.235693434942383514E-16 ) ) ;
#57 = CARTESIAN_POINT ( 'NONE',  ( -40.10000000006400001, 331.8000000000000114, -11.50000000004809841 ) ) ;
#58 = ORIENTED_EDGE ( 'NONE', *, *, #1924, .T. ) ;
#59 = ORIENTED_EDGE ( 'NONE', *, *, #407, .F. ) ;
#60 = VECTOR ( 'NONE', #169, 1000.000000000000000 ) ;
#61 = VERTEX_POINT ( 'NONE', #678 ) ;
#62 = DIRECTION ( 'NONE',  ( -1.021800699607666527E-12, 0.000000000000000000, -1.000000000000000000 ) ) ;
#63 = VECTOR ( 'NONE', #2068, 1000.000000000000114 ) ;
#64 = LINE ( 'NONE', #1261, #921 ) ;
#65 = PLANE ( 'NONE',  #553 ) ;
#66 = LINE ( 'NONE', #1716, #571 ) ;
#67 = CARTESIAN_POINT ( 'NONE',  ( -112.5000000000640199, 216.9999999999999432, -12.49999999994898303 ) ) ;
#68 = ORIENTED_EDGE ( 'NONE', *, *, #1103, .T. ) ;
#69 = EDGE_CURVE ( 'NONE', #507, #875, #548, .T. ) ;
#70 = ORIENTED_EDGE ( 'NONE', *, *, #332, .F. ) ;
#71 = VECTOR ( 'NONE', #935, 1000.000000000000000 ) ;
#72 = ORIENTED_EDGE ( 'NONE', *, *, #1730, .T. ) ;
#73 = EDGE_CURVE ( 'NONE', #695, #507, #1721, .T. ) ;
#74 = FACE_OUTER_BOUND ( 'NONE', #2090, .T. ) ;
#75 = CARTESIAN_POINT ( 'NONE',  ( -24.90000000006400427, 331.8000000000000114, -11.50000000004809841 ) ) ;
#76 = DIRECTION ( 'NONE',  ( 1.141265444721583757E-16, 0.000000000000000000, 1.000000000000000000 ) ) ;
#77 = DIRECTION ( 'NONE',  ( -1.021800699607666527E-12, 0.000000000000000000, -1.000000000000000000 ) ) ;
#78 = PLANE ( 'NONE',  #583 ) ;
#79 = ORIENTED_EDGE ( 'NONE', *, *, #1226, .F. ) ;
#80 = ORIENTED_EDGE ( 'NONE', *, *, #566, .T. ) ;
#81 = VERTEX_POINT ( 'NONE', #1010 ) ;
#82 = DIRECTION ( 'NONE',  ( -0.7808688094436684324, 0.000000000000000000, -0.6246950475536265923 ) ) ;
#83 = VECTOR ( 'NONE', #1048, 1000.000000000000000 ) ;
#84 = AXIS2_PLACEMENT_3D ( 'NONE', #815, #185, #141 ) ;
#85 = LINE ( 'NONE', #1962, #803 ) ;
#86 = CARTESIAN_POINT ( 'NONE',  ( -112.5000000000517559, 170.0000000000000000, -0.4999999999490036817 ) ) ;
#87 = VECTOR ( 'NONE', #1353, 1000.000000000000000 ) ;
#88 = CARTESIAN_POINT ( 'NONE',  ( -16.50000000006399148, 340.0000000000000000, -12.50000000004707523 ) ) ;
#89 = CARTESIAN_POINT ( 'NONE',  ( -67.24895941883355022, 315.4744937980117356, -9.499999999995218047 ) ) ;
#90 = VERTEX_POINT ( 'NONE', #380 ) ;
#91 = VERTEX_POINT ( 'NONE', #2040 ) ;
#92 = CIRCLE ( 'NONE', #1595, 8.000000000000007105 ) ;
#93 = VERTEX_POINT ( 'NONE', #700 ) ;
#94 = DIRECTION ( 'NONE',  ( 1.021800699607666527E-12, 0.000000000000000000, 1.000000000000000000 ) ) ;
#95 = DIRECTION ( 'NONE',  ( 1.000000000000000000, 0.000000000000000000, -1.021800699607666527E-12 ) ) ;
#96 = PLANE ( 'NONE',  #653 ) ;
#97 = AXIS2_PLACEMENT_3D ( 'NONE', #270, #1435, #1919 ) ;
#98 = DIRECTION ( 'NONE',  ( 0.6246950475552225379, 0.000000000000000000, 0.7808688094423916759 ) ) ;
#99 = DIRECTION ( 'NONE',  ( 5.966990492490394629E-18, -1.000000000000000000, -6.097075059778979566E-30 ) ) ;
#100 = VECTOR ( 'NONE', #2136, 1000.000000000000000 ) ;
#101 = ORIENTED_EDGE ( 'NONE', *, *, #950, .F. ) ;
#102 = ORIENTED_EDGE ( 'NONE', *, *, #606, .T. ) ;
#103 = AXIS2_PLACEMENT_3D ( 'NONE', #1404, #1436, #564 ) ;
#104 = PLANE ( 'NONE',  #1379 ) ;
#105 = CARTESIAN_POINT ( 'NONE',  ( -80.70000000006238849, 212.0000000000000000, -10.89999999998148539 ) ) ;
#106 = DIRECTION ( 'NONE',  ( -0.7808688094436680993, 0.000000000000000000, -0.6246950475536270364 ) ) ;
#107 = CYLINDRICAL_SURFACE ( 'NONE', #1446, 12.50000000000001066 ) ;
#108 = ADVANCED_FACE ( 'NONE', ( #835 ), #230, .T. ) ;
#109 = VECTOR ( 'NONE', #187, 1000.000000000000000 ) ;
#110 = VECTOR ( 'NONE', #1699, 1000.000000000000000 ) ;
#111 = LINE ( 'NONE', #770, #1702 ) ;
#112 = EDGE_CURVE ( 'NONE', #1080, #1969, #1558, .T. ) ;
#113 = ORIENTED_EDGE ( 'NONE', *, *, #1100, .F. ) ;
#114 = EDGE_CURVE ( 'NONE', #1575, #1470, #1057, .T. ) ;
#115 = EDGE_CURVE ( 'NONE', #14, #155, #221, .T. ) ;
#116 = ADVANCED_FACE ( 'NONE', ( #1862 ), #722, .F. ) ;
#117 = PLANE ( 'NONE',  #2126 ) ;
#118 = CYLINDRICAL_SURFACE ( 'NONE', #97, 8.000000000000014211 ) ;
#119 = APPLICATION_PROTOCOL_DEFINITION ( 'draft international standard', 'automotive_design', 1998, #1469 ) ;
#120 = PLANE ( 'NONE',  #1163 ) ;
#121 = EDGE_CURVE ( 'NONE', #1990, #1824, #869, .T. ) ;
#122 = VECTOR ( 'NONE', #1190, 1000.000000000000000 ) ;
#123 = DIRECTION ( 'NONE',  ( -1.219415011955796222E-28, -1.000000000000000000, -1.193398098498079265E-16 ) ) ;
#124 = ORIENTED_EDGE ( 'NONE', *, *, #1033, .F. ) ;
#125 = VERTEX_POINT ( 'NONE', #367 ) ;
#126 = LINE ( 'NONE', #618, #919 ) ;
#127 = AXIS2_PLACEMENT_3D ( 'NONE', #2145, #655, #987 ) ;
#128 = DIRECTION ( 'NONE',  ( 1.021800699607666527E-12, -0.000000000000000000, 1.000000000000000000 ) ) ;
#129 =( LENGTH_UNIT ( ) NAMED_UNIT ( * ) SI_UNIT ( .MILLI., .METRE. ) );
#130 = FACE_OUTER_BOUND ( 'NONE', #762, .T. ) ;
#131 = CARTESIAN_POINT ( 'NONE',  ( -112.5000000000517559, -1.430799676093869988E-15, -0.4999999999490238878 ) ) ;
#132 = EDGE_LOOP ( 'NONE', ( #206, #1410, #1109, #1161 ) ) ;
#133 = AXIS2_PLACEMENT_3D ( 'NONE', #346, #671, #47 ) ;
#134 = VERTEX_POINT ( 'NONE', #1512 ) ;
#135 = ADVANCED_FACE ( 'NONE', ( #1547 ), #52, .F. ) ;
#136 = DIRECTION ( 'NONE',  ( -1.000000000000000000, 0.000000000000000000, 1.021821516289377643E-12 ) ) ;
#137 = EDGE_CURVE ( 'NONE', #93, #61, #709, .T. ) ;
#138 = DIRECTION ( 'NONE',  ( -0.000000000000000000, 1.000000000000000000, -0.000000000000000000 ) ) ;
#139 = FILL_AREA_STYLE ('',( #948 ) ) ;
#140 = DIRECTION ( 'NONE',  ( 0.000000000000000000, 1.000000000000000000, 0.000000000000000000 ) ) ;
#141 = DIRECTION ( 'NONE',  ( 1.000000000000000000, 0.000000000000000000, -1.021800699607666527E-12 ) ) ;
#142 = CARTESIAN_POINT ( 'NONE',  ( -84.70000000006321272, 212.0000000000000000, -11.69999999997739870 ) ) ;
#143 = CARTESIAN_POINT ( 'NONE',  ( -41.24895941882640216, 315.4744937980117356, -2.500000000021785684 ) ) ;
#144 = ORIENTED_EDGE ( 'NONE', *, *, #1206, .T. ) ;
#145 = VERTEX_POINT ( 'NONE', #392 ) ;
#146 = EDGE_CURVE ( 'NONE', #1030, #697, #512, .T. ) ;
#147 = LINE ( 'NONE', #1798, #1431 ) ;
#148 = LINE ( 'NONE', #1620, #2128 ) ;
#149 = DIRECTION ( 'NONE',  ( 0.7808688094423898995, 0.000000000000000000, -0.6246950475552246473 ) ) ;
#150 = LINE ( 'NONE', #804, #1320 ) ;
#151 = CARTESIAN_POINT ( 'NONE',  ( -12.50000000004866685, 170.0000000000000000, 2.499999999948815610 ) ) ;
#152 = LINE ( 'NONE', #1955, #1032 ) ;
#153 = CARTESIAN_POINT ( 'NONE',  ( -105.3000000000632070, 212.0000000000000000, -11.69999999995634532 ) ) ;
#154 = ORIENTED_EDGE ( 'NONE', *, *, #2035, .F. ) ;
#155 = VERTEX_POINT ( 'NONE', #880 ) ;
#156 = FACE_OUTER_BOUND ( 'NONE', #1018, .T. ) ;
#157 = EDGE_CURVE ( 'NONE', #707, #1070, #1359, .T. ) ;
#158 = EDGE_CURVE ( 'NONE', #1990, #1375, #208, .T. ) ;
#159 = DIRECTION ( 'NONE',  ( -1.000000000000000000, 0.000000000000000000, 1.021752127350338571E-12 ) ) ;
#160 = DIRECTION ( 'NONE',  ( -1.000000000000000000, 0.000000000000000000, 1.021687116522929912E-12 ) ) ;
#161 = VECTOR ( 'NONE', #573, 1000.000000000000000 ) ;
#162 = DIRECTION ( 'NONE',  ( 0.000000000000000000, -1.000000000000000000, 0.000000000000000000 ) ) ;
#163 = ORIENTED_EDGE ( 'NONE', *, *, #1881, .T. ) ;
#164 = ADVANCED_FACE ( 'NONE', ( #2082 ), #117, .T. ) ;
#165 = VERTEX_POINT ( 'NONE', #592 ) ;
#166 = ORIENTED_EDGE ( 'NONE', *, *, #741, .F. ) ;
#167 = AXIS2_PLACEMENT_3D ( 'NONE', #440, #423, #1773 ) ;
#168 = FACE_BOUND ( 'NONE', #819, .T. ) ;
#169 = DIRECTION ( 'NONE',  ( 0.000000000000000000, -1.000000000000000000, 0.000000000000000000 ) ) ;
#170 = CARTESIAN_POINT ( 'NONE',  ( -16.50000000006153655, 212.0000000000000000, -10.10000000004707488 ) ) ;
#171 = DIRECTION ( 'NONE',  ( 1.000000000000000000, 0.000000000000000000, -1.141265444721583757E-16 ) ) ;
#172 = DIRECTION ( 'NONE',  ( 1.021800699607666527E-12, -0.000000000000000000, 1.000000000000000000 ) ) ;
#173 = VECTOR ( 'NONE', #1877, 1000.000000000000000 ) ;
#174 = ORIENTED_EDGE ( 'NONE', *, *, #1060, .T. ) ;
#175 = EDGE_CURVE ( 'NONE', #1034, #1748, #1612, .T. ) ;
#176 = ADVANCED_FACE ( 'NONE', ( #1090 ), #278, .F. ) ;
#177 = VERTEX_POINT ( 'NONE', #1081 ) ;
#178 = ORIENTED_EDGE ( 'NONE', *, *, #327, .F. ) ;
#179 = ORIENTED_EDGE ( 'NONE', *, *, #137, .T. ) ;
#180 = EDGE_CURVE ( 'NONE', #286, #1470, #923, .T. ) ;
#181 = DIRECTION ( 'NONE',  ( -0.000000000000000000, 1.000000000000000000, -0.000000000000000000 ) ) ;
#182 = EDGE_CURVE ( 'NONE', #155, #463, #1591, .T. ) ;
#183 = ORIENTED_EDGE ( 'NONE', *, *, #647, .T. ) ;
#184 = DIRECTION ( 'NONE',  ( -1.021670595346968267E-12, 0.000000000000000000, -1.000000000000000000 ) ) ;
#185 = DIRECTION ( 'NONE',  ( 1.021800699607666527E-12, 0.000000000000000000, 1.000000000000000000 ) ) ;
#186 = PLANE ( 'NONE',  #963 ) ;
#187 = DIRECTION ( 'NONE',  ( -1.000000000000000000, -0.000000000000000000, 1.021800699607666527E-12 ) ) ;
#188 = EDGE_CURVE ( 'NONE', #125, #1824, #1579, .T. ) ;
#189 = LINE ( 'NONE', #57, #1240 ) ;
#190 = AXIS2_PLACEMENT_3D ( 'NONE', #352, #62, #1035 ) ;
#191 = ORIENTED_EDGE ( 'NONE', *, *, #1938, .F. ) ;
#192 = ORIENTED_EDGE ( 'NONE', *, *, #2105, .F. ) ;
#193 = EDGE_LOOP ( 'NONE', ( #436, #1533, #897, #1519 ) ) ;
#194 = FACE_BOUND ( 'NONE', #40, .T. ) ;
#195 = ORIENTED_EDGE ( 'NONE', *, *, #1138, .F. ) ;
#196 = CYLINDRICAL_SURFACE ( 'NONE', #190, 12.50000000000001066 ) ;
#197 = CARTESIAN_POINT ( 'NONE',  ( -70.10000000006400001, 331.8000000000000114, -11.70000000004707630 ) ) ;
#198 = DIRECTION ( 'NONE',  ( 1.000000000000000000, 0.000000000000000000, -1.021800699607666527E-12 ) ) ;
#199 = LINE ( 'NONE', #576, #1789 ) ;
#200 = DIRECTION ( 'NONE',  ( 1.262632416324728146E-28, 1.000000000000000000, 1.235693434942383514E-16 ) ) ;
#201 = EDGE_LOOP ( 'NONE', ( #555, #1828, #1531, #1056 ) ) ;
#202 = ORIENTED_EDGE ( 'NONE', *, *, #1438, .F. ) ;
#203 = ORIENTED_EDGE ( 'NONE', *, *, #356, .T. ) ;
#204 = AXIS2_PLACEMENT_3D ( 'NONE', #280, #1082, #934 ) ;
#205 = DIRECTION ( 'NONE',  ( 1.021800699607666527E-12, 0.000000000000000000, 1.000000000000000000 ) ) ;
#206 = ORIENTED_EDGE ( 'NONE', *, *, #1950, .T. ) ;
#207 = CIRCLE ( 'NONE', #305, 8.000000000000007105 ) ;
#208 = LINE ( 'NONE', #857, #909 ) ;
#209 = ADVANCED_FACE ( 'NONE', ( #1897 ), #1763, .F. ) ;
#210 = LINE ( 'NONE', #893, #2088 ) ;
#211 = LINE ( 'NONE', #702, #1316 ) ;
#212 = LINE ( 'NONE', #1051, #1043 ) ;
#213 = VECTOR ( 'NONE', #1050, 1000.000000000000000 ) ;
#214 = ORIENTED_EDGE ( 'NONE', *, *, #54, .F. ) ;
#215 = ORIENTED_EDGE ( 'NONE', *, *, #452, .T. ) ;
#216 = EDGE_LOOP ( 'NONE', ( #853, #1590, #820, #1417 ) ) ;
#217 = EDGE_CURVE ( 'NONE', #387, #427, #1753, .T. ) ;
#218 = AXIS2_PLACEMENT_3D ( 'NONE', #1725, #885, #1689 ) ;
#219 = AXIS2_PLACEMENT_3D ( 'NONE', #811, #297, #1619 ) ;
#220 = ORIENTED_EDGE ( 'NONE', *, *, #327, .T. ) ;
#221 = LINE ( 'NONE', #1175, #1683 ) ;
#222 = CARTESIAN_POINT ( 'NONE',  ( -12.50000000006092016, 170.0000000000000000, -9.500000000051162630 ) ) ;
#223 = LINE ( 'NONE', #1350, #2108 ) ;
#224 = DIRECTION ( 'NONE',  ( 0.000000000000000000, -1.000000000000000000, 0.000000000000000000 ) ) ;
#225 =( NAMED_UNIT ( * ) PLANE_ANGLE_UNIT ( ) SI_UNIT ( $, .RADIAN. ) );
#226 = ORIENTED_EDGE ( 'NONE', *, *, #1363, .T. ) ;
#227 = ORIENTED_EDGE ( 'NONE', *, *, #651, .F. ) ;
#228 = ORIENTED_EDGE ( 'NONE', *, *, #112, .F. ) ;
#229 = EDGE_CURVE ( 'NONE', #1684, #1230, #1743, .T. ) ;
#230 = PLANE ( 'NONE',  #1406 ) ;
#231 = ORIENTED_EDGE ( 'NONE', *, *, #316, .T. ) ;
#232 = DIRECTION ( 'NONE',  ( -1.000000000000000000, 0.000000000000000000, 1.021800699607666527E-12 ) ) ;
#233 = LINE ( 'NONE', #1593, #173 ) ;
#234 = LINE ( 'NONE', #694, #1983 ) ;
#235 = VERTEX_POINT ( 'NONE', #1260 ) ;
#236 = ORIENTED_EDGE ( 'NONE', *, *, #1060, .F. ) ;
#237 = VECTOR ( 'NONE', #1235, 1000.000000000000000 ) ;
#238 = ADVANCED_FACE ( 'NONE', ( #74 ), #104, .F. ) ;
#239 = ORIENTED_EDGE ( 'NONE', *, *, #492, .F. ) ;
#240 = CARTESIAN_POINT ( 'NONE',  ( -19.70000000006319496, 212.0000000000000000, -11.70000000004380780 ) ) ;
#241 = VERTEX_POINT ( 'NONE', #1270 ) ;
#242 = VECTOR ( 'NONE', #1025, 999.9999999999998863 ) ;
#243 = CARTESIAN_POINT ( 'NONE',  ( -109.5000000000487006, 170.0000000000000000, 2.500000000047930993 ) ) ;
#244 = FACE_OUTER_BOUND ( 'NONE', #351, .T. ) ;
#245 = LINE ( 'NONE', #895, #2065 ) ;
#246 = CARTESIAN_POINT ( 'NONE',  ( -100.1000000000640142, 331.8000000000000114, -10.30000000004809735 ) ) ;
#247 = VERTEX_POINT ( 'NONE', #250 ) ;
#248 = ORIENTED_EDGE ( 'NONE', *, *, #1997, .T. ) ;
#249 = VERTEX_POINT ( 'NONE', #439 ) ;
#250 = CARTESIAN_POINT ( 'NONE',  ( -83.70000000006238849, 212.0000000000000000, -10.89999999997841940 ) ) ;
#251 = DIRECTION ( 'NONE',  ( 0.000000000000000000, 0.000000000000000000, -1.000000000000000000 ) ) ;
#252 = DIRECTION ( 'NONE',  ( 1.262632416324728146E-28, 1.000000000000000000, 1.235693434942383514E-16 ) ) ;
#253 = CARTESIAN_POINT ( 'NONE',  ( -24.90000000006400427, 340.0000000000000000, -11.50000000004809841 ) ) ;
#254 = CARTESIAN_POINT ( 'NONE',  ( -15.50000000006092371, 170.0000000000000000, -9.500000000048096638 ) ) ;
#255 = EDGE_LOOP ( 'NONE', ( #1569, #1022, #1288, #1278 ) ) ;
#256 = ORIENTED_EDGE ( 'NONE', *, *, #1723, .F. ) ;
#257 = ORIENTED_EDGE ( 'NONE', *, *, #1280, .T. ) ;
#258 = CARTESIAN_POINT ( 'NONE',  ( -75.24895941883355022, 315.4744937980117356, -9.499999999987045030 ) ) ;
#259 = VECTOR ( 'NONE', #1185, 1000.000000000000000 ) ;
#260 = VECTOR ( 'NONE', #128, 1000.000000000000000 ) ;
#261 = DIRECTION ( 'NONE',  ( 0.9701425001455797892, -0.000000000000000000, 0.2425356250353413179 ) ) ;
#262 = FACE_OUTER_BOUND ( 'NONE', #391, .T. ) ;
#263 = CARTESIAN_POINT ( 'NONE',  ( -112.5000000000517559, 340.0000000000000000, -0.4999999999489851410 ) ) ;
#264 = DIRECTION ( 'NONE',  ( -0.6246950475536265923, 0.000000000000000000, 0.7808688094436684324 ) ) ;
#265 = VERTEX_POINT ( 'NONE', #753 ) ;
#266 = VECTOR ( 'NONE', #1660, 1000.000000000000000 ) ;
#267 = EDGE_LOOP ( 'NONE', ( #1089, #1626, #1968, #888 ) ) ;
#268 = CARTESIAN_POINT ( 'NONE',  ( -105.3000000000623828, 170.0000000000000000, -10.89999999995634639 ) ) ;
#269 = EDGE_CURVE ( 'NONE', #739, #1635, #92, .T. ) ;
#270 = CARTESIAN_POINT ( 'NONE',  ( -49.24895941882641637, 315.4744937980117356, -2.500000000013611334 ) ) ;
#271 = LINE ( 'NONE', #86, #476 ) ;
#272 = VECTOR ( 'NONE', #1360, 1000.000000000000000 ) ;
#273 = DIRECTION ( 'NONE',  ( -1.021800699607666527E-12, 0.000000000000000000, -1.000000000000000000 ) ) ;
#274 = LINE ( 'NONE', #1608, #1830 ) ;
#275 = VERTEX_POINT ( 'NONE', #413 ) ;
#276 = ADVANCED_FACE ( 'NONE', ( #1434 ), #1071, .F. ) ;
#277 = PRESENTATION_LAYER_ASSIGNMENT (  '', '', ( #1210 ) ) ;
#278 = PLANE ( 'NONE',  #1472 ) ;
#279 = ADVANCED_FACE ( 'NONE', ( #1937 ), #1733, .F. ) ;
#280 = CARTESIAN_POINT ( 'NONE',  ( -44.70000000006320562, 217.0000000000000000, -11.70000000001827445 ) ) ;
#281 = CARTESIAN_POINT ( 'NONE',  ( -12.50000000006092016, 340.0000000000000000, -9.500000000051162630 ) ) ;
#282 = CIRCLE ( 'NONE', #1714, 12.50000000000001066 ) ;
#283 = VECTOR ( 'NONE', #181, 1000.000000000000000 ) ;
#284 = CARTESIAN_POINT ( 'NONE',  ( -40.10000000006400001, 331.8000000000000114, -11.50000000004809841 ) ) ;
#285 = ORIENTED_EDGE ( 'NONE', *, *, #1432, .T. ) ;
#286 = VERTEX_POINT ( 'NONE', #240 ) ;
#287 = CARTESIAN_POINT ( 'NONE',  ( -54.90000000006401137, 331.8000000000000114, -11.70000000004707630 ) ) ;
#288 = LINE ( 'NONE', #1442, #1970 ) ;
#289 = FACE_OUTER_BOUND ( 'NONE', #715, .T. ) ;
#290 = CARTESIAN_POINT ( 'NONE',  ( -110.5000000000609504, 170.0000000000000000, -2.499999999949005680 ) ) ;
#291 = ADVANCED_FACE ( 'NONE', ( #1412 ), #1098, .T. ) ;
#292 = COLOUR_RGB ( '',0.7921568627450980005, 0.8196078431372548767, 0.9333333333333333481 ) ;
#293 = DIRECTION ( 'NONE',  ( -1.000000000000000000, -0.000000000000000000, -0.000000000000000000 ) ) ;
#294 = ORIENTED_EDGE ( 'NONE', *, *, #1656, .T. ) ;
#295 = ORIENTED_EDGE ( 'NONE', *, *, #1496, .F. ) ;
#296 = EDGE_CURVE ( 'NONE', #1055, #519, #1767, .T. ) ;
#297 = DIRECTION ( 'NONE',  ( 1.000000000000000000, 0.000000000000000000, -0.000000000000000000 ) ) ;
#298 = VECTOR ( 'NONE', #747, 1000.000000000000227 ) ;
#299 = LINE ( 'NONE', #629, #260 ) ;
#300 = DIRECTION ( 'NONE',  ( 1.021800699607666527E-12, -0.000000000000000000, 1.000000000000000000 ) ) ;
#301 = DIRECTION ( 'NONE',  ( 1.000000000000000000, 0.000000000000000000, -1.021800699607666527E-12 ) ) ;
#302 = CARTESIAN_POINT ( 'NONE',  ( -24.90000000006400427, 340.0000000000000000, -11.50000000004809841 ) ) ;
#303 = CARTESIAN_POINT ( 'NONE',  ( -37.00000000005378098, 229.4999999999999716, -2.500000000026126656 ) ) ;
#304 = VERTEX_POINT ( 'NONE', #1961 ) ;
#305 = AXIS2_PLACEMENT_3D ( 'NONE', #1857, #1551, #1542 ) ;
#306 = ORIENTED_EDGE ( 'NONE', *, *, #1506, .F. ) ;
#307 = CARTESIAN_POINT ( 'NONE',  ( -75.24895941883355022, 315.4744937980117356, -9.499999999987045030 ) ) ;
#308 = AXIS2_PLACEMENT_3D ( 'NONE', #1464, #1952, #149 ) ;
#309 = FACE_OUTER_BOUND ( 'NONE', #827, .T. ) ;
#310 = CARTESIAN_POINT ( 'NONE',  ( -100.1000000000640142, 340.0000000000000000, -11.50000000004809486 ) ) ;
#311 = FACE_OUTER_BOUND ( 'NONE', #646, .T. ) ;
#312 = DIRECTION ( 'NONE',  ( -0.7808688094436688765, 0.000000000000000000, -0.6246950475536261482 ) ) ;
#313 = LINE ( 'NONE', #989, #1610 ) ;
#314 = ORIENTED_EDGE ( 'NONE', *, *, #2098, .F. ) ;
#315 = AXIS2_PLACEMENT_3D ( 'NONE', #1823, #683, #1643 ) ;
#316 = EDGE_CURVE ( 'NONE', #1095, #707, #975, .T. ) ;
#317 = ORIENTED_EDGE ( 'NONE', *, *, #2042, .T. ) ;
#318 = CARTESIAN_POINT ( 'NONE',  ( -44.70000000006320562, 217.0000000000000000, -11.70000000001827445 ) ) ;
#319 = FACE_BOUND ( 'NONE', #1696, .T. ) ;
#320 = FACE_OUTER_BOUND ( 'NONE', #899, .T. ) ;
#321 = FACE_OUTER_BOUND ( 'NONE', #2018, .T. ) ;
#322 = FACE_OUTER_BOUND ( 'NONE', #1205, .T. ) ;
#323 = ORIENTED_EDGE ( 'NONE', *, *, #1334, .T. ) ;
#324 = ORIENTED_EDGE ( 'NONE', *, *, #590, .F. ) ;
#325 = ORIENTED_EDGE ( 'NONE', *, *, #1752, .T. ) ;
#326 = DIRECTION ( 'NONE',  ( 0.000000000000000000, -0.000000000000000000, 1.000000000000000000 ) ) ;
#327 = EDGE_CURVE ( 'NONE', #1635, #739, #1096, .T. ) ;
#328 = EDGE_CURVE ( 'NONE', #1215, #972, #126, .T. ) ;
#329 = FACE_OUTER_BOUND ( 'NONE', #1192, .T. ) ;
#330 = LINE ( 'NONE', #1189, #1565 ) ;
#331 = LINE ( 'NONE', #657, #1143 ) ;
#332 = EDGE_CURVE ( 'NONE', #695, #1459, #784, .T. ) ;
#333 = EDGE_LOOP ( 'NONE', ( #1564, #607, #306, #420 ) ) ;
#334 = ORIENTED_EDGE ( 'NONE', *, *, #941, .T. ) ;
#335 = ORIENTED_EDGE ( 'NONE', *, *, #2039, .T. ) ;
#336 = EDGE_CURVE ( 'NONE', #1481, #2028, #1279, .T. ) ;
#337 = EDGE_LOOP ( 'NONE', ( #1816, #841, #818, #790 ) ) ;
#338 = VECTOR ( 'NONE', #2123, 1000.000000000000000 ) ;
#339 = CARTESIAN_POINT ( 'NONE',  ( -43.70000000006238139, 217.0000000000000000, -10.90000000001929159 ) ) ;
#340 = ORIENTED_EDGE ( 'NONE', *, *, #1258, .T. ) ;
#341 = EDGE_CURVE ( 'NONE', #90, #1787, #1302, .T. ) ;
#342 = DIRECTION ( 'NONE',  ( 1.000000000000000000, 0.000000000000000000, -1.021687116522929912E-12 ) ) ;
#343 = CARTESIAN_POINT ( 'NONE',  ( -19.70000000006237428, 212.0000000000000000, -10.90000000004380531 ) ) ;
#344 = CARTESIAN_POINT ( 'NONE',  ( -112.5000000000599272, 340.0000000000000000, -8.499999999948983032 ) ) ;
#345 = VECTOR ( 'NONE', #441, 1000.000000000000000 ) ;
#346 = CARTESIAN_POINT ( 'NONE',  ( -49.50000000006093615, 229.4999999999999716, -9.500000000013354651 ) ) ;
#347 = VERTEX_POINT ( 'NONE', #665 ) ;
#348 = VERTEX_POINT ( 'NONE', #455 ) ;
#349 = ORIENTED_EDGE ( 'NONE', *, *, #1454, .T. ) ;
#350 = FACE_OUTER_BOUND ( 'NONE', #1694, .T. ) ;
#351 = EDGE_LOOP ( 'NONE', ( #1654, #1399, #952, #215 ) ) ;
#352 = CARTESIAN_POINT ( 'NONE',  ( -49.50000000005379519, 229.4999999999999716, -2.500000000013354207 ) ) ;
#353 = LINE ( 'NONE', #1864, #933 ) ;
#354 = LINE ( 'NONE', #1664, #1169 ) ;
#355 = FILL_AREA_STYLE_COLOUR ( '', #292 ) ;
#356 = EDGE_CURVE ( 'NONE', #1009, #1314, #1119, .T. ) ;
#357 = DIRECTION ( 'NONE',  ( -1.000000000000000000, -0.000000000000000000, -0.000000000000000000 ) ) ;
#358 = AXIS2_PLACEMENT_3D ( 'NONE', #2005, #184, #691 ) ;
#359 = ORIENTED_EDGE ( 'NONE', *, *, #871, .F. ) ;
#360 = ORIENTED_EDGE ( 'NONE', *, *, #1164, .F. ) ;
#361 = VECTOR ( 'NONE', #1641, 1000.000000000000000 ) ;
#362 = CARTESIAN_POINT ( 'NONE',  ( -12.50000000006398793, 0.000000000000000000, -12.50000000005116263 ) ) ;
#363 = EDGE_CURVE ( 'NONE', #453, #61, #1647, .T. ) ;
#364 = PLANE ( 'NONE',  #483 ) ;
#365 = EDGE_CURVE ( 'NONE', #1982, #249, #1781, .T. ) ;
#366 = ORIENTED_EDGE ( 'NONE', *, *, #1128, .F. ) ;
#367 = CARTESIAN_POINT ( 'NONE',  ( -60.70000000006237428, 212.0000000000000000, -10.90000000000192237 ) ) ;
#368 = CARTESIAN_POINT ( 'NONE',  ( -41.24895941883661266, 315.4744937980117356, -12.50000000002178702 ) ) ;
#369 = FACE_OUTER_BOUND ( 'NONE', #1251, .T. ) ;
#370 = FACE_OUTER_BOUND ( 'NONE', #1171, .T. ) ;
#371 = AXIS2_PLACEMENT_3D ( 'NONE', #1918, #1242, #2101 ) ;
#372 = SURFACE_SIDE_STYLE ('',( #539 ) ) ;
#373 = ORIENTED_EDGE ( 'NONE', *, *, #590, .T. ) ;
#374 = ORIENTED_EDGE ( 'NONE', *, *, #1286, .T. ) ;
#375 = EDGE_CURVE ( 'NONE', #995, #2080, #1985, .T. ) ;
#376 = ORIENTED_EDGE ( 'NONE', *, *, #448, .T. ) ;
#377 = VECTOR ( 'NONE', #611, 1000.000000000000000 ) ;
#378 = ORIENTED_EDGE ( 'NONE', *, *, #1389, .T. ) ;
#379 = AXIS2_PLACEMENT_3D ( 'NONE', #493, #806, #470 ) ;
#380 = CARTESIAN_POINT ( 'NONE',  ( -54.90000000006400427, 331.8000000000000114, -10.50000000004707879 ) ) ;
#381 = LINE ( 'NONE', #1013, #1780 ) ;
#382 = CARTESIAN_POINT ( 'NONE',  ( -15.50000000005377565, 370.0000000000000000, -2.500000000048095750 ) ) ;
#383 = FACE_OUTER_BOUND ( 'NONE', #1732, .T. ) ;
#384 = VECTOR ( 'NONE', #768, 1000.000000000000000 ) ;
#385 = FACE_BOUND ( 'NONE', #1126, .T. ) ;
#386 = EDGE_LOOP ( 'NONE', ( #1993, #1248 ) ) ;
#387 = VERTEX_POINT ( 'NONE', #1462 ) ;
#388 = ADVANCED_FACE ( 'NONE', ( #464 ), #1129, .T. ) ;
#389 = VECTOR ( 'NONE', #565, 1000.000000000000000 ) ;
#390 = AXIS2_PLACEMENT_3D ( 'NONE', #822, #1498, #6 ) ;
#391 = EDGE_LOOP ( 'NONE', ( #1719, #942, #3, #1196 ) ) ;
#392 = CARTESIAN_POINT ( 'NONE',  ( -110.9000000000517616, 170.0000000000000568, -0.4999999999506396509 ) ) ;
#393 = DIRECTION ( 'NONE',  ( 0.000000000000000000, 0.000000000000000000, 1.000000000000000000 ) ) ;
#394 = DIRECTION ( 'NONE',  ( 1.214069631081469458E-28, 1.000000000000000000, 1.188166764367676588E-16 ) ) ;
#395 = LINE ( 'NONE', #873, #389 ) ;
#396 = EDGE_CURVE ( 'NONE', #881, #851, #147, .T. ) ;
#397 = DIRECTION ( 'NONE',  ( -1.000000000000000000, -0.000000000000000000, 1.021800699607666527E-12 ) ) ;
#398 = ORIENTED_EDGE ( 'NONE', *, *, #1491, .F. ) ;
#399 = EDGE_LOOP ( 'NONE', ( #1762, #1906, #556, #192, #1517, #940, #732, #1566, #649, #2004, #1544, #845, #2025, #600 ) ) ;
#400 = AXIS2_PLACEMENT_3D ( 'NONE', #552, #77, #737 ) ;
#401 = VERTEX_POINT ( 'NONE', #955 ) ;
#402 = CARTESIAN_POINT ( 'NONE',  ( -79.70000000006321272, 217.0000000000000000, -11.69999999998250750 ) ) ;
#403 = DIRECTION ( 'NONE',  ( -0.000000000000000000, -1.000000000000000000, -0.000000000000000000 ) ) ;
#404 = CARTESIAN_POINT ( 'NONE',  ( -100.5000000000615614, 212.0000000000000000, -10.09999999996125197 ) ) ;
#405 = CARTESIAN_POINT ( 'NONE',  ( -59.70000000006320562, 217.0000000000000000, -11.70000000000294449 ) ) ;
#406 = ADVANCED_FACE ( 'NONE', ( #156 ), #475, .F. ) ;
#407 = EDGE_CURVE ( 'NONE', #1751, #1031, #661, .T. ) ;
#408 = DIRECTION ( 'NONE',  ( -0.000000000000000000, 0.000000000000000000, -1.000000000000000000 ) ) ;
#409 = EDGE_LOOP ( 'NONE', ( #1508, #79, #360, #496 ) ) ;
#410 = ORIENTED_EDGE ( 'NONE', *, *, #336, .F. ) ;
#411 = VECTOR ( 'NONE', #632, 1000.000000000000000 ) ;
#412 = ORIENTED_EDGE ( 'NONE', *, *, #1831, .T. ) ;
#413 = CARTESIAN_POINT ( 'NONE',  ( -16.50000000006153655, 170.0000000000000000, -10.10000000004707488 ) ) ;
#414 = VECTOR ( 'NONE', #1738, 1000.000000000000000 ) ;
#415 = FACE_OUTER_BOUND ( 'NONE', #333, .T. ) ;
#416 = DIRECTION ( 'NONE',  ( -0.7808688094423903436, -0.000000000000000000, 0.6246950475552243143 ) ) ;
#417 = CARTESIAN_POINT ( 'NONE',  ( -84.90000000006401137, 340.0000000000000000, -11.50000000004809486 ) ) ;
#418 = DIRECTION ( 'NONE',  ( -0.000000000000000000, 1.000000000000000000, -0.000000000000000000 ) ) ;
#419 = ORIENTED_EDGE ( 'NONE', *, *, #1100, .T. ) ;
#420 = ORIENTED_EDGE ( 'NONE', *, *, #748, .T. ) ;
#421 = ORIENTED_EDGE ( 'NONE', *, *, #944, .F. ) ;
#422 = DIRECTION ( 'NONE',  ( 0.000000000000000000, 0.000000000000000000, -1.000000000000000000 ) ) ;
#423 = DIRECTION ( 'NONE',  ( -1.021800699607666527E-12, 0.000000000000000000, -1.000000000000000000 ) ) ;
#424 = CARTESIAN_POINT ( 'NONE',  ( -63.70000000006237428, 217.0000000000000000, -10.89999999999885638 ) ) ;
#425 = CARTESIAN_POINT ( 'NONE',  ( -100.1000000000640142, 340.0000000000000000, -10.30000000004809735 ) ) ;
#426 = DIRECTION ( 'NONE',  ( 1.021800699607666527E-12, -0.000000000000000000, 1.000000000000000000 ) ) ;
#427 = VERTEX_POINT ( 'NONE', #792 ) ;
#428 = ORIENTED_EDGE ( 'NONE', *, *, #1950, .F. ) ;
#429 = CARTESIAN_POINT ( 'NONE',  ( -15.50000000005377565, 340.0000000000000000, -2.500000000048095750 ) ) ;
#430 = AXIS2_PLACEMENT_3D ( 'NONE', #8, #837, #1663 ) ;
#431 = DIRECTION ( 'NONE',  ( -0.7808688094423903436, -0.000000000000000000, 0.6246950475552243143 ) ) ;
#432 = PLANE ( 'NONE',  #1607 ) ;
#433 = DIRECTION ( 'NONE',  ( -0.000000000000000000, -0.000000000000000000, 1.000000000000000000 ) ) ;
#434 = EDGE_CURVE ( 'NONE', #1936, #275, #1484, .T. ) ;
#435 = LINE ( 'NONE', #1064, #414 ) ;
#436 = ORIENTED_EDGE ( 'NONE', *, *, #1682, .F. ) ;
#437 = EDGE_CURVE ( 'NONE', #1609, #730, #1808, .T. ) ;
#438 = VECTOR ( 'NONE', #964, 1000.000000000000000 ) ;
#439 = CARTESIAN_POINT ( 'NONE',  ( -110.5000000000609504, 162.0000000000000000, -7.499999999949006124 ) ) ;
#440 = CARTESIAN_POINT ( 'NONE',  ( -49.24895941883662687, 315.4744937980117356, -12.50000000001361222 ) ) ;
#441 = DIRECTION ( 'NONE',  ( -1.021800699607666527E-12, 0.000000000000000000, -1.000000000000000000 ) ) ;
#442 = CARTESIAN_POINT ( 'NONE',  ( -80.70000000006238849, 217.0000000000000000, -10.89999999998148539 ) ) ;
#443 = VECTOR ( 'NONE', #2146, 1000.000000000000000 ) ;
#444 = CARTESIAN_POINT ( 'NONE',  ( -24.90000000006400427, 331.8000000000000114, -11.50000000004809841 ) ) ;
#445 = VERTEX_POINT ( 'NONE', #1330 ) ;
#446 = ORIENTED_EDGE ( 'NONE', *, *, #2099, .F. ) ;
#447 = DIRECTION ( 'NONE',  ( 1.000000000000000000, 0.000000000000000000, -1.021728419462834228E-12 ) ) ;
#448 = EDGE_CURVE ( 'NONE', #2139, #1925, #1521, .T. ) ;
#449 = DIRECTION ( 'NONE',  ( 1.000000000000000000, 0.000000000000000000, -1.021752127350337561E-12 ) ) ;
#450 = PLANE ( 'NONE',  #1731 ) ;
#451 = DIRECTION ( 'NONE',  ( -1.021670595346968267E-12, 0.000000000000000000, -1.000000000000000000 ) ) ;
#452 = EDGE_CURVE ( 'NONE', #1481, #636, #1850, .T. ) ;
#453 = VERTEX_POINT ( 'NONE', #510 ) ;
#454 = ORIENTED_EDGE ( 'NONE', *, *, #1777, .T. ) ;
#455 = CARTESIAN_POINT ( 'NONE',  ( -100.5000000000615614, 170.0000000000000000, -10.09999999996125197 ) ) ;
#456 = VECTOR ( 'NONE', #2051, 1000.000000000000000 ) ;
#457 = CARTESIAN_POINT ( 'NONE',  ( -39.70000000006319851, 217.0000000000000000, -11.70000000002338147 ) ) ;
#458 = LINE ( 'NONE', #2121, #954 ) ;
#459 = AXIS2_PLACEMENT_3D ( 'NONE', #1845, #1015, #849 ) ;
#460 = FACE_OUTER_BOUND ( 'NONE', #999, .T. ) ;
#461 = DIRECTION ( 'NONE',  ( -0.000000000000000000, -0.000000000000000000, -1.000000000000000000 ) ) ;
#462 = EDGE_LOOP ( 'NONE', ( #830, #191, #1217, #317 ) ) ;
#463 = VERTEX_POINT ( 'NONE', #855 ) ;
#464 = FACE_OUTER_BOUND ( 'NONE', #1788, .T. ) ;
#465 = DIRECTION ( 'NONE',  ( 1.000000000000000000, 0.000000000000000000, -1.021800699607666527E-12 ) ) ;
#466 = LINE ( 'NONE', #1131, #345 ) ;
#467 = LINE ( 'NONE', #310, #608 ) ;
#468 = VECTOR ( 'NONE', #1112, 1000.000000000000000 ) ;
#469 = PLANE ( 'NONE',  #1370 ) ;
#470 = DIRECTION ( 'NONE',  ( 1.000000000000000000, 0.000000000000000000, -1.021752127350338571E-12 ) ) ;
#471 = PLANE ( 'NONE',  #218 ) ;
#472 = VERTEX_POINT ( 'NONE', #997 ) ;
#473 = AXIS2_PLACEMENT_3D ( 'NONE', #444, #1892, #408 ) ;
#474 = ORIENTED_EDGE ( 'NONE', *, *, #1107, .T. ) ;
#475 = PLANE ( 'NONE',  #219 ) ;
#476 = VECTOR ( 'NONE', #915, 1000.000000000000000 ) ;
#477 = LINE ( 'NONE', #1630, #25 ) ;
#478 = DIRECTION ( 'NONE',  ( -0.000000000000000000, 0.000000000000000000, 1.000000000000000000 ) ) ;
#479 = CARTESIAN_POINT ( 'NONE',  ( -83.24895941882641637, 315.4744937980117356, -2.499999999978869347 ) ) ;
#480 = CARTESIAN_POINT ( 'NONE',  ( -49.50000000006400569, 229.4999999999999716, -12.50000000001335643 ) ) ;
#481 = ORIENTED_EDGE ( 'NONE', *, *, #375, .T. ) ;
#482 = VECTOR ( 'NONE', #1178, 1000.000000000000000 ) ;
#483 = AXIS2_PLACEMENT_3D ( 'NONE', #676, #844, #1021 ) ;
#484 = ORIENTED_EDGE ( 'NONE', *, *, #1873, .F. ) ;
#485 = ORIENTED_EDGE ( 'NONE', *, *, #828, .T. ) ;
#486 = ADVANCED_FACE ( 'NONE', ( #1183 ), #1829, .T. ) ;
#487 = CARTESIAN_POINT ( 'NONE',  ( 0.000000000000000000, 331.8000000000000114, 0.000000000000000000 ) ) ;
#488 = ADVANCED_FACE ( 'NONE', ( #350 ), #1671, .F. ) ;
#489 = APPLICATION_PROTOCOL_DEFINITION ( 'draft international standard', 'automotive_design', 1998, #1312 ) ;
#490 = ADVANCED_FACE ( 'NONE', ( #194, #2006, #17 ), #364, .F. ) ;
#491 = PLANE ( 'NONE',  #976 ) ;
#492 = EDGE_CURVE ( 'NONE', #1827, #972, #2017, .T. ) ;
#493 = CARTESIAN_POINT ( 'NONE',  ( -108.5000000000599272, 0.000000000000000000, -8.499999999953068652 ) ) ;
#494 = CARTESIAN_POINT ( 'NONE',  ( -43.70000000006238139, 217.0000000000000000, -10.90000000001929159 ) ) ;
#495 = EDGE_LOOP ( 'NONE', ( #1194, #1106, #1917, #1239 ) ) ;
#496 = ORIENTED_EDGE ( 'NONE', *, *, #513, .T. ) ;
#497 = ORIENTED_EDGE ( 'NONE', *, *, #699, .T. ) ;
#498 = PLANE ( 'NONE',  #836 ) ;
#499 = EDGE_CURVE ( 'NONE', #1328, #1009, #1840, .T. ) ;
#500 = CARTESIAN_POINT ( 'NONE',  ( -112.5000000000640199, 217.0000000000000000, -12.49999999994898303 ) ) ;
#501 = VECTOR ( 'NONE', #433, 1000.000000000000000 ) ;
#502 = LINE ( 'NONE', #170, #706 ) ;
#503 = CARTESIAN_POINT ( 'NONE',  ( -12.50000000005377387, 370.0000000000000000, -2.500000000051160853 ) ) ;
#504 = DIRECTION ( 'NONE',  ( -0.000000000000000000, -0.000000000000000000, -1.000000000000000000 ) ) ;
#505 = DIRECTION ( 'NONE',  ( 0.7808688094423903436, 0.000000000000000000, -0.6246950475552242033 ) ) ;
#506 = VERTEX_POINT ( 'NONE', #689 ) ;
#507 = VERTEX_POINT ( 'NONE', #1357 ) ;
#508 = ORIENTED_EDGE ( 'NONE', *, *, #1307, .T. ) ;
#509 = AXIS2_PLACEMENT_3D ( 'NONE', #850, #840, #1530 ) ;
#510 = CARTESIAN_POINT ( 'NONE',  ( -43.70000000006238139, 217.0000000000000000, -10.90000000001929159 ) ) ;
#511 = VERTEX_POINT ( 'NONE', #368 ) ;
#512 = LINE ( 'NONE', #33, #83 ) ;
#513 = EDGE_CURVE ( 'NONE', #521, #852, #210, .T. ) ;
#514 = CARTESIAN_POINT ( 'NONE',  ( -109.5000000000609504, 170.0000000000000000, -9.499999999952047247 ) ) ;
#515 = CARTESIAN_POINT ( 'NONE',  ( -16.50000000006399148, 212.0000000000000000, -12.50000000004707523 ) ) ;
#516 = CARTESIAN_POINT ( 'NONE',  ( -40.10000000006400001, 331.8000000000000114, -11.50000000004809841 ) ) ;
#517 = EDGE_CURVE ( 'NONE', #579, #851, #563, .T. ) ;
#518 = CARTESIAN_POINT ( 'NONE',  ( -14.50000000006092193, 162.0000000000000000, -2.500000000049548365 ) ) ;
#519 = VERTEX_POINT ( 'NONE', #681 ) ;
#520 = ORIENTED_EDGE ( 'NONE', *, *, #1364, .T. ) ;
#521 = VERTEX_POINT ( 'NONE', #1037 ) ;
#522 = CARTESIAN_POINT ( 'NONE',  ( -100.1000000000640142, 331.8000000000000114, -11.50000000004809486 ) ) ;
#523 = ORIENTED_EDGE ( 'NONE', *, *, #452, .F. ) ;
#524 = CARTESIAN_POINT ( 'NONE',  ( -84.90000000006401137, 331.8000000000000114, -11.50000000004809486 ) ) ;
#525 = LINE ( 'NONE', #1560, #1485 ) ;
#526 = EDGE_CURVE ( 'NONE', #165, #1575, #859, .T. ) ;
#527 = DIRECTION ( 'NONE',  ( 0.000000000000000000, -1.000000000000000000, 0.000000000000000000 ) ) ;
#528 = LINE ( 'NONE', #1562, #122 ) ;
#529 = LINE ( 'NONE', #1214, #87 ) ;
#530 = VECTOR ( 'NONE', #2072, 1000.000000000000000 ) ;
#531 = ORIENTED_EDGE ( 'NONE', *, *, #557, .F. ) ;
#532 = VERTEX_POINT ( 'NONE', #514 ) ;
#533 = AXIS2_PLACEMENT_3D ( 'NONE', #795, #1832, #805 ) ;
#534 = VERTEX_POINT ( 'NONE', #1176 ) ;
#535 = VERTEX_POINT ( 'NONE', #1876 ) ;
#536 = LINE ( 'NONE', #43, #2062 ) ;
#537 = FACE_BOUND ( 'NONE', #889, .T. ) ;
#538 = DIRECTION ( 'NONE',  ( 1.000000000000000000, 0.000000000000000000, -1.021800699607666527E-12 ) ) ;
#539 = SURFACE_STYLE_FILL_AREA ( #2032 ) ;
#540 = ADVANCED_FACE ( 'NONE', ( #1854, #537, #1548, #1349 ), #882, .F. ) ;
#541 = VECTOR ( 'NONE', #1570, 1000.000000000000000 ) ;
#542 = FACE_BOUND ( 'NONE', #386, .T. ) ;
#543 = VERTEX_POINT ( 'NONE', #44 ) ;
#544 = ORIENTED_EDGE ( 'NONE', *, *, #296, .T. ) ;
#545 = VECTOR ( 'NONE', #595, 1000.000000000000000 ) ;
#546 = ORIENTED_EDGE ( 'NONE', *, *, #1432, .F. ) ;
#547 = ADVANCED_FACE ( 'NONE', ( #1024 ), #701, .F. ) ;
#548 = LINE ( 'NONE', #1197, #456 ) ;
#549 = ORIENTED_EDGE ( 'NONE', *, *, #180, .F. ) ;
#550 = CARTESIAN_POINT ( 'NONE',  ( -39.70000000006319851, 217.0000000000000000, -11.70000000002338147 ) ) ;
#551 = DIRECTION ( 'NONE',  ( -0.000000000000000000, 1.000000000000000000, -0.000000000000000000 ) ) ;
#552 = CARTESIAN_POINT ( 'NONE',  ( -75.24895941882640216, 315.4744937980117356, -2.499999999987043697 ) ) ;
#553 = AXIS2_PLACEMENT_3D ( 'NONE', #1572, #76, #925 ) ;
#554 = CARTESIAN_POINT ( 'NONE',  ( -63.70000000006237428, 217.0000000000000000, -10.89999999999885638 ) ) ;
#555 = ORIENTED_EDGE ( 'NONE', *, *, #1295, .T. ) ;
#556 = ORIENTED_EDGE ( 'NONE', *, *, #1819, .T. ) ;
#557 = EDGE_CURVE ( 'NONE', #1658, #532, #2010, .T. ) ;
#558 = AXIS2_PLACEMENT_3D ( 'NONE', #1371, #725, #1734 ) ;
#559 = ORIENTED_EDGE ( 'NONE', *, *, #229, .T. ) ;
#560 = EDGE_CURVE ( 'NONE', #1055, #165, #1843, .T. ) ;
#561 = FACE_OUTER_BOUND ( 'NONE', #337, .T. ) ;
#562 = EDGE_CURVE ( 'NONE', #852, #1709, #353, .T. ) ;
#563 = LINE ( 'NONE', #53, #1045 ) ;
#564 = DIRECTION ( 'NONE',  ( -0.000000000000000000, 0.000000000000000000, 1.000000000000000000 ) ) ;
#565 = DIRECTION ( 'NONE',  ( 1.000000000000000000, 0.000000000000000000, -1.021648911303518557E-12 ) ) ;
#566 = EDGE_CURVE ( 'NONE', #1886, #177, #381, .T. ) ;
#567 = CARTESIAN_POINT ( 'NONE',  ( -100.1000000000640142, 331.8000000000000114, -11.50000000004809486 ) ) ;
#568 = ORIENTED_EDGE ( 'NONE', *, *, #1138, .T. ) ;
#569 = EDGE_LOOP ( 'NONE', ( #1884, #1796, #922, #376 ) ) ;
#570 = EDGE_CURVE ( 'NONE', #1181, #685, #1687, .T. ) ;
#571 = VECTOR ( 'NONE', #1866, 1000.000000000000000 ) ;
#572 = ORIENTED_EDGE ( 'NONE', *, *, #833, .F. ) ;
#573 = DIRECTION ( 'NONE',  ( -1.021800699607666527E-12, 0.000000000000000000, -1.000000000000000000 ) ) ;
#574 = LINE ( 'NONE', #1272, #1599 ) ;
#575 = LINE ( 'NONE', #1912, #213 ) ;
#576 = CARTESIAN_POINT ( 'NONE',  ( -79.70000000006321272, 212.0000000000000000, -11.69999999998250750 ) ) ;
#577 = FACE_OUTER_BOUND ( 'NONE', #216, .T. ) ;
#578 = ORIENTED_EDGE ( 'NONE', *, *, #188, .T. ) ;
#579 = VERTEX_POINT ( 'NONE', #1393 ) ;
#580 = AXIS2_PLACEMENT_3D ( 'NONE', #1114, #1437, #604 ) ;
#581 = ORIENTED_EDGE ( 'NONE', *, *, #570, .F. ) ;
#582 = DIRECTION ( 'NONE',  ( -1.000000000000000000, -0.000000000000000000, 1.021800699607666527E-12 ) ) ;
#583 = AXIS2_PLACEMENT_3D ( 'NONE', #567, #599, #1256 ) ;
#584 = CARTESIAN_POINT ( 'NONE',  ( -15.50000000006092371, 0.000000000000000000, -9.500000000048096638 ) ) ;
#585 = CARTESIAN_POINT ( 'NONE',  ( -111.5000000000609504, 162.0000000000000000, -7.499999999949006124 ) ) ;
#586 = DIRECTION ( 'NONE',  ( -1.000000000000000000, 0.000000000000000000, 1.021806337458961836E-12 ) ) ;
#587 = LINE ( 'NONE', #246, #854 ) ;
#588 = ORIENTED_EDGE ( 'NONE', *, *, #675, .F. ) ;
#589 = VERTEX_POINT ( 'NONE', #710 ) ;
#590 = EDGE_CURVE ( 'NONE', #427, #1440, #692, .T. ) ;
#591 = ORIENTED_EDGE ( 'NONE', *, *, #598, .F. ) ;
#592 = CARTESIAN_POINT ( 'NONE',  ( -16.50000000006399148, 212.0000000000000000, -12.50000000004707523 ) ) ;
#593 = VECTOR ( 'NONE', #172, 1000.000000000000000 ) ;
#594 = VECTOR ( 'NONE', #1008, 1000.000000000000000 ) ;
#595 = DIRECTION ( 'NONE',  ( 0.000000000000000000, 0.000000000000000000, -1.000000000000000000 ) ) ;
#596 = DIRECTION ( 'NONE',  ( -1.021800699607666527E-12, 1.188166764367676588E-16, -1.000000000000000000 ) ) ;
#597 = CARTESIAN_POINT ( 'NONE',  ( -15.50000000006092371, 340.0000000000000000, -9.500000000048096638 ) ) ;
#598 = EDGE_CURVE ( 'NONE', #685, #809, #2043, .T. ) ;
#599 = DIRECTION ( 'NONE',  ( 0.000000000000000000, 0.000000000000000000, -1.000000000000000000 ) ) ;
#600 = ORIENTED_EDGE ( 'NONE', *, *, #499, .T. ) ;
#601 = DIRECTION ( 'NONE',  ( 1.021800699607666527E-12, -0.000000000000000000, 1.000000000000000000 ) ) ;
#602 = LINE ( 'NONE', #584, #468 ) ;
#603 = DIRECTION ( 'NONE',  ( 0.000000000000000000, 0.000000000000000000, -1.000000000000000000 ) ) ;
#604 = DIRECTION ( 'NONE',  ( 0.9701425001450841856, 0.000000000000000000, -0.2425356250373233435 ) ) ;
#605 = DIRECTION ( 'NONE',  ( 0.000000000000000000, 0.000000000000000000, -1.000000000000000000 ) ) ;
#606 = EDGE_CURVE ( 'NONE', #2117, #472, #1049, .T. ) ;
#607 = ORIENTED_EDGE ( 'NONE', *, *, #513, .F. ) ;
#608 = VECTOR ( 'NONE', #641, 1000.000000000000000 ) ;
#609 = DIRECTION ( 'NONE',  ( -1.000000000000000000, 0.000000000000000000, 1.020716497435181023E-12 ) ) ;
#610 = EDGE_CURVE ( 'NONE', #881, #463, #1722, .T. ) ;
#611 = DIRECTION ( 'NONE',  ( 1.000000000000000000, 0.000000000000000000, 1.141265444721583264E-16 ) ) ;
#612 = LINE ( 'NONE', #1443, #1277 ) ;
#613 = FACE_OUTER_BOUND ( 'NONE', #1339, .T. ) ;
#614 = CIRCLE ( 'NONE', #890, 4.000000000000000000 ) ;
#615 = CARTESIAN_POINT ( 'NONE',  ( -40.10000000006400001, 340.0000000000000000, -10.30000000004809735 ) ) ;
#616 = ORIENTED_EDGE ( 'NONE', *, *, #1819, .F. ) ;
#617 = VERTEX_POINT ( 'NONE', #243 ) ;
#618 = CARTESIAN_POINT ( 'NONE',  ( -110.9000000000517616, 340.0000000000000000, -0.4999999999506163362 ) ) ;
#619 = EDGE_CURVE ( 'NONE', #1055, #1044, #525, .T. ) ;
#620 = LINE ( 'NONE', #1281, #1473 ) ;
#621 = LINE ( 'NONE', #2103, #2148 ) ;
#622 = DIRECTION ( 'NONE',  ( -1.021800699607666527E-12, 0.000000000000000000, -1.000000000000000000 ) ) ;
#623 = DIRECTION ( 'NONE',  ( 1.000000000000000000, 0.000000000000000000, 0.000000000000000000 ) ) ;
#624 = CARTESIAN_POINT ( 'NONE',  ( -12.50000000004866685, 340.0000000000000000, 2.499999999948836926 ) ) ;
#625 = EDGE_LOOP ( 'NONE', ( #335, #1518, #202, #1418 ) ) ;
#626 = ORIENTED_EDGE ( 'NONE', *, *, #1202, .F. ) ;
#627 = DIRECTION ( 'NONE',  ( -1.000000000000000000, 0.000000000000000000, 1.021752127350339379E-12 ) ) ;
#628 = AXIS2_PLACEMENT_3D ( 'NONE', #1524, #2029, #2019 ) ;
#629 = CARTESIAN_POINT ( 'NONE',  ( -19.70000000006237428, 170.0000000000000000, -10.90000000004380531 ) ) ;
#630 =( NAMED_UNIT ( * ) PLANE_ANGLE_UNIT ( ) SI_UNIT ( $, .RADIAN. ) );
#631 = VECTOR ( 'NONE', #301, 1000.000000000000000 ) ;
#632 = DIRECTION ( 'NONE',  ( 0.000000000000000000, -1.000000000000000000, 0.000000000000000000 ) ) ;
#633 = LINE ( 'NONE', #151, #631 ) ;
#634 = DIRECTION ( 'NONE',  ( 1.214069631081469458E-28, 1.000000000000000000, 1.188166764367676588E-16 ) ) ;
#635 = CARTESIAN_POINT ( 'NONE',  ( -70.10000000006400001, 331.8000000000000114, -10.50000000004707701 ) ) ;
#636 = VERTEX_POINT ( 'NONE', #1188 ) ;
#637 = ORIENTED_EDGE ( 'NONE', *, *, #1707, .F. ) ;
#638 = CARTESIAN_POINT ( 'NONE',  ( -110.5000000000609504, 162.0000000000000000, -2.499999999949005680 ) ) ;
#639 = AXIS2_PLACEMENT_3D ( 'NONE', #2061, #1140, #627 ) ;
#640 = CARTESIAN_POINT ( 'NONE',  ( -105.3000000000623828, 212.0000000000000000, -10.89999999995634639 ) ) ;
#641 = DIRECTION ( 'NONE',  ( 0.000000000000000000, 0.000000000000000000, 1.000000000000000000 ) ) ;
#642 = CIRCLE ( 'NONE', #1863, 8.000000000000014211 ) ;
#643 = DIRECTION ( 'NONE',  ( -1.021800699607666527E-12, 0.000000000000000000, -1.000000000000000000 ) ) ;
#644 = PLANE ( 'NONE',  #688 ) ;
#645 = DIRECTION ( 'NONE',  ( -1.021800699607666527E-12, 0.000000000000000000, -1.000000000000000000 ) ) ;
#646 = EDGE_LOOP ( 'NONE', ( #226, #1172, #1691, #481 ) ) ;
#647 = EDGE_CURVE ( 'NONE', #235, #275, #64, .T. ) ;
#648 = AXIS2_PLACEMENT_3D ( 'NONE', #1297, #1803, #1615 ) ;
#649 = ORIENTED_EDGE ( 'NONE', *, *, #396, .T. ) ;
#650 = CARTESIAN_POINT ( 'NONE',  ( -111.5000000000609504, 162.0000000000000000, -7.499999999949006124 ) ) ;
#651 = EDGE_CURVE ( 'NONE', #511, #401, #1384, .T. ) ;
#652 = EDGE_CURVE ( 'NONE', #875, #1042, #1101, .T. ) ;
#653 = AXIS2_PLACEMENT_3D ( 'NONE', #757, #1424, #2085 ) ;
#654 = PRODUCT_CONTEXT ( 'NONE', #1469, 'mechanical' ) ;
#655 = DIRECTION ( 'NONE',  ( 0.2425356250353413456, 0.000000000000000000, -0.9701425001455799002 ) ) ;
#656 = LINE ( 'NONE', #302, #1905 ) ;
#657 = CARTESIAN_POINT ( 'NONE',  ( -44.70000000006320562, 217.0000000000000000, -11.70000000001827445 ) ) ;
#658 = ORIENTED_EDGE ( 'NONE', *, *, #877, .F. ) ;
#659 = ADVANCED_FACE ( 'NONE', ( #415 ), #1233, .F. ) ;
#660 = VECTOR ( 'NONE', #1136, 1000.000000000000000 ) ;
#661 = CIRCLE ( 'NONE', #1218, 12.50000000000001066 ) ;
#662 = ORIENTED_EDGE ( 'NONE', *, *, #356, .F. ) ;
#663 = ORIENTED_EDGE ( 'NONE', *, *, #766, .T. ) ;
#664 = ORIENTED_EDGE ( 'NONE', *, *, #1567, .F. ) ;
#665 = CARTESIAN_POINT ( 'NONE',  ( -110.5000000000609504, 170.0000000000000000, -7.499999999949006124 ) ) ;
#666 = FACE_OUTER_BOUND ( 'NONE', #1760, .T. ) ;
#667 = LINE ( 'NONE', #1999, #1036 ) ;
#668 = CARTESIAN_POINT ( 'NONE',  ( -12.50000000005377387, 340.0000000000000000, -2.500000000051160853 ) ) ;
#669 = EDGE_LOOP ( 'NONE', ( #1680, #981, #231, #374 ) ) ;
#670 = AXIS2_PLACEMENT_3D ( 'NONE', #887, #1717, #1179 ) ;
#671 = DIRECTION ( 'NONE',  ( 1.021800699607666527E-12, 0.000000000000000000, 1.000000000000000000 ) ) ;
#672 = ORIENTED_EDGE ( 'NONE', *, *, #1693, .T. ) ;
#673 = ORIENTED_EDGE ( 'NONE', *, *, #217, .F. ) ;
#674 = PLANE ( 'NONE',  #358 ) ;
#675 = EDGE_CURVE ( 'NONE', #636, #1982, #1091, .T. ) ;
#676 = CARTESIAN_POINT ( 'NONE',  ( 0.000000000000000000, 170.0000000000000000, 0.000000000000000000 ) ) ;
#677 = ORIENTED_EDGE ( 'NONE', *, *, #1259, .F. ) ;
#678 = CARTESIAN_POINT ( 'NONE',  ( -43.70000000006238139, 212.0000000000000000, -10.90000000001929159 ) ) ;
#679 = AXIS2_PLACEMENT_3D ( 'NONE', #1478, #1155, #159 ) ;
#680 = ADVANCED_FACE ( 'NONE', ( #735 ), #1782, .F. ) ;
#681 = CARTESIAN_POINT ( 'NONE',  ( -12.50000000005989342, 340.0000000000000000, -8.500000000051160853 ) ) ;
#682 = DIRECTION ( 'NONE',  ( -0.7808688094423916759, -0.000000000000000000, 0.6246950475552225379 ) ) ;
#683 = DIRECTION ( 'NONE',  ( -0.000000000000000000, 1.000000000000000000, 0.000000000000000000 ) ) ;
#684 = CARTESIAN_POINT ( 'NONE',  ( -57.24895941883357153, 315.4744937980117356, -9.500000000005437428 ) ) ;
#685 = VERTEX_POINT ( 'NONE', #1754 ) ;
#686 = EDGE_LOOP ( 'NONE', ( #1429, #843, #1493, #1087 ) ) ;
#687 = VERTEX_POINT ( 'NONE', #775 ) ;
#688 = AXIS2_PLACEMENT_3D ( 'NONE', #938, #451, #1813 ) ;
#689 = CARTESIAN_POINT ( 'NONE',  ( -14.50000000006092193, 162.0000000000000000, -7.500000000049548809 ) ) ;
#690 = EDGE_LOOP ( 'NONE', ( #1805, #1894, #2049, #531 ) ) ;
#691 = DIRECTION ( 'NONE',  ( -1.000000000000000000, 0.000000000000000000, 1.021670595346968267E-12 ) ) ;
#692 = LINE ( 'NONE', #1712, #272 ) ;
#693 = CARTESIAN_POINT ( 'NONE',  ( -100.1000000000640142, 340.0000000000000000, -11.50000000004809486 ) ) ;
#694 = CARTESIAN_POINT ( 'NONE',  ( -109.5000000000487006, 365.0000000000000000, 2.500000000047954973 ) ) ;
#695 = VERTEX_POINT ( 'NONE', #1613 ) ;
#696 = EDGE_LOOP ( 'NONE', ( #373, #20, #708, #1616 ) ) ;
#697 = VERTEX_POINT ( 'NONE', #1243 ) ;
#698 = ORIENTED_EDGE ( 'NONE', *, *, #1329, .T. ) ;
#699 = EDGE_CURVE ( 'NONE', #1095, #1313, #1571, .T. ) ;
#700 = CARTESIAN_POINT ( 'NONE',  ( -40.70000000006238139, 212.0000000000000000, -10.90000000002235758 ) ) ;
#701 = PLANE ( 'NONE',  #558 ) ;
#702 = CARTESIAN_POINT ( 'NONE',  ( -108.5000000000640199, 0.000000000000000000, -12.49999999995306865 ) ) ;
#703 = CARTESIAN_POINT ( 'NONE',  ( -12.50000000005377387, 170.0000000000000000, -2.500000000051160853 ) ) ;
#704 = SURFACE_STYLE_USAGE ( .BOTH. , #372 ) ;
#705 = ORIENTED_EDGE ( 'NONE', *, *, #114, .F. ) ;
#706 = VECTOR ( 'NONE', #1487, 1000.000000000000000 ) ;
#707 = VERTEX_POINT ( 'NONE', #745 ) ;
#708 = ORIENTED_EDGE ( 'NONE', *, *, #1154, .F. ) ;
#709 = LINE ( 'NONE', #1378, #1011 ) ;
#710 = CARTESIAN_POINT ( 'NONE',  ( -19.70000000006237428, 212.0000000000000000, -10.90000000004380531 ) ) ;
#711 = DIRECTION ( 'NONE',  ( -0.9863939238319759939, 0.000000000000000000, 0.1643989873063638751 ) ) ;
#712 = LINE ( 'NONE', #1701, #1430 ) ;
#713 = AXIS2_PLACEMENT_3D ( 'NONE', #902, #1422, #447 ) ;
#714 = FACE_OUTER_BOUND ( 'NONE', #1127, .T. ) ;
#715 = EDGE_LOOP ( 'NONE', ( #724, #752, #1495, #1750 ) ) ;
#716 = EDGE_CURVE ( 'NONE', #1658, #1034, #602, .T. ) ;
#717 = ORIENTED_EDGE ( 'NONE', *, *, #434, .T. ) ;
#718 = EDGE_CURVE ( 'NONE', #145, #1215, #1929, .T. ) ;
#719 = ADVANCED_FACE ( 'NONE', ( #1764 ), #118, .F. ) ;
#720 = VECTOR ( 'NONE', #160, 1000.000000000000000 ) ;
#721 = ORIENTED_EDGE ( 'NONE', *, *, #1105, .F. ) ;
#722 = PLANE ( 'NONE',  #1584 ) ;
#723 = EDGE_CURVE ( 'NONE', #730, #1751, #288, .T. ) ;
#724 = ORIENTED_EDGE ( 'NONE', *, *, #1618, .T. ) ;
#725 = DIRECTION ( 'NONE',  ( 1.000000000000000000, 0.000000000000000000, -5.782411586589375388E-15 ) ) ;
#726 = FACE_OUTER_BOUND ( 'NONE', #1598, .T. ) ;
#727 = DIRECTION ( 'NONE',  ( 1.000000000000000000, 0.000000000000000000, 0.000000000000000000 ) ) ;
#728 = VECTOR ( 'NONE', #2074, 1000.000000000000000 ) ;
#729 = CARTESIAN_POINT ( 'NONE',  ( -64.70000000006321272, 217.0000000000000000, -11.69999999999783569 ) ) ;
#730 = VERTEX_POINT ( 'NONE', #2092 ) ;
#731 = EDGE_CURVE ( 'NONE', #1009, #1215, #2063, .T. ) ;
#732 = ORIENTED_EDGE ( 'NONE', *, *, #782, .T. ) ;
#733 = EDGE_LOOP ( 'NONE', ( #2107, #1896, #214, #1679, #664, #1347, #637, #1718, #2129, #31, #1005, #1139, #760, #705, #349, #378, #1728, #780, #2077, #51, #1116 ) ) ;
#734 = DIRECTION ( 'NONE',  ( 1.000000000000000000, 0.000000000000000000, -1.021752127350338571E-12 ) ) ;
#735 = FACE_OUTER_BOUND ( 'NONE', #996, .T. ) ;
#736 = FACE_OUTER_BOUND ( 'NONE', #1645, .T. ) ;
#737 = DIRECTION ( 'NONE',  ( -1.000000000000000000, 0.000000000000000000, 1.021806337458962846E-12 ) ) ;
#738 = CARTESIAN_POINT ( 'NONE',  ( -60.70000000006237428, 212.0000000000000000, -10.90000000000192237 ) ) ;
#739 = VERTEX_POINT ( 'NONE', #756 ) ;
#740 = EDGE_LOOP ( 'NONE', ( #1739, #544, #546, #1543, #28 ) ) ;
#741 = EDGE_CURVE ( 'NONE', #982, #1313, #2102, .T. ) ;
#742 = MECHANICAL_DESIGN_GEOMETRIC_PRESENTATION_REPRESENTATION (  '', ( #946 ), #1409 ) ;
#743 = ORIENTED_EDGE ( 'NONE', *, *, #716, .F. ) ;
#744 = DIRECTION ( 'NONE',  ( -0.6246950475536261482, 0.000000000000000000, 0.7808688094436688765 ) ) ;
#745 = CARTESIAN_POINT ( 'NONE',  ( -84.90000000006401137, 331.8000000000000114, -11.50000000004809486 ) ) ;
#746 = FACE_OUTER_BOUND ( 'NONE', #686, .T. ) ;
#747 = DIRECTION ( 'NONE',  ( -0.9863939238323117253, 0.000000000000000000, -0.1643989873043487926 ) ) ;
#748 = EDGE_CURVE ( 'NONE', #535, #1007, #574, .T. ) ;
#749 = FACE_OUTER_BOUND ( 'NONE', #1559, .T. ) ;
#750 = EDGE_LOOP ( 'NONE', ( #1326, #203, #1625, #866 ) ) ;
#751 = ORIENTED_EDGE ( 'NONE', *, *, #157, .F. ) ;
#752 = ORIENTED_EDGE ( 'NONE', *, *, #1344, .F. ) ;
#753 = CARTESIAN_POINT ( 'NONE',  ( -105.3000000000623828, 212.0000000000000000, -10.89999999995634639 ) ) ;
#754 = EDGE_CURVE ( 'NONE', #2, #535, #1899, .T. ) ;
#755 = AXIS2_PLACEMENT_3D ( 'NONE', #1310, #1125, #1479 ) ;
#756 = CARTESIAN_POINT ( 'NONE',  ( -83.24895941883356443, 315.4744937980117356, -9.499999999978870235 ) ) ;
#757 = CARTESIAN_POINT ( 'NONE',  ( -100.5000000000615614, 212.0000000000000000, -10.09999999996125197 ) ) ;
#758 = FACE_OUTER_BOUND ( 'NONE', #1241, .T. ) ;
#759 = DIRECTION ( 'NONE',  ( -0.000000000000000000, 1.000000000000000000, -0.000000000000000000 ) ) ;
#760 = ORIENTED_EDGE ( 'NONE', *, *, #828, .F. ) ;
#761 = VECTOR ( 'NONE', #551, 1000.000000000000000 ) ;
#762 = EDGE_LOOP ( 'NONE', ( #1267, #334, #419, #13 ) ) ;
#763 = DIRECTION ( 'NONE',  ( 1.020716497435181023E-12, 0.000000000000000000, 1.000000000000000000 ) ) ;
#764 = VECTOR ( 'NONE', #1002, 1000.000000000000000 ) ;
#765 = VECTOR ( 'NONE', #1291, 1000.000000000000000 ) ;
#766 = EDGE_CURVE ( 'NONE', #1505, #1601, #642, .T. ) ;
#767 = CARTESIAN_POINT ( 'NONE',  ( -84.90000000006401137, 331.8000000000000114, -10.30000000004809557 ) ) ;
#768 = DIRECTION ( 'NONE',  ( 1.000000000000000000, 0.000000000000000000, -1.021670595346968267E-12 ) ) ;
#769 = DIRECTION ( 'NONE',  ( 0.000000000000000000, 0.000000000000000000, -1.000000000000000000 ) ) ;
#770 = CARTESIAN_POINT ( 'NONE',  ( -83.70000000006238849, 212.0000000000000000, -10.89999999997841940 ) ) ;
#771 = ORIENTED_EDGE ( 'NONE', *, *, #939, .T. ) ;
#772 = PRODUCT_RELATED_PRODUCT_CATEGORY ( 'part', '', ( #1265 ) ) ;
#773 = EDGE_CURVE ( 'NONE', #1969, #445, #1581, .T. ) ;
#774 = CARTESIAN_POINT ( 'NONE',  ( -19.70000000006319496, 212.0000000000000000, -11.70000000004380780 ) ) ;
#775 = CARTESIAN_POINT ( 'NONE',  ( -109.5000000000487006, 340.0000000000000000, 2.500000000047952309 ) ) ;
#776 = SURFACE_STYLE_FILL_AREA ( #139 ) ;
#777 = CARTESIAN_POINT ( 'NONE',  ( -40.70000000006238139, 217.0000000000000000, -10.90000000002235758 ) ) ;
#778 = LINE ( 'NONE', #1445, #338 ) ;
#779 = ORIENTED_EDGE ( 'NONE', *, *, #570, .T. ) ;
#780 = ORIENTED_EDGE ( 'NONE', *, *, #182, .F. ) ;
#781 = VECTOR ( 'NONE', #1255, 1000.000000000000000 ) ;
#782 = EDGE_CURVE ( 'NONE', #1748, #1553, #85, .T. ) ;
#783 = ADVANCED_FACE ( 'NONE', ( #309 ), #1791, .F. ) ;
#784 = LINE ( 'NONE', #1451, #2137 ) ;
#785 = DIRECTION ( 'NONE',  ( 0.000000000000000000, -1.000000000000000000, 0.000000000000000000 ) ) ;
#786 = LINE ( 'NONE', #1273, #1870 ) ;
#787 = FACE_OUTER_BOUND ( 'NONE', #1742, .T. ) ;
#788 = AXIS2_PLACEMENT_3D ( 'NONE', #131, #1458, #634 ) ;
#789 = CYLINDRICAL_SURFACE ( 'NONE', #379, 4.000000000000003553 ) ;
#790 = ORIENTED_EDGE ( 'NONE', *, *, #723, .F. ) ;
#791 = ORIENTED_EDGE ( 'NONE', *, *, #146, .T. ) ;
#792 = CARTESIAN_POINT ( 'NONE',  ( -14.50000000006092193, 170.0000000000000000, -7.500000000049548809 ) ) ;
#793 = CARTESIAN_POINT ( 'NONE',  ( -70.10000000006400001, 340.0000000000000000, -10.50000000004707701 ) ) ;
#794 = LINE ( 'NONE', #1953, #1895 ) ;
#795 = CARTESIAN_POINT ( 'NONE',  ( -49.24895941883355732, 315.4744937980117356, -9.500000000013612222 ) ) ;
#796 = CARTESIAN_POINT ( 'NONE',  ( -70.10000000006400001, 340.0000000000000000, -11.70000000004707630 ) ) ;
#797 = DIRECTION ( 'NONE',  ( -1.000000000000000000, -0.000000000000000000, -0.000000000000000000 ) ) ;
#798 = ORIENTED_EDGE ( 'NONE', *, *, #610, .T. ) ;
#799 = EDGE_LOOP ( 'NONE', ( #1019, #27, #1523, #662 ) ) ;
#800 = CARTESIAN_POINT ( 'NONE',  ( -43.70000000006238139, 217.0000000000000000, -10.90000000001929159 ) ) ;
#801 = VECTOR ( 'NONE', #1874, 1000.000000000000114 ) ;
#802 = DIRECTION ( 'NONE',  ( -0.000000000000000000, 1.000000000000000000, -0.000000000000000000 ) ) ;
#803 = VECTOR ( 'NONE', #465, 1000.000000000000000 ) ;
#804 = CARTESIAN_POINT ( 'NONE',  ( -14.50000000006092193, 162.0000000000000000, -7.500000000049548809 ) ) ;
#805 = DIRECTION ( 'NONE',  ( 1.000000000000000000, 0.000000000000000000, -1.021752127350337561E-12 ) ) ;
#806 = DIRECTION ( 'NONE',  ( 0.000000000000000000, 1.000000000000000000, 0.000000000000000000 ) ) ;
#807 = DIRECTION ( 'NONE',  ( -1.021800699607666527E-12, 0.000000000000000000, -1.000000000000000000 ) ) ;
#808 = EDGE_CURVE ( 'NONE', #809, #134, #620, .T. ) ;
#809 = VERTEX_POINT ( 'NONE', #793 ) ;
#810 = VERTEX_POINT ( 'NONE', #1130 ) ;
#811 = CARTESIAN_POINT ( 'NONE',  ( -84.90000000006401137, 331.8000000000000114, -11.50000000004809486 ) ) ;
#812 = VECTOR ( 'NONE', #1972, 1000.000000000000000 ) ;
#813 = EDGE_CURVE ( 'NONE', #995, #2117, #1951, .T. ) ;
#814 = VECTOR ( 'NONE', #1223, 1000.000000000000000 ) ;
#815 = CARTESIAN_POINT ( 'NONE',  ( -63.70000000006237428, 217.0000000000000000, -10.89999999999885638 ) ) ;
#816 = LINE ( 'NONE', #479, #1628 ) ;
#817 = DIRECTION ( 'NONE',  ( 1.021800699607666527E-12, -0.000000000000000000, 1.000000000000000000 ) ) ;
#818 = ORIENTED_EDGE ( 'NONE', *, *, #1259, .T. ) ;
#819 = EDGE_LOOP ( 'NONE', ( #446, #227 ) ) ;
#820 = ORIENTED_EDGE ( 'NONE', *, *, #54, .T. ) ;
#821 = FACE_OUTER_BOUND ( 'NONE', #625, .T. ) ;
#822 = CARTESIAN_POINT ( 'NONE',  ( -49.50000000006093615, 229.4999999999999716, -9.500000000013354651 ) ) ;
#823 = VECTOR ( 'NONE', #106, 1000.000000000000000 ) ;
#824 = CARTESIAN_POINT ( 'NONE',  ( -112.5000000000640199, 216.9999999999999432, -12.49999999994898303 ) ) ;
#825 = FACE_OUTER_BOUND ( 'NONE', #1554, .T. ) ;
#826 = LINE ( 'NONE', #668, #1216 ) ;
#827 = EDGE_LOOP ( 'NONE', ( #961, #1158, #856, #1806 ) ) ;
#828 = EDGE_CURVE ( 'NONE', #1470, #235, #299, .T. ) ;
#829 = EDGE_LOOP ( 'NONE', ( #1536, #1231, #1704, #154 ) ) ;
#830 = ORIENTED_EDGE ( 'NONE', *, *, #944, .T. ) ;
#831 = ORIENTED_EDGE ( 'NONE', *, *, #877, .T. ) ;
#832 = DIRECTION ( 'NONE',  ( -0.000000000000000000, -1.000000000000000000, 0.000000000000000000 ) ) ;
#833 = EDGE_CURVE ( 'NONE', #506, #427, #956, .T. ) ;
#834 = ORIENTED_EDGE ( 'NONE', *, *, #1499, .T. ) ;
#835 = FACE_OUTER_BOUND ( 'NONE', #918, .T. ) ;
#836 = AXIS2_PLACEMENT_3D ( 'NONE', #362, #41, #1367 ) ;
#837 = DIRECTION ( 'NONE',  ( -1.021648911303518557E-12, 0.000000000000000000, -1.000000000000000000 ) ) ;
#838 = DIRECTION ( 'NONE',  ( 0.000000000000000000, 1.000000000000000000, 0.000000000000000000 ) ) ;
#839 = LINE ( 'NONE', #303, #932 ) ;
#840 = DIRECTION ( 'NONE',  ( 1.000000000000000000, 0.000000000000000000, -1.021800699607666527E-12 ) ) ;
#841 = ORIENTED_EDGE ( 'NONE', *, *, #1222, .T. ) ;
#842 = ORIENTED_EDGE ( 'NONE', *, *, #874, .T. ) ;
#843 = ORIENTED_EDGE ( 'NONE', *, *, #1068, .T. ) ;
#844 = DIRECTION ( 'NONE',  ( 0.000000000000000000, 1.000000000000000000, 0.000000000000000000 ) ) ;
#845 = ORIENTED_EDGE ( 'NONE', *, *, #619, .T. ) ;
#846 = DIRECTION ( 'NONE',  ( 0.000000000000000000, -1.000000000000000000, 0.000000000000000000 ) ) ;
#847 = CARTESIAN_POINT ( 'NONE',  ( -112.5000000000640199, 212.0000000000000000, -12.49999999994898303 ) ) ;
#848 = FACE_OUTER_BOUND ( 'NONE', #267, .T. ) ;
#849 = DIRECTION ( 'NONE',  ( 0.000000000000000000, -0.000000000000000000, -1.000000000000000000 ) ) ;
#850 = CARTESIAN_POINT ( 'NONE',  ( -112.5000000000538023, 370.0000000000000000, -2.499999999948980367 ) ) ;
#851 = VERTEX_POINT ( 'NONE', #1463 ) ;
#852 = VERTEX_POINT ( 'NONE', #1800 ) ;
#853 = ORIENTED_EDGE ( 'NONE', *, *, #328, .F. ) ;
#854 = VECTOR ( 'NONE', #418, 1000.000000000000000 ) ;
#855 = CARTESIAN_POINT ( 'NONE',  ( -14.10000000005172360, 170.0000000000000000, -0.5000000000495483654 ) ) ;
#856 = ORIENTED_EDGE ( 'NONE', *, *, #1939, .F. ) ;
#857 = CARTESIAN_POINT ( 'NONE',  ( -64.70000000006321272, 217.0000000000000000, -11.69999999999783569 ) ) ;
#858 = VECTOR ( 'NONE', #1234, 1000.000000000000227 ) ;
#859 = LINE ( 'NONE', #1538, #110 ) ;
#860 = CARTESIAN_POINT ( 'NONE',  ( -108.5000000000599272, 340.0000000000000000, -8.499999999953068652 ) ) ;
#861 = DIRECTION ( 'NONE',  ( -8.673617379884035472E-16, 0.000000000000000000, 1.000000000000000000 ) ) ;
#862 = FACE_OUTER_BOUND ( 'NONE', #1588, .T. ) ;
#863 = ORIENTED_EDGE ( 'NONE', *, *, #365, .F. ) ;
#864 = ORIENTED_EDGE ( 'NONE', *, *, #754, .F. ) ;
#865 = VECTOR ( 'NONE', #2147, 1000.000000000000114 ) ;
#866 = ORIENTED_EDGE ( 'NONE', *, *, #718, .T. ) ;
#867 = AXIS2_PLACEMENT_3D ( 'NONE', #339, #205, #1681 ) ;
#868 = ORIENTED_EDGE ( 'NONE', *, *, #1168, .T. ) ;
#869 = LINE ( 'NONE', #2009, #1956 ) ;
#870 = CARTESIAN_POINT ( 'NONE',  ( -70.10000000006400001, 340.0000000000000000, -11.70000000004707630 ) ) ;
#871 = EDGE_CURVE ( 'NONE', #2007, #348, #966, .T. ) ;
#872 = CARTESIAN_POINT ( 'NONE',  ( -54.90000000006401137, 331.8000000000000114, -11.70000000004707630 ) ) ;
#873 = CARTESIAN_POINT ( 'NONE',  ( -39.70000000006319851, 212.0000000000000000, -11.70000000002338147 ) ) ;
#874 = EDGE_CURVE ( 'NONE', #1982, #1644, #148, .T. ) ;
#875 = VERTEX_POINT ( 'NONE', #1476 ) ;
#876 = VERTEX_POINT ( 'NONE', #2131 ) ;
#877 = EDGE_CURVE ( 'NONE', #265, #1886, #2112, .T. ) ;
#878 = ADVANCED_FACE ( 'NONE', ( #666 ), #1134, .F. ) ;
#879 = ORIENTED_EDGE ( 'NONE', *, *, #269, .T. ) ;
#880 = CARTESIAN_POINT ( 'NONE',  ( -14.10000000004867005, 170.0000000000000000, 2.499999999950450746 ) ) ;
#881 = VERTEX_POINT ( 'NONE', #1466 ) ;
#882 = PLANE ( 'NONE',  #1501 ) ;
#883 = ADVANCED_FACE ( 'NONE', ( #311 ), #1284, .F. ) ;
#884 = PLANE ( 'NONE',  #1426 ) ;
#885 = DIRECTION ( 'NONE',  ( -0.000000000000000000, 0.000000000000000000, 1.000000000000000000 ) ) ;
#886 = VECTOR ( 'NONE', #1594, 1000.000000000000000 ) ;
#887 = CARTESIAN_POINT ( 'NONE',  ( -12.50000000006092016, 0.000000000000000000, -9.500000000051162630 ) ) ;
#888 = ORIENTED_EDGE ( 'NONE', *, *, #566, .F. ) ;
#889 = EDGE_LOOP ( 'NONE', ( #1137, #1841, #1300, #1720 ) ) ;
#890 = AXIS2_PLACEMENT_3D ( 'NONE', #860, #2011, #1200 ) ;
#891 = EDGE_LOOP ( 'NONE', ( #285, #340, #1482, #929 ) ) ;
#892 = CARTESIAN_POINT ( 'NONE',  ( -14.10000000005172360, 170.0000000000000000, -0.5000000000495684604 ) ) ;
#893 = CARTESIAN_POINT ( 'NONE',  ( -40.10000000006400001, 331.8000000000000114, -11.50000000004809841 ) ) ;
#894 = DIRECTION ( 'NONE',  ( 0.000000000000000000, -0.000000000000000000, -1.000000000000000000 ) ) ;
#895 = CARTESIAN_POINT ( 'NONE',  ( -112.5000000000599272, 370.0000000000000000, -8.499999999948983032 ) ) ;
#896 = DIRECTION ( 'NONE',  ( 0.7808688094436684324, 0.000000000000000000, 0.6246950475536265923 ) ) ;
#897 = ORIENTED_EDGE ( 'NONE', *, *, #1364, .F. ) ;
#898 = ADVANCED_FACE ( 'NONE', ( #1502 ), #469, .F. ) ;
#899 = EDGE_LOOP ( 'NONE', ( #474, #183, #1238, #1578 ) ) ;
#900 = ORIENTED_EDGE ( 'NONE', *, *, #1881, .F. ) ;
#901 = EDGE_CURVE ( 'NONE', #1936, #2007, #502, .T. ) ;
#902 = CARTESIAN_POINT ( 'NONE',  ( -83.70000000006238849, 217.0000000000000000, -10.89999999997841940 ) ) ;
#903 = DIRECTION ( 'NONE',  ( 1.021800699607666527E-12, 0.000000000000000000, 1.000000000000000000 ) ) ;
#904 = LINE ( 'NONE', #1765, #998 ) ;
#905 = FACE_OUTER_BOUND ( 'NONE', #1408, .T. ) ;
#906 = PLANE ( 'NONE',  #2078 ) ;
#907 = ORIENTED_EDGE ( 'NONE', *, *, #1761, .F. ) ;
#908 = ORIENTED_EDGE ( 'NONE', *, *, #2109, .F. ) ;
#909 = VECTOR ( 'NONE', #82, 1000.000000000000000 ) ;
#910 = VECTOR ( 'NONE', #785, 1000.000000000000000 ) ;
#911 = ADVANCED_FACE ( 'NONE', ( #1631 ), #1335, .F. ) ;
#912 = ORIENTED_EDGE ( 'NONE', *, *, #1928, .F. ) ;
#913 = DIRECTION ( 'NONE',  ( 0.000000000000000000, 0.000000000000000000, -1.000000000000000000 ) ) ;
#914 = DIRECTION ( 'NONE',  ( -0.000000000000000000, 1.000000000000000000, -0.000000000000000000 ) ) ;
#915 = DIRECTION ( 'NONE',  ( 1.000000000000000000, 0.000000000000000000, -1.021800699607666527E-12 ) ) ;
#916 = LINE ( 'NONE', #281, #886 ) ;
#917 = LINE ( 'NONE', #738, #63 ) ;
#918 = EDGE_LOOP ( 'NONE', ( #1490, #1669, #1948, #366 ) ) ;
#919 = VECTOR ( 'NONE', #1110, 1000.000000000000000 ) ;
#920 = ADVANCED_FACE ( 'NONE', ( #460 ), #2122, .F. ) ;
#921 = VECTOR ( 'NONE', #261, 1000.000000000000114 ) ;
#922 = ORIENTED_EDGE ( 'NONE', *, *, #1727, .F. ) ;
#923 = LINE ( 'NONE', #774, #530 ) ;
#924 = CARTESIAN_POINT ( 'NONE',  ( -112.5000000000517559, 340.0000000000000000, -0.4999999999489834202 ) ) ;
#925 = DIRECTION ( 'NONE',  ( 1.000000000000000000, 0.000000000000000000, -1.141265444721583757E-16 ) ) ;
#926 = DIRECTION ( 'NONE',  ( 1.000000000000000000, 0.000000000000000000, 0.000000000000000000 ) ) ;
#927 = DIRECTION ( 'NONE',  ( -0.000000000000000000, -1.000000000000000000, 0.000000000000000000 ) ) ;
#928 = ADVANCED_FACE ( 'NONE', ( #329 ), #491, .T. ) ;
#929 = ORIENTED_EDGE ( 'NONE', *, *, #1389, .F. ) ;
#930 = VECTOR ( 'NONE', #171, 1000.000000000000000 ) ;
#931 = CARTESIAN_POINT ( 'NONE',  ( 0.000000000000000000, 331.8000000000000114, 0.000000000000000000 ) ) ;
#932 = VECTOR ( 'NONE', #971, 1000.000000000000000 ) ;
#933 = VECTOR ( 'NONE', #393, 1000.000000000000000 ) ;
#934 = DIRECTION ( 'NONE',  ( 0.7808688094436680993, 0.000000000000000000, 0.6246950475536270364 ) ) ;
#935 = DIRECTION ( 'NONE',  ( 1.000000000000000000, 0.000000000000000000, 1.141265444721583264E-16 ) ) ;
#936 = CARTESIAN_POINT ( 'NONE',  ( -108.5000000000640199, 340.0000000000000000, -12.49999999995306865 ) ) ;
#937 = EDGE_CURVE ( 'NONE', #1748, #14, #1322, .T. ) ;
#938 = CARTESIAN_POINT ( 'NONE',  ( -79.70000000006321272, 217.0000000000000000, -11.69999999998250750 ) ) ;
#939 = EDGE_CURVE ( 'NONE', #1827, #617, #633, .T. ) ;
#940 = ORIENTED_EDGE ( 'NONE', *, *, #175, .T. ) ;
#941 = EDGE_CURVE ( 'NONE', #1601, #1505, #1290, .T. ) ;
#942 = ORIENTED_EDGE ( 'NONE', *, *, #2042, .F. ) ;
#943 = ADVANCED_FACE ( 'NONE', ( #1000 ), #1673, .F. ) ;
#944 = EDGE_CURVE ( 'NONE', #134, #876, #958, .T. ) ;
#945 = DIRECTION ( 'NONE',  ( 1.000000000000000000, 0.000000000000000000, 0.000000000000000000 ) ) ;
#946 = STYLED_ITEM ( 'NONE', ( #1017 ), #1461 ) ;
#947 = DIRECTION ( 'NONE',  ( 1.000000000000000000, 0.000000000000000000, -1.141265444721583757E-16 ) ) ;
#948 = FILL_AREA_STYLE_COLOUR ( '', #1108 ) ;
#949 = LINE ( 'NONE', #1774, #781 ) ;
#950 = EDGE_CURVE ( 'NONE', #165, #286, #1296, .T. ) ;
#951 = FACE_OUTER_BOUND ( 'NONE', #750, .T. ) ;
#952 = ORIENTED_EDGE ( 'NONE', *, *, #1400, .T. ) ;
#953 = EDGE_LOOP ( 'NONE', ( #1208, #220, #1587, #1029 ) ) ;
#954 = VECTOR ( 'NONE', #1640, 1000.000000000000000 ) ;
#955 = CARTESIAN_POINT ( 'NONE',  ( -57.24895941883664108, 315.4744937980117356, -12.50000000000543920 ) ) ;
#956 = LINE ( 'NONE', #1629, #1012 ) ;
#957 = FACE_BOUND ( 'NONE', #2036, .T. ) ;
#958 = LINE ( 'NONE', #969, #361 ) ;
#959 = CARTESIAN_POINT ( 'NONE',  ( -14.10000000004867005, 1.600000000000077582, 2.499999999950430762 ) ) ;
#960 = CARTESIAN_POINT ( 'NONE',  ( -105.3000000000632070, 170.0000000000000000, -11.69999999995634532 ) ) ;
#961 = ORIENTED_EDGE ( 'NONE', *, *, #1195, .T. ) ;
#962 = ORIENTED_EDGE ( 'NONE', *, *, #182, .T. ) ;
#963 = AXIS2_PLACEMENT_3D ( 'NONE', #1212, #1844, #711 ) ;
#964 = DIRECTION ( 'NONE',  ( -1.214069631081469458E-28, -1.000000000000000000, -1.188166764367676588E-16 ) ) ;
#965 = EDGE_CURVE ( 'NONE', #1545, #39, #1088, .T. ) ;
#966 = LINE ( 'NONE', #2120, #910 ) ;
#967 =( LENGTH_UNIT ( ) NAMED_UNIT ( * ) SI_UNIT ( .MILLI., .METRE. ) );
#968 = FACE_OUTER_BOUND ( 'NONE', #399, .T. ) ;
#969 = CARTESIAN_POINT ( 'NONE',  ( -54.90000000006401137, 340.0000000000000000, -11.70000000004707630 ) ) ;
#970 = CARTESIAN_POINT ( 'NONE',  ( -105.3000000000623828, 170.0000000000000000, -10.89999999995634639 ) ) ;
#971 = DIRECTION ( 'NONE',  ( -1.021800699607666527E-12, 0.000000000000000000, -1.000000000000000000 ) ) ;
#972 = VERTEX_POINT ( 'NONE', #1821 ) ;
#973 = VERTEX_POINT ( 'NONE', #2135 ) ;
#974 = ADVANCED_FACE ( 'NONE', ( #320 ), #978, .F. ) ;
#975 = LINE ( 'NONE', #984, #1932 ) ;
#976 = AXIS2_PLACEMENT_3D ( 'NONE', #824, #1998, #1165 ) ;
#977 = LINE ( 'NONE', #516, #660 ) ;
#978 = PLANE ( 'NONE',  #127 ) ;
#979 = CARTESIAN_POINT ( 'NONE',  ( -62.00000000006401990, 229.4999999999999716, -12.50000000000058442 ) ) ;
#980 = LINE ( 'NONE', #143, #1250 ) ;
#981 = ORIENTED_EDGE ( 'NONE', *, *, #2109, .T. ) ;
#982 = VERTEX_POINT ( 'NONE', #425 ) ;
#983 = EDGE_LOOP ( 'NONE', ( #412, #2079, #1421, #1934 ) ) ;
#984 = CARTESIAN_POINT ( 'NONE',  ( -84.90000000006401137, 331.8000000000000114, -11.50000000004809486 ) ) ;
#985 = ADVANCED_FACE ( 'NONE', ( #787 ), #120, .F. ) ;
#986 = AXIS2_PLACEMENT_3D ( 'NONE', #1949, #1637, #1995 ) ;
#987 = DIRECTION ( 'NONE',  ( -0.9701425001455797892, 0.000000000000000000, -0.2425356250353413179 ) ) ;
#988 = PLANE ( 'NONE',  #1246 ) ;
#989 = CARTESIAN_POINT ( 'NONE',  ( -16.50000000006153655, 212.0000000000000000, -10.10000000004707488 ) ) ;
#990 = EDGE_CURVE ( 'NONE', #1440, #534, #1783, .T. ) ;
#991 = VECTOR ( 'NONE', #312, 1000.000000000000000 ) ;
#992 = ORIENTED_EDGE ( 'NONE', *, *, #1269, .T. ) ;
#993 = ADVANCED_FACE ( 'NONE', ( #905 ), #1457, .F. ) ;
#994 = EDGE_LOOP ( 'NONE', ( #1838, #178 ) ) ;
#995 = VERTEX_POINT ( 'NONE', #1766 ) ;
#996 = EDGE_LOOP ( 'NONE', ( #1992, #2056, #1692, #1509 ) ) ;
#997 = CARTESIAN_POINT ( 'NONE',  ( -39.70000000006319851, 212.0000000000000000, -11.70000000002338147 ) ) ;
#998 = VECTOR ( 'NONE', #416, 1000.000000000000000 ) ;
#999 = EDGE_LOOP ( 'NONE', ( #174, #410, #1617, #2110 ) ) ;
#1000 = FACE_OUTER_BOUND ( 'NONE', #1448, .T. ) ;
#1001 = DIRECTION ( 'NONE',  ( 1.000000000000000000, 0.000000000000000000, -1.021800699607666527E-12 ) ) ;
#1002 = DIRECTION ( 'NONE',  ( 1.000000000000000000, 0.000000000000000000, -1.141265444721583757E-16 ) ) ;
#1003 = PLANE ( 'NONE',  #509 ) ;
#1004 = ADVANCED_FACE ( 'NONE', ( #2114 ), #107, .F. ) ;
#1005 = ORIENTED_EDGE ( 'NONE', *, *, #1752, .F. ) ;
#1006 = EDGE_LOOP ( 'NONE', ( #1433, #798, #1368, #1376 ) ) ;
#1007 = VERTEX_POINT ( 'NONE', #253 ) ;
#1008 = DIRECTION ( 'NONE',  ( 1.021800699607666527E-12, -0.000000000000000000, 1.000000000000000000 ) ) ;
#1009 = VERTEX_POINT ( 'NONE', #263 ) ;
#1010 = CARTESIAN_POINT ( 'NONE',  ( -40.70000000006238139, 217.0000000000000000, -10.90000000002235758 ) ) ;
#1011 = VECTOR ( 'NONE', #21, 1000.000000000000000 ) ;
#1012 = VECTOR ( 'NONE', #138, 1000.000000000000000 ) ;
#1013 = CARTESIAN_POINT ( 'NONE',  ( -105.3000000000632070, 212.0000000000000000, -11.69999999995634532 ) ) ;
#1014 = CARTESIAN_POINT ( 'NONE',  ( -14.50000000006092193, 170.0000000000000000, -2.500000000049548365 ) ) ;
#1015 = DIRECTION ( 'NONE',  ( 0.000000000000000000, -1.000000000000000000, 0.000000000000000000 ) ) ;
#1016 = PRESENTATION_LAYER_ASSIGNMENT (  '', '', ( #946 ) ) ;
#1017 = PRESENTATION_STYLE_ASSIGNMENT (( #704 ) ) ;
#1018 = EDGE_LOOP ( 'NONE', ( #257, #751, #1883, #497 ) ) ;
#1019 = ORIENTED_EDGE ( 'NONE', *, *, #499, .F. ) ;
#1020 = DIRECTION ( 'NONE',  ( 0.000000000000000000, 1.000000000000000000, 0.000000000000000000 ) ) ;
#1021 = DIRECTION ( 'NONE',  ( 0.000000000000000000, -0.000000000000000000, 1.000000000000000000 ) ) ;
#1022 = ORIENTED_EDGE ( 'NONE', *, *, #437, .T. ) ;
#1023 = DIRECTION ( 'NONE',  ( 1.000000000000000000, 0.000000000000000000, -1.021670595346968267E-12 ) ) ;
#1024 = FACE_OUTER_BOUND ( 'NONE', #462, .T. ) ;
#1025 = DIRECTION ( 'NONE',  ( 0.9863939238319761049, 0.000000000000000000, -0.1643989873063639029 ) ) ;
#1026 = LINE ( 'NONE', #405, #16 ) ;
#1027 = VECTOR ( 'NONE', #431, 1000.000000000000000 ) ;
#1028 = PLANE ( 'NONE',  #1420 ) ;
#1029 = ORIENTED_EDGE ( 'NONE', *, *, #965, .T. ) ;
#1030 = VERTEX_POINT ( 'NONE', #442 ) ;
#1031 = VERTEX_POINT ( 'NONE', #1084 ) ;
#1032 = VECTOR ( 'NONE', #1146, 1000.000000000000000 ) ;
#1033 = EDGE_CURVE ( 'NONE', #1644, #347, #1942, .T. ) ;
#1034 = VERTEX_POINT ( 'NONE', #597 ) ;
#1035 = DIRECTION ( 'NONE',  ( -1.000000000000000000, 0.000000000000000000, 1.021786821819858107E-12 ) ) ;
#1036 = VECTOR ( 'NONE', #682, 1000.000000000000000 ) ;
#1037 = CARTESIAN_POINT ( 'NONE',  ( -40.10000000006400001, 331.8000000000000114, -11.50000000004809841 ) ) ;
#1038 = CARTESIAN_POINT ( 'NONE',  ( -16.50000000006153655, 212.0000000000000000, -10.10000000004707488 ) ) ;
#1039 = FACE_OUTER_BOUND ( 'NONE', #132, .T. ) ;
#1040 = ADVANCED_FACE ( 'NONE', ( #758 ), #450, .F. ) ;
#1041 = CARTESIAN_POINT ( 'NONE',  ( -83.24895941883664818, 315.4744937980117356, -12.49999999997887201 ) ) ;
#1042 = VERTEX_POINT ( 'NONE', #1425 ) ;
#1043 = VECTOR ( 'NONE', #1362, 1000.000000000000000 ) ;
#1044 = VERTEX_POINT ( 'NONE', #936 ) ;
#1045 = VECTOR ( 'NONE', #22, 1000.000000000000000 ) ;
#1046 = ADVANCED_FACE ( 'NONE', ( #613 ), #1274, .F. ) ;
#1047 = VERTEX_POINT ( 'NONE', #1921 ) ;
#1048 = DIRECTION ( 'NONE',  ( -1.000000000000000000, 0.000000000000000000, 1.021728419462834228E-12 ) ) ;
#1049 = LINE ( 'NONE', #550, #2041 ) ;
#1050 = DIRECTION ( 'NONE',  ( 0.000000000000000000, 0.000000000000000000, -1.000000000000000000 ) ) ;
#1051 = CARTESIAN_POINT ( 'NONE',  ( -60.70000000006237428, 217.0000000000000000, -10.90000000000192237 ) ) ;
#1052 = DIRECTION ( 'NONE',  ( -0.000000000000000000, 1.000000000000000000, -0.000000000000000000 ) ) ;
#1053 = ORIENTED_EDGE ( 'NONE', *, *, #1812, .T. ) ;
#1054 = VECTOR ( 'NONE', #1395, 1000.000000000000000 ) ;
#1055 = VERTEX_POINT ( 'NONE', #88 ) ;
#1056 = ORIENTED_EDGE ( 'NONE', *, *, #1438, .T. ) ;
#1057 = LINE ( 'NONE', #1685, #801 ) ;
#1058 = ORIENTED_EDGE ( 'NONE', *, *, #69, .T. ) ;
#1059 = CARTESIAN_POINT ( 'NONE',  ( -16.50000000006399148, 0.000000000000000000, -12.50000000004707523 ) ) ;
#1060 = EDGE_CURVE ( 'NONE', #347, #2028, #1756, .T. ) ;
#1061 = CARTESIAN_POINT ( 'NONE',  ( -110.5000000000609504, 170.0000000000000000, -2.499999999949005680 ) ) ;
#1062 = CARTESIAN_POINT ( 'NONE',  ( -13.50000000006092193, 170.0000000000000000, -7.500000000049548809 ) ) ;
#1063 = VECTOR ( 'NONE', #622, 1000.000000000000000 ) ;
#1064 = CARTESIAN_POINT ( 'NONE',  ( -100.5000000000640199, 212.0000000000000000, -12.49999999996124345 ) ) ;
#1065 = EDGE_CURVE ( 'NONE', #697, #695, #949, .T. ) ;
#1066 = ORIENTED_EDGE ( 'NONE', *, *, #1331, .T. ) ;
#1067 = ORIENTED_EDGE ( 'NONE', *, *, #773, .F. ) ;
#1068 = EDGE_CURVE ( 'NONE', #348, #1684, #1902, .T. ) ;
#1069 = AXIS2_PLACEMENT_3D ( 'NONE', #382, #198, #1539 ) ;
#1070 = VERTEX_POINT ( 'NONE', #417 ) ;
#1071 = PLANE ( 'NONE',  #713 ) ;
#1072 = ORIENTED_EDGE ( 'NONE', *, *, #1939, .T. ) ;
#1073 = DIRECTION ( 'NONE',  ( -0.000000000000000000, -0.000000000000000000, -1.000000000000000000 ) ) ;
#1074 = CARTESIAN_POINT ( 'NONE',  ( -44.70000000006320562, 212.0000000000000000, -11.70000000001827445 ) ) ;
#1075 = CARTESIAN_POINT ( 'NONE',  ( -13.50000000006092193, 162.0000000000000000, -7.500000000049548809 ) ) ;
#1076 =( GEOMETRIC_REPRESENTATION_CONTEXT ( 3 ) GLOBAL_UNCERTAINTY_ASSIGNED_CONTEXT ( ( #1589 ) ) GLOBAL_UNIT_ASSIGNED_CONTEXT ( ( #129, #630, #1113 ) ) REPRESENTATION_CONTEXT ( 'NONE', 'WORKASPACE' ) );
#1077 = FACE_OUTER_BOUND ( 'NONE', #201, .T. ) ;
#1078 = ORIENTED_EDGE ( 'NONE', *, *, #813, .T. ) ;
#1079 = ORIENTED_EDGE ( 'NONE', *, *, #1525, .F. ) ;
#1080 = VERTEX_POINT ( 'NONE', #1075 ) ;
#1081 = CARTESIAN_POINT ( 'NONE',  ( -100.5000000000640199, 212.0000000000000000, -12.49999999996124345 ) ) ;
#1082 = DIRECTION ( 'NONE',  ( -0.6246950475536270364, 0.000000000000000000, 0.7808688094436680993 ) ) ;
#1083 = LINE ( 'NONE', #1724, #1634 ) ;
#1084 = CARTESIAN_POINT ( 'NONE',  ( -37.00000000006400569, 229.4999999999999716, -12.50000000002612843 ) ) ;
#1085 = CARTESIAN_POINT ( 'NONE',  ( -41.24895941883354311, 315.4744937980117356, -9.500000000021787017 ) ) ;
#1086 = EDGE_CURVE ( 'NONE', #1034, #810, #916, .T. ) ;
#1087 = ORIENTED_EDGE ( 'NONE', *, *, #1991, .F. ) ;
#1088 = CIRCLE ( 'NONE', #679, 8.000000000000007105 ) ;
#1089 = ORIENTED_EDGE ( 'NONE', *, *, #1219, .T. ) ;
#1090 = FACE_OUTER_BOUND ( 'NONE', #1342, .T. ) ;
#1091 = LINE ( 'NONE', #1413, #545 ) ;
#1092 = DIRECTION ( 'NONE',  ( 0.000000000000000000, 0.000000000000000000, 1.000000000000000000 ) ) ;
#1093 = DIRECTION ( 'NONE',  ( -1.000000000000000000, 0.000000000000000000, -0.000000000000000000 ) ) ;
#1094 = CARTESIAN_POINT ( 'NONE',  ( -14.10000000004867005, 340.0000000000000000, 2.499999999950471175 ) ) ;
#1095 = VERTEX_POINT ( 'NONE', #1622 ) ;
#1096 = CIRCLE ( 'NONE', #2037, 8.000000000000007105 ) ;
#1097 = AXIS2_PLACEMENT_3D ( 'NONE', #1911, #251, #2084 ) ;
#1098 = CYLINDRICAL_SURFACE ( 'NONE', #639, 4.000000000000000000 ) ;
#1099 = ADVANCED_FACE ( 'NONE', ( #130 ), #1746, .F. ) ;
#1100 = EDGE_CURVE ( 'NONE', #1505, #401, #1245, .T. ) ;
#1101 = LINE ( 'NONE', #105, #1027 ) ;
#1102 = DIRECTION ( 'NONE',  ( -1.000000000000000000, 0.000000000000000000, 1.021800699607666527E-12 ) ) ;
#1103 = EDGE_CURVE ( 'NONE', #1658, #14, #1142, .T. ) ;
#1104 = PLANE ( 'NONE',  #1740 ) ;
#1105 = EDGE_CURVE ( 'NONE', #1925, #982, #467, .T. ) ;
#1106 = ORIENTED_EDGE ( 'NONE', *, *, #1334, .F. ) ;
#1107 = EDGE_CURVE ( 'NONE', #589, #235, #1122, .T. ) ;
#1108 = COLOUR_RGB ( '',0.7921568627450980005, 0.8196078431372548767, 0.9333333333333333481 ) ;
#1109 = ORIENTED_EDGE ( 'NONE', *, *, #112, .T. ) ;
#1110 = DIRECTION ( 'NONE',  ( 1.021800699607666527E-12, -0.000000000000000000, 1.000000000000000000 ) ) ;
#1111 = EDGE_CURVE ( 'NONE', #1375, #973, #794, .T. ) ;
#1112 = DIRECTION ( 'NONE',  ( 0.000000000000000000, 1.000000000000000000, 0.000000000000000000 ) ) ;
#1113 =( NAMED_UNIT ( * ) SI_UNIT ( $, .STERADIAN. ) SOLID_ANGLE_UNIT ( ) );
#1114 = CARTESIAN_POINT ( 'NONE',  ( -19.70000000006319496, 212.0000000000000000, -11.70000000004380780 ) ) ;
#1115 = CARTESIAN_POINT ( 'NONE',  ( -14.10000000005172360, 340.0000000000000000, -0.5000000000495684604 ) ) ;
#1116 = ORIENTED_EDGE ( 'NONE', *, *, #557, .T. ) ;
#1117 = ORIENTED_EDGE ( 'NONE', *, *, #1202, .T. ) ;
#1118 = CLOSED_SHELL ( 'NONE', ( #50, #1452, #719, #490, #1149, #1885, #108, #1475, #1662, #1817, #1492, #1735, #1546, #1900, #1046, #974, #540, #898, #2097, #238, #1907, #18, #291, #1980, #985, #1914, #2067, #1004, #911, #1099, #488, #993, #883, #680, #878, #2134, #19, #1576, #276, #1520, #1749, #279, #486, #1555, #928, #1552, #659, #1649, #783, #1264, #209, #1040, #547, #2059, #388, #116, #1596, #406, #1711, #164, #1427, #943, #920, #135, #2048, #1603, #1332, #1971, #176, #1372 ) ) ;
#1119 = LINE ( 'NONE', #1790, #438 ) ;
#1120 = DIRECTION ( 'NONE',  ( 1.000000000000000000, 0.000000000000000000, -1.021648911303518557E-12 ) ) ;
#1121 = DIRECTION ( 'NONE',  ( 1.021800699607666527E-12, -0.000000000000000000, 1.000000000000000000 ) ) ;
#1122 = LINE ( 'NONE', #1283, #411 ) ;
#1123 = EDGE_CURVE ( 'NONE', #1314, #145, #458, .T. ) ;
#1124 = DIRECTION ( 'NONE',  ( -0.000000000000000000, 0.000000000000000000, 1.000000000000000000 ) ) ;
#1125 = DIRECTION ( 'NONE',  ( -1.141265444721583264E-16, 0.000000000000000000, 1.000000000000000000 ) ) ;
#1126 = EDGE_LOOP ( 'NONE', ( #1398, #1898 ) ) ;
#1127 = EDGE_LOOP ( 'NONE', ( #1580, #1354, #11, #1058 ) ) ;
#1128 = EDGE_CURVE ( 'NONE', #532, #617, #1132, .T. ) ;
#1129 = PLANE ( 'NONE',  #1715 ) ;
#1130 = CARTESIAN_POINT ( 'NONE',  ( -109.5000000000609504, 340.0000000000000000, -9.499999999952047247 ) ) ;
#1131 = CARTESIAN_POINT ( 'NONE',  ( -67.24895941882640216, 315.4744937980117356, -2.499999999995218491 ) ) ;
#1132 = LINE ( 'NONE', #1974, #1825 ) ;
#1133 = VECTOR ( 'NONE', #1052, 1000.000000000000000 ) ;
#1134 = PLANE ( 'NONE',  #84 ) ;
#1135 = DIRECTION ( 'NONE',  ( -1.021800699607666527E-12, 0.000000000000000000, -1.000000000000000000 ) ) ;
#1136 = DIRECTION ( 'NONE',  ( 0.000000000000000000, 0.000000000000000000, 1.000000000000000000 ) ) ;
#1137 = ORIENTED_EDGE ( 'NONE', *, *, #188, .F. ) ;
#1138 = EDGE_CURVE ( 'NONE', #81, #93, #477, .T. ) ;
#1139 = ORIENTED_EDGE ( 'NONE', *, *, #647, .F. ) ;
#1140 = DIRECTION ( 'NONE',  ( 0.000000000000000000, -1.000000000000000000, -0.000000000000000000 ) ) ;
#1141 = CARTESIAN_POINT ( 'NONE',  ( -100.1000000000640142, 331.8000000000000114, -11.50000000004809486 ) ) ;
#1142 = LINE ( 'NONE', #1306, #1556 ) ;
#1143 = VECTOR ( 'NONE', #1167, 1000.000000000000000 ) ;
#1144 = VECTOR ( 'NONE', #34, 1000.000000000000000 ) ;
#1145 = CARTESIAN_POINT ( 'NONE',  ( -110.5000000000609504, 162.0000000000000000, -2.499999999949005680 ) ) ;
#1146 = DIRECTION ( 'NONE',  ( 0.000000000000000000, 0.000000000000000000, 1.000000000000000000 ) ) ;
#1147 = CARTESIAN_POINT ( 'NONE',  ( -100.1000000000640142, 331.8000000000000114, -11.50000000004809486 ) ) ;
#1148 = ORIENTED_EDGE ( 'NONE', *, *, #1065, .F. ) ;
#1149 = ADVANCED_FACE ( 'NONE', ( #1810, #957, #319, #968 ), #1294, .T. ) ;
#1150 = ORIENTED_EDGE ( 'NONE', *, *, #180, .T. ) ;
#1151 = LINE ( 'NONE', #1356, #1786 ) ;
#1152 = DIRECTION ( 'NONE',  ( -0.000000000000000000, 1.000000000000000000, 0.000000000000000000 ) ) ;
#1153 = PRODUCT_DEFINITION ( 'UNKNOWN', '', #2081, #1450 ) ;
#1154 = EDGE_CURVE ( 'NONE', #506, #1080, #150, .T. ) ;
#1155 = DIRECTION ( 'NONE',  ( -1.021800699607666527E-12, 0.000000000000000000, -1.000000000000000000 ) ) ;
#1156 = CARTESIAN_POINT ( 'NONE',  ( -15.50000000004866862, 340.0000000000000000, 2.499999999951902030 ) ) ;
#1157 = LINE ( 'NONE', #1516, #4 ) ;
#1158 = ORIENTED_EDGE ( 'NONE', *, *, #1499, .F. ) ;
#1159 = ORIENTED_EDGE ( 'NONE', *, *, #808, .F. ) ;
#1160 = ORIENTED_EDGE ( 'NONE', *, *, #990, .F. ) ;
#1161 = ORIENTED_EDGE ( 'NONE', *, *, #773, .T. ) ;
#1162 = CARTESIAN_POINT ( 'NONE',  ( -110.9000000000486921, 365.0000000000000000, 2.500000000049384496 ) ) ;
#1163 = AXIS2_PLACEMENT_3D ( 'NONE', #1931, #1102, #1606 ) ;
#1164 = EDGE_CURVE ( 'NONE', #521, #1678, #977, .T. ) ;
#1165 = DIRECTION ( 'NONE',  ( -1.000000000000000000, 0.000000000000000000, 1.021800699607666527E-12 ) ) ;
#1166 = DIRECTION ( 'NONE',  ( -0.000000000000000000, 1.000000000000000000, -0.000000000000000000 ) ) ;
#1167 = DIRECTION ( 'NONE',  ( -0.7808688094436680993, 0.000000000000000000, -0.6246950475536270364 ) ) ;
#1168 = EDGE_CURVE ( 'NONE', #589, #1936, #313, .T. ) ;
#1169 = VECTOR ( 'NONE', #1166, 1000.000000000000000 ) ;
#1170 = ORIENTED_EDGE ( 'NONE', *, *, #619, .F. ) ;
#1171 = EDGE_LOOP ( 'NONE', ( #879, #48, #1741, #256 ) ) ;
#1172 = ORIENTED_EDGE ( 'NONE', *, *, #606, .F. ) ;
#1173 = DIRECTION ( 'NONE',  ( -1.000000000000000000, -0.000000000000000000, -0.000000000000000000 ) ) ;
#1174 = VERTEX_POINT ( 'NONE', #1311 ) ;
#1175 = CARTESIAN_POINT ( 'NONE',  ( -12.50000000004866685, 170.0000000000000000, 2.499999999948815610 ) ) ;
#1176 = CARTESIAN_POINT ( 'NONE',  ( -13.50000000006092193, 170.0000000000000000, -2.500000000049548365 ) ) ;
#1177 = CARTESIAN_POINT ( 'NONE',  ( -63.70000000006237428, 212.0000000000000000, -10.89999999999885638 ) ) ;
#1178 = DIRECTION ( 'NONE',  ( -0.7808688094436684324, 0.000000000000000000, -0.6246950475536265923 ) ) ;
#1179 = DIRECTION ( 'NONE',  ( 1.000000000000000000, 0.000000000000000000, -1.021800699607666527E-12 ) ) ;
#1180 = ORIENTED_EDGE ( 'NONE', *, *, #1831, .F. ) ;
#1181 = VERTEX_POINT ( 'NONE', #1804 ) ;
#1182 = FACE_BOUND ( 'NONE', #1957, .T. ) ;
#1183 = FACE_OUTER_BOUND ( 'NONE', #1471, .T. ) ;
#1184 = ORIENTED_EDGE ( 'NONE', *, *, #217, .T. ) ;
#1185 = DIRECTION ( 'NONE',  ( -0.000000000000000000, 1.000000000000000000, -0.000000000000000000 ) ) ;
#1186 = VECTOR ( 'NONE', #601, 1000.000000000000000 ) ;
#1187 = AXIS2_PLACEMENT_3D ( 'NONE', #1145, #1514, #1124 ) ;
#1188 = CARTESIAN_POINT ( 'NONE',  ( -111.5000000000609504, 162.0000000000000000, -2.499999999949005680 ) ) ;
#1189 = CARTESIAN_POINT ( 'NONE',  ( -100.1000000000640142, 340.0000000000000000, -11.50000000004809486 ) ) ;
#1190 = DIRECTION ( 'NONE',  ( -0.000000000000000000, -0.000000000000000000, 1.000000000000000000 ) ) ;
#1191 = DIRECTION ( 'NONE',  ( -0.000000000000000000, 1.000000000000000000, -0.000000000000000000 ) ) ;
#1192 = EDGE_LOOP ( 'NONE', ( #248, #791, #1916, #1778 ) ) ;
#1193 = EDGE_LOOP ( 'NONE', ( #672, #70, #1148, #323 ) ) ;
#1194 = ORIENTED_EDGE ( 'NONE', *, *, #1682, .T. ) ;
#1195 = EDGE_CURVE ( 'NONE', #1709, #1365, #1338, .T. ) ;
#1196 = ORIENTED_EDGE ( 'NONE', *, *, #1383, .T. ) ;
#1197 = CARTESIAN_POINT ( 'NONE',  ( -79.70000000006321272, 217.0000000000000000, -11.69999999998250750 ) ) ;
#1198 = VECTOR ( 'NONE', #1809, 1000.000000000000000 ) ;
#1199 = DIRECTION ( 'NONE',  ( -1.000000000000000000, 0.000000000000000000, 1.021800699607666527E-12 ) ) ;
#1200 = DIRECTION ( 'NONE',  ( 0.000000000000000000, 0.000000000000000000, 1.000000000000000000 ) ) ;
#1201 = CARTESIAN_POINT ( 'NONE',  ( -24.90000000006400427, 340.0000000000000000, -10.30000000004809912 ) ) ;
#1202 = EDGE_CURVE ( 'NONE', #286, #589, #1652, .T. ) ;
#1203 = VECTOR ( 'NONE', #1253, 1000.000000000000000 ) ;
#1204 =( LENGTH_UNIT ( ) NAMED_UNIT ( * ) SI_UNIT ( .MILLI., .METRE. ) );
#1205 = EDGE_LOOP ( 'NONE', ( #1655, #1072, #1315, #1460 ) ) ;
#1206 = EDGE_CURVE ( 'NONE', #1824, #973, #1468, .T. ) ;
#1207 = EDGE_LOOP ( 'NONE', ( #663, #992, #2001, #113 ) ) ;
#1208 = ORIENTED_EDGE ( 'NONE', *, *, #2125, .F. ) ;
#1209 = DIRECTION ( 'NONE',  ( -0.000000000000000000, -0.000000000000000000, 1.000000000000000000 ) ) ;
#1210 = STYLED_ITEM ( 'NONE', ( #1456 ), #1659 ) ;
#1211 = DIRECTION ( 'NONE',  ( 0.000000000000000000, -1.000000000000000000, 0.000000000000000000 ) ) ;
#1212 = CARTESIAN_POINT ( 'NONE',  ( -105.3000000000632070, 212.0000000000000000, -11.69999999995634532 ) ) ;
#1213 = LINE ( 'NONE', #1528, #1513 ) ;
#1214 = CARTESIAN_POINT ( 'NONE',  ( -40.10000000006400001, 340.0000000000000000, -11.50000000004809841 ) ) ;
#1215 = VERTEX_POINT ( 'NONE', #1977 ) ;
#1216 = VECTOR ( 'NONE', #817, 1000.000000000000000 ) ;
#1217 = ORIENTED_EDGE ( 'NONE', *, *, #341, .F. ) ;
#1218 = AXIS2_PLACEMENT_3D ( 'NONE', #1627, #2118, #136 ) ;
#1219 = EDGE_CURVE ( 'NONE', #1886, #1230, #1298, .T. ) ;
#1220 = ORIENTED_EDGE ( 'NONE', *, *, #1195, .F. ) ;
#1221 = DIRECTION ( 'NONE',  ( 1.021800699607666527E-12, -0.000000000000000000, 1.000000000000000000 ) ) ;
#1222 = EDGE_CURVE ( 'NONE', #1609, #1031, #839, .T. ) ;
#1223 = DIRECTION ( 'NONE',  ( 0.000000000000000000, 0.000000000000000000, 1.000000000000000000 ) ) ;
#1224 = CARTESIAN_POINT ( 'NONE',  ( -100.5000000000615614, 212.0000000000000000, -10.09999999996125197 ) ) ;
#1225 = DIRECTION ( 'NONE',  ( 1.000000000000000000, 0.000000000000000000, -1.021670595346968267E-12 ) ) ;
#1226 = EDGE_CURVE ( 'NONE', #1678, #1709, #1157, .T. ) ;
#1227 = DIRECTION ( 'NONE',  ( 1.000000000000000000, 0.000000000000000000, 0.000000000000000000 ) ) ;
#1228 = ORIENTED_EDGE ( 'NONE', *, *, #1928, .T. ) ;
#1229 = AXIS2_PLACEMENT_3D ( 'NONE', #1385, #1677, #200 ) ;
#1230 = VERTEX_POINT ( 'NONE', #960 ) ;
#1231 = ORIENTED_EDGE ( 'NONE', *, *, #1927, .F. ) ;
#1232 = DIRECTION ( 'NONE',  ( 0.000000000000000000, 1.000000000000000000, 0.000000000000000000 ) ) ;
#1233 = PLANE ( 'NONE',  #1097 ) ;
#1234 = DIRECTION ( 'NONE',  ( -0.9863939238323117253, 0.000000000000000000, -0.1643989873043487926 ) ) ;
#1235 = DIRECTION ( 'NONE',  ( -0.000000000000000000, -0.000000000000000000, 1.000000000000000000 ) ) ;
#1236 = AXIS2_PLACEMENT_3D ( 'NONE', #1964, #140, #1801 ) ;
#1237 = LINE ( 'NONE', #1428, #1453 ) ;
#1238 = ORIENTED_EDGE ( 'NONE', *, *, #434, .F. ) ;
#1239 = ORIENTED_EDGE ( 'NONE', *, *, #1785, .T. ) ;
#1240 = VECTOR ( 'NONE', #357, 1000.000000000000000 ) ;
#1241 = EDGE_LOOP ( 'NONE', ( #72, #581, #1860, #1868 ) ) ;
#1242 = DIRECTION ( 'NONE',  ( -1.000000000000000000, 0.000000000000000000, 0.000000000000000000 ) ) ;
#1243 = CARTESIAN_POINT ( 'NONE',  ( -83.70000000006238849, 217.0000000000000000, -10.89999999997841940 ) ) ;
#1244 = PLANE ( 'NONE',  #1978 ) ;
#1245 = LINE ( 'NONE', #1913, #1063 ) ;
#1246 = AXIS2_PLACEMENT_3D ( 'NONE', #503, #1381, #1361 ) ;
#1247 = CARTESIAN_POINT ( 'NONE',  ( -110.9000000000517616, 365.0000000000000000, -0.4999999999506163362 ) ) ;
#1248 = ORIENTED_EDGE ( 'NONE', *, *, #941, .F. ) ;
#1249 = ORIENTED_EDGE ( 'NONE', *, *, #1777, .F. ) ;
#1250 = VECTOR ( 'NONE', #645, 1000.000000000000000 ) ;
#1251 = EDGE_LOOP ( 'NONE', ( #1299, #743, #68, #2140 ) ) ;
#1252 = CARTESIAN_POINT ( 'NONE',  ( -14.50000000006092193, 170.0000000000000000, -2.500000000049548365 ) ) ;
#1253 = DIRECTION ( 'NONE',  ( -1.000000000000000000, -0.000000000000000000, -0.000000000000000000 ) ) ;
#1254 = LINE ( 'NONE', #1920, #1775 ) ;
#1255 = DIRECTION ( 'NONE',  ( -0.7808688094436688765, 0.000000000000000000, -0.6246950475536261482 ) ) ;
#1256 = DIRECTION ( 'NONE',  ( -1.000000000000000000, 0.000000000000000000, -0.000000000000000000 ) ) ;
#1257 = ORIENTED_EDGE ( 'NONE', *, *, #2144, .F. ) ;
#1258 = EDGE_CURVE ( 'NONE', #519, #851, #826, .T. ) ;
#1259 = EDGE_CURVE ( 'NONE', #1031, #1751, #282, .T. ) ;
#1260 = CARTESIAN_POINT ( 'NONE',  ( -19.70000000006237428, 170.0000000000000000, -10.90000000004380531 ) ) ;
#1261 = CARTESIAN_POINT ( 'NONE',  ( -16.50000000006153655, 170.0000000000000000, -10.10000000004707488 ) ) ;
#1262 = CARTESIAN_POINT ( 'NONE',  ( -39.70000000006319851, 217.0000000000000000, -11.70000000002338147 ) ) ;
#1263 = CARTESIAN_POINT ( 'NONE',  ( -13.50000000006092193, 170.0000000000000000, -2.500000000049548365 ) ) ;
#1264 = ADVANCED_FACE ( 'NONE', ( #322 ), #1480, .T. ) ;
#1265 = PRODUCT ( 'TOP Cover 2', 'TOP Cover 2', '', ( #654 ) ) ;
#1266 = CARTESIAN_POINT ( 'NONE',  ( -111.5000000000609504, 170.0000000000000000, -7.499999999949006124 ) ) ;
#1267 = ORIENTED_EDGE ( 'NONE', *, *, #1269, .F. ) ;
#1268 = AXIS2_PLACEMENT_3D ( 'NONE', #1401, #744, #2091 ) ;
#1269 = EDGE_CURVE ( 'NONE', #1601, #511, #980, .T. ) ;
#1270 = CARTESIAN_POINT ( 'NONE',  ( -108.5000000000640199, 170.0000000000000000, -12.49999999995306865 ) ) ;
#1271 = VECTOR ( 'NONE', #123, 1000.000000000000000 ) ;
#1272 = CARTESIAN_POINT ( 'NONE',  ( -24.90000000006400427, 331.8000000000000114, -11.50000000004809841 ) ) ;
#1273 = CARTESIAN_POINT ( 'NONE',  ( -109.5000000000538023, 340.0000000000000000, -2.499999999952045915 ) ) ;
#1274 = PLANE ( 'NONE',  #580 ) ;
#1275 = LINE ( 'NONE', #1784, #1308 ) ;
#1276 = ORIENTED_EDGE ( 'NONE', *, *, #782, .F. ) ;
#1277 = VECTOR ( 'NONE', #1963, 1000.000000000000000 ) ;
#1278 = ORIENTED_EDGE ( 'NONE', *, *, #407, .T. ) ;
#1279 = LINE ( 'NONE', #638, #1198 ) ;
#1280 = EDGE_CURVE ( 'NONE', #1313, #1070, #1489, .T. ) ;
#1281 = CARTESIAN_POINT ( 'NONE',  ( -70.10000000006400001, 340.0000000000000000, -10.50000000004707701 ) ) ;
#1282 = DIRECTION ( 'NONE',  ( -0.000000000000000000, 1.000000000000000000, -0.000000000000000000 ) ) ;
#1283 = CARTESIAN_POINT ( 'NONE',  ( -19.70000000006237428, 212.0000000000000000, -10.90000000004380531 ) ) ;
#1284 = PLANE ( 'NONE',  #430 ) ;
#1285 = DIRECTION ( 'NONE',  ( 1.000000000000000000, 0.000000000000000000, -1.021800699607666527E-12 ) ) ;
#1286 = EDGE_CURVE ( 'NONE', #707, #2139, #1504, .T. ) ;
#1287 = ORIENTED_EDGE ( 'NONE', *, *, #990, .T. ) ;
#1288 = ORIENTED_EDGE ( 'NONE', *, *, #723, .T. ) ;
#1289 = VECTOR ( 'NONE', #1209, 1000.000000000000000 ) ;
#1290 = CIRCLE ( 'NONE', #533, 8.000000000000014211 ) ;
#1291 = DIRECTION ( 'NONE',  ( 0.000000000000000000, -1.000000000000000000, 0.000000000000000000 ) ) ;
#1292 = DIRECTION ( 'NONE',  ( 1.141265444721583757E-16, 0.000000000000000000, 1.000000000000000000 ) ) ;
#1293 = CARTESIAN_POINT ( 'NONE',  ( -100.1000000000640142, 331.8000000000000114, -10.30000000004809735 ) ) ;
#1294 = PLANE ( 'NONE',  #1236 ) ;
#1295 = EDGE_CURVE ( 'NONE', #1174, #304, #1814, .T. ) ;
#1296 = LINE ( 'NONE', #1965, #1922 ) ;
#1297 = CARTESIAN_POINT ( 'NONE',  ( -108.5000000000599272, 170.0000000000000000, -8.499999999953068652 ) ) ;
#1298 = LINE ( 'NONE', #153, #1878 ) ;
#1299 = ORIENTED_EDGE ( 'NONE', *, *, #175, .F. ) ;
#1300 = ORIENTED_EDGE ( 'NONE', *, *, #2039, .F. ) ;
#1301 = VECTOR ( 'NONE', #582, 1000.000000000000000 ) ;
#1302 = LINE ( 'NONE', #287, #266 ) ;
#1303 = VECTOR ( 'NONE', #95, 1000.000000000000000 ) ;
#1304 = DIRECTION ( 'NONE',  ( -1.020716497435181023E-12, 0.000000000000000000, -1.000000000000000000 ) ) ;
#1305 =( NAMED_UNIT ( * ) SI_UNIT ( $, .STERADIAN. ) SOLID_ANGLE_UNIT ( ) );
#1306 = CARTESIAN_POINT ( 'NONE',  ( -15.50000000005377565, 170.0000000000000000, -2.500000000048095750 ) ) ;
#1307 = EDGE_CURVE ( 'NONE', #453, #995, #331, .T. ) ;
#1308 = VECTOR ( 'NONE', #293, 1000.000000000000000 ) ;
#1309 = CARTESIAN_POINT ( 'NONE',  ( -15.50000000004866862, 365.0000000000000000, 2.499999999951905139 ) ) ;
#1310 = CARTESIAN_POINT ( 'NONE',  ( -100.1000000000640142, 331.8000000000000114, -10.30000000004809735 ) ) ;
#1311 = CARTESIAN_POINT ( 'NONE',  ( -59.70000000006320562, 217.0000000000000000, -11.70000000000294449 ) ) ;
#1312 = APPLICATION_CONTEXT ( 'automotive_design' ) ;
#1313 = VERTEX_POINT ( 'NONE', #2124 ) ;
#1314 = VERTEX_POINT ( 'NONE', #1834 ) ;
#1315 = ORIENTED_EDGE ( 'NONE', *, *, #754, .T. ) ;
#1316 = VECTOR ( 'NONE', #838, 1000.000000000000000 ) ;
#1317 = UNCERTAINTY_MEASURE_WITH_UNIT (LENGTH_MEASURE( 1.000000000000000082E-05 ), #1204, 'distance_accuracy_value', 'NONE');
#1318 = DIRECTION ( 'NONE',  ( -0.000000000000000000, -0.000000000000000000, -1.000000000000000000 ) ) ;
#1319 = DIRECTION ( 'NONE',  ( 1.000000000000000000, 0.000000000000000000, 0.000000000000000000 ) ) ;
#1320 = VECTOR ( 'NONE', #1477, 1000.000000000000000 ) ;
#1321 = VECTOR ( 'NONE', #403, 1000.000000000000000 ) ;
#1322 = LINE ( 'NONE', #1309, #1646 ) ;
#1323 = LINE ( 'NONE', #1115, #1935 ) ;
#1324 = DIRECTION ( 'NONE',  ( 1.000000000000000000, 0.000000000000000000, -1.141265444721583757E-16 ) ) ;
#1325 = ORIENTED_EDGE ( 'NONE', *, *, #2119, .T. ) ;
#1326 = ORIENTED_EDGE ( 'NONE', *, *, #731, .F. ) ;
#1327 = ORIENTED_EDGE ( 'NONE', *, *, #610, .F. ) ;
#1328 = VERTEX_POINT ( 'NONE', #344 ) ;
#1329 = EDGE_CURVE ( 'NONE', #1047, #90, #1989, .T. ) ;
#1330 = CARTESIAN_POINT ( 'NONE',  ( -14.50000000006092193, 162.0000000000000000, -2.500000000049548365 ) ) ;
#1331 = EDGE_CURVE ( 'NONE', #81, #453, #1675, .T. ) ;
#1332 = ADVANCED_FACE ( 'NONE', ( #1351 ), #471, .F. ) ;
#1333 = AXIS2_PLACEMENT_3D ( 'NONE', #1550, #727, #2045 ) ;
#1334 = EDGE_CURVE ( 'NONE', #697, #247, #712, .T. ) ;
#1335 = CYLINDRICAL_SURFACE ( 'NONE', #1758, 8.000000000000007105 ) ;
#1336 = EDGE_CURVE ( 'NONE', #687, #617, #234, .T. ) ;
#1337 = CARTESIAN_POINT ( 'NONE',  ( -105.3000000000632070, 212.0000000000000000, -11.69999999995634532 ) ) ;
#1338 = LINE ( 'NONE', #1665, #2087 ) ;
#1339 = EDGE_LOOP ( 'NONE', ( #1387, #2096, #549, #101 ) ) ;
#1340 = DIRECTION ( 'NONE',  ( 0.6246950475552242033, 0.000000000000000000, 0.7808688094423903436 ) ) ;
#1341 = ORIENTED_EDGE ( 'NONE', *, *, #1219, .F. ) ;
#1342 = EDGE_LOOP ( 'NONE', ( #163, #398, #1067, #1397 ) ) ;
#1343 = ORIENTED_EDGE ( 'NONE', *, *, #1500, .F. ) ;
#1344 = EDGE_CURVE ( 'NONE', #304, #125, #212, .T. ) ;
#1345 = DIRECTION ( 'NONE',  ( -5.966990492368453989E-18, 1.000000000000000000, 1.193398098498139908E-16 ) ) ;
#1346 = AXIS2_PLACEMENT_3D ( 'NONE', #1415, #2075, #586 ) ;
#1347 = ORIENTED_EDGE ( 'NONE', *, *, #1726, .T. ) ;
#1348 = DIRECTION ( 'NONE',  ( -1.000000000000000000, 0.000000000000000000, 0.000000000000000000 ) ) ;
#1349 = FACE_OUTER_BOUND ( 'NONE', #1388, .T. ) ;
#1350 = CARTESIAN_POINT ( 'NONE',  ( -59.70000000006320562, 217.0000000000000000, -11.70000000000294449 ) ) ;
#1351 = FACE_OUTER_BOUND ( 'NONE', #696, .T. ) ;
#1352 = AXIS2_PLACEMENT_3D ( 'NONE', #2076, #1227, #605 ) ;
#1353 = DIRECTION ( 'NONE',  ( -1.000000000000000000, -0.000000000000000000, -0.000000000000000000 ) ) ;
#1354 = ORIENTED_EDGE ( 'NONE', *, *, #1785, .F. ) ;
#1355 = VERTEX_POINT ( 'NONE', #1737 ) ;
#1356 = CARTESIAN_POINT ( 'NONE',  ( -109.5000000000609504, 0.000000000000000000, -9.499999999952047247 ) ) ;
#1357 = CARTESIAN_POINT ( 'NONE',  ( -79.70000000006321272, 217.0000000000000000, -11.69999999998250750 ) ) ;
#1358 = VERTEX_POINT ( 'NONE', #1880 ) ;
#1359 = LINE ( 'NONE', #524, #259 ) ;
#1360 = DIRECTION ( 'NONE',  ( 1.000000000000000000, 0.000000000000000000, 0.000000000000000000 ) ) ;
#1361 = DIRECTION ( 'NONE',  ( -1.021800699607666527E-12, 0.000000000000000000, -1.000000000000000000 ) ) ;
#1362 = DIRECTION ( 'NONE',  ( 0.000000000000000000, -1.000000000000000000, 0.000000000000000000 ) ) ;
#1363 = EDGE_CURVE ( 'NONE', #2080, #472, #395, .T. ) ;
#1364 = EDGE_CURVE ( 'NONE', #1459, #875, #199, .T. ) ;
#1365 = VERTEX_POINT ( 'NONE', #1201 ) ;
#1366 = ORIENTED_EDGE ( 'NONE', *, *, #1943, .F. ) ;
#1367 = DIRECTION ( 'NONE',  ( 1.000000000000000000, 0.000000000000000000, -1.021800699607666527E-12 ) ) ;
#1368 = ORIENTED_EDGE ( 'NONE', *, *, #2083, .T. ) ;
#1369 = DIRECTION ( 'NONE',  ( 1.000000000000000000, 0.000000000000000000, -1.021800699607666527E-12 ) ) ;
#1370 = AXIS2_PLACEMENT_3D ( 'NONE', #1954, #1987, #342 ) ;
#1371 = CARTESIAN_POINT ( 'NONE',  ( -54.90000000006401137, 331.8000000000000114, -11.70000000004707630 ) ) ;
#1372 = ADVANCED_FACE ( 'NONE', ( #1039 ), #46, .T. ) ;
#1373 = DIRECTION ( 'NONE',  ( -0.7808688094423916759, -0.000000000000000000, 0.6246950475552225379 ) ) ;
#1374 = LINE ( 'NONE', #554, #1867 ) ;
#1375 = VERTEX_POINT ( 'NONE', #1541 ) ;
#1376 = ORIENTED_EDGE ( 'NONE', *, *, #517, .T. ) ;
#1377 = ORIENTED_EDGE ( 'NONE', *, *, #1946, .T. ) ;
#1378 = CARTESIAN_POINT ( 'NONE',  ( -43.70000000006238139, 212.0000000000000000, -10.90000000001929159 ) ) ;
#1379 = AXIS2_PLACEMENT_3D ( 'NONE', #1926, #609, #763 ) ;
#1380 = DIRECTION ( 'NONE',  ( -0.000000000000000000, 1.000000000000000000, -0.000000000000000000 ) ) ;
#1381 = DIRECTION ( 'NONE',  ( 1.000000000000000000, 0.000000000000000000, -1.021800699607666527E-12 ) ) ;
#1382 = DIRECTION ( 'NONE',  ( 1.000000000000000000, 0.000000000000000000, -1.021670595346968267E-12 ) ) ;
#1383 = EDGE_CURVE ( 'NONE', #1047, #809, #66, .T. ) ;
#1384 = CIRCLE ( 'NONE', #167, 8.000000000000014211 ) ;
#1385 = CARTESIAN_POINT ( 'NONE',  ( -12.50000000004866685, 365.0000000000000000, 2.499999999948840035 ) ) ;
#1386 = ORIENTED_EDGE ( 'NONE', *, *, #1107, .F. ) ;
#1387 = ORIENTED_EDGE ( 'NONE', *, *, #526, .T. ) ;
#1388 = EDGE_LOOP ( 'NONE', ( #1893, #1117, #868, #2116, #1, #831, #80, #58 ) ) ;
#1389 = EDGE_CURVE ( 'NONE', #1577, #579, #2022, .T. ) ;
#1390 = DIRECTION ( 'NONE',  ( 0.000000000000000000, 0.000000000000000000, 1.000000000000000000 ) ) ;
#1391 =( GEOMETRIC_REPRESENTATION_CONTEXT ( 3 ) GLOBAL_UNCERTAINTY_ASSIGNED_CONTEXT ( ( #2058 ) ) GLOBAL_UNIT_ASSIGNED_CONTEXT ( ( #967, #2132, #1305 ) ) REPRESENTATION_CONTEXT ( 'NONE', 'WORKASPACE' ) );
#1392 = ORIENTED_EDGE ( 'NONE', *, *, #1943, .T. ) ;
#1393 = CARTESIAN_POINT ( 'NONE',  ( -12.50000000005172041, 169.9999999999999432, -0.5000000000511840570 ) ) ;
#1394 = FACE_OUTER_BOUND ( 'NONE', #1006, .T. ) ;
#1395 = DIRECTION ( 'NONE',  ( 1.021800699607666527E-12, -0.000000000000000000, 1.000000000000000000 ) ) ;
#1396 = CARTESIAN_POINT ( 'NONE',  ( -37.00000000006093615, 229.4999999999999716, -9.500000000026128433 ) ) ;
#1397 = ORIENTED_EDGE ( 'NONE', *, *, #1873, .T. ) ;
#1398 = ORIENTED_EDGE ( 'NONE', *, *, #1535, .F. ) ;
#1399 = ORIENTED_EDGE ( 'NONE', *, *, #365, .T. ) ;
#1400 = EDGE_CURVE ( 'NONE', #249, #1481, #528, .T. ) ;
#1401 = CARTESIAN_POINT ( 'NONE',  ( -84.70000000006321272, 217.0000000000000000, -11.69999999997739870 ) ) ;
#1402 = ORIENTED_EDGE ( 'NONE', *, *, #1331, .F. ) ;
#1403 = DIRECTION ( 'NONE',  ( -1.021800699607666527E-12, 0.000000000000000000, -1.000000000000000000 ) ) ;
#1404 = CARTESIAN_POINT ( 'NONE',  ( -13.50000000006092193, 162.0000000000000000, -2.500000000049548365 ) ) ;
#1405 = DIRECTION ( 'NONE',  ( -0.000000000000000000, -1.000000000000000000, -0.000000000000000000 ) ) ;
#1406 = AXIS2_PLACEMENT_3D ( 'NONE', #1887, #1697, #1537 ) ;
#1407 = PLANE ( 'NONE',  #1799 ) ;
#1408 = EDGE_LOOP ( 'NONE', ( #2149, #195, #1366, #102 ) ) ;
#1409 =( GEOMETRIC_REPRESENTATION_CONTEXT ( 3 ) GLOBAL_UNCERTAINTY_ASSIGNED_CONTEXT ( ( #1317 ) ) GLOBAL_UNIT_ASSIGNED_CONTEXT ( ( #1204, #225, #26 ) ) REPRESENTATION_CONTEXT ( 'NONE', 'WORKASPACE' ) );
#1410 = ORIENTED_EDGE ( 'NONE', *, *, #1154, .T. ) ;
#1411 = EDGE_LOOP ( 'NONE', ( #673, #900, #1160, #324 ) ) ;
#1412 = FACE_OUTER_BOUND ( 'NONE', #740, .T. ) ;
#1413 = CARTESIAN_POINT ( 'NONE',  ( -111.5000000000609504, 162.0000000000000000, -2.499999999949005680 ) ) ;
#1414 = CARTESIAN_POINT ( 'NONE',  ( -112.5000000000517559, -1.430799676093869988E-15, -0.4999999999490238878 ) ) ;
#1415 = CARTESIAN_POINT ( 'NONE',  ( -49.24895941882641637, 315.4744937980117356, -2.500000000013611334 ) ) ;
#1416 = FACE_OUTER_BOUND ( 'NONE', #983, .T. ) ;
#1417 = ORIENTED_EDGE ( 'NONE', *, *, #492, .T. ) ;
#1418 = ORIENTED_EDGE ( 'NONE', *, *, #1111, .T. ) ;
#1419 = VECTOR ( 'NONE', #914, 1000.000000000000000 ) ;
#1420 = AXIS2_PLACEMENT_3D ( 'NONE', #12, #1340, #505 ) ;
#1421 = ORIENTED_EDGE ( 'NONE', *, *, #1286, .F. ) ;
#1422 = DIRECTION ( 'NONE',  ( 1.021728419462834228E-12, 0.000000000000000000, 1.000000000000000000 ) ) ;
#1423 = CARTESIAN_POINT ( 'NONE',  ( -14.50000000006092193, 162.0000000000000000, -2.500000000049548365 ) ) ;
#1424 = DIRECTION ( 'NONE',  ( -0.1643989873043487926, 0.000000000000000000, 0.9863939238323118364 ) ) ;
#1425 = CARTESIAN_POINT ( 'NONE',  ( -80.70000000006238849, 212.0000000000000000, -10.89999999998148539 ) ) ;
#1426 = AXIS2_PLACEMENT_3D ( 'NONE', #1901, #1561, #894 ) ;
#1427 = ADVANCED_FACE ( 'NONE', ( #383 ), #1891, .F. ) ;
#1428 = CARTESIAN_POINT ( 'NONE',  ( -70.10000000006400001, 331.8000000000000114, -11.70000000004707630 ) ) ;
#1429 = ORIENTED_EDGE ( 'NONE', *, *, #871, .T. ) ;
#1430 = VECTOR ( 'NONE', #224, 1000.000000000000000 ) ;
#1431 = VECTOR ( 'NONE', #1474, 1000.000000000000000 ) ;
#1432 = EDGE_CURVE ( 'NONE', #1577, #519, #1213, .T. ) ;
#1433 = ORIENTED_EDGE ( 'NONE', *, *, #396, .F. ) ;
#1434 = FACE_OUTER_BOUND ( 'NONE', #495, .T. ) ;
#1435 = DIRECTION ( 'NONE',  ( -1.021800699607666527E-12, 0.000000000000000000, -1.000000000000000000 ) ) ;
#1436 = DIRECTION ( 'NONE',  ( -1.000000000000000000, 0.000000000000000000, -0.000000000000000000 ) ) ;
#1437 = DIRECTION ( 'NONE',  ( 0.2425356250373233713, 0.000000000000000000, 0.9701425001450842966 ) ) ;
#1438 = EDGE_CURVE ( 'NONE', #1375, #1174, #1026, .T. ) ;
#1439 = DIRECTION ( 'NONE',  ( -1.000000000000000000, 0.000000000000000000, 1.021728419462834228E-12 ) ) ;
#1440 = VERTEX_POINT ( 'NONE', #1062 ) ;
#1441 = CARTESIAN_POINT ( 'NONE',  ( -63.70000000006237428, 212.0000000000000000, -10.89999999999885638 ) ) ;
#1442 = CARTESIAN_POINT ( 'NONE',  ( -62.00000000005380230, 229.4999999999999716, -2.500000000000582201 ) ) ;
#1443 = CARTESIAN_POINT ( 'NONE',  ( -105.3000000000623828, 212.0000000000000000, -10.89999999995634639 ) ) ;
#1444 = DIRECTION ( 'NONE',  ( 0.7808688094423916759, 0.000000000000000000, -0.6246950475552225379 ) ) ;
#1445 = CARTESIAN_POINT ( 'NONE',  ( -80.70000000006238849, 217.0000000000000000, -10.89999999998148539 ) ) ;
#1446 = AXIS2_PLACEMENT_3D ( 'NONE', #1583, #273, #2094 ) ;
#1447 = ORIENTED_EDGE ( 'NONE', *, *, #73, .F. ) ;
#1448 = EDGE_LOOP ( 'NONE', ( #1908, #1257, #863, #842 ) ) ;
#1449 = EDGE_CURVE ( 'NONE', #1328, #1355, #245, .T. ) ;
#1450 = PRODUCT_DEFINITION_CONTEXT ( 'detailed design', #1312, 'design' ) ;
#1451 = CARTESIAN_POINT ( 'NONE',  ( -84.70000000006321272, 217.0000000000000000, -11.69999999997739870 ) ) ;
#1452 = ADVANCED_FACE ( 'NONE', ( #370 ), #1573, .F. ) ;
#1453 = VECTOR ( 'NONE', #2089, 1000.000000000000000 ) ;
#1454 = EDGE_CURVE ( 'NONE', #1575, #1577, #1890, .T. ) ;
#1455 = CARTESIAN_POINT ( 'NONE',  ( -40.10000000006400001, 331.8000000000000114, -10.30000000004809735 ) ) ;
#1456 = PRESENTATION_STYLE_ASSIGNMENT (( #1648 ) ) ;
#1457 = PLANE ( 'NONE',  #1522 ) ;
#1458 = DIRECTION ( 'NONE',  ( -1.021800699607666527E-12, 1.188166764367676588E-16, -1.000000000000000000 ) ) ;
#1459 = VERTEX_POINT ( 'NONE', #2066 ) ;
#1460 = ORIENTED_EDGE ( 'NONE', *, *, #1506, .T. ) ;
#1461 = MANIFOLD_SOLID_BREP ( 'Boss-Extrude1', #1118 ) ;
#1462 = CARTESIAN_POINT ( 'NONE',  ( -14.50000000006092193, 170.0000000000000000, -2.500000000049548365 ) ) ;
#1463 = CARTESIAN_POINT ( 'NONE',  ( -12.50000000005172041, 339.9999999999998863, -0.5000000000511638509 ) ) ;
#1464 = CARTESIAN_POINT ( 'NONE',  ( -60.70000000006237428, 217.0000000000000000, -10.90000000000192237 ) ) ;
#1465 = DIRECTION ( 'NONE',  ( 0.000000000000000000, -1.000000000000000000, 0.000000000000000000 ) ) ;
#1466 = CARTESIAN_POINT ( 'NONE',  ( -14.10000000005172360, 340.0000000000000000, -0.5000000000495280483 ) ) ;
#1467 = CARTESIAN_POINT ( 'NONE',  ( -16.50000000006153655, 170.0000000000000000, -10.10000000004707488 ) ) ;
#1468 = LINE ( 'NONE', #2000, #482 ) ;
#1469 = APPLICATION_CONTEXT ( 'automotive_design' ) ;
#1470 = VERTEX_POINT ( 'NONE', #2002 ) ;
#1471 = EDGE_LOOP ( 'NONE', ( #1392, #1066, #508, #1078 ) ) ;
#1472 = AXIS2_PLACEMENT_3D ( 'NONE', #1772, #422, #1602 ) ;
#1473 = VECTOR ( 'NONE', #1638, 1000.000000000000000 ) ;
#1474 = DIRECTION ( 'NONE',  ( 1.000000000000000000, 0.000000000000000000, -1.021800699607666527E-12 ) ) ;
#1475 = ADVANCED_FACE ( 'NONE', ( #385, #1882, #542, #2023 ), #1846, .T. ) ;
#1476 = CARTESIAN_POINT ( 'NONE',  ( -79.70000000006321272, 212.0000000000000000, -11.69999999998250750 ) ) ;
#1477 = DIRECTION ( 'NONE',  ( 1.000000000000000000, 0.000000000000000000, 0.000000000000000000 ) ) ;
#1478 = CARTESIAN_POINT ( 'NONE',  ( -75.24895941883663397, 315.4744937980117356, -12.49999999998704503 ) ) ;
#1479 = DIRECTION ( 'NONE',  ( 1.000000000000000000, 0.000000000000000000, 1.141265444721583264E-16 ) ) ;
#1480 = PLANE ( 'NONE',  #315 ) ;
#1481 = VERTEX_POINT ( 'NONE', #1690 ) ;
#1482 = ORIENTED_EDGE ( 'NONE', *, *, #517, .F. ) ;
#1483 = VECTOR ( 'NONE', #913, 1000.000000000000000 ) ;
#1484 = LINE ( 'NONE', #2142, #765 ) ;
#1485 = VECTOR ( 'NONE', #232, 1000.000000000000000 ) ;
#1486 = CARTESIAN_POINT ( 'NONE',  ( 0.000000000000000000, 0.000000000000000000, 0.000000000000000000 ) ) ;
#1487 = DIRECTION ( 'NONE',  ( -1.000000000000000000, 0.000000000000000000, 1.021687116522929912E-12 ) ) ;
#1488 = CARTESIAN_POINT ( 'NONE',  ( -12.50000000006398793, 170.0000000000000000, -12.50000000005116263 ) ) ;
#1489 = LINE ( 'NONE', #1967, #1540 ) ;
#1490 = ORIENTED_EDGE ( 'NONE', *, *, #7, .T. ) ;
#1491 = EDGE_CURVE ( 'NONE', #445, #387, #1836, .T. ) ;
#1492 = ADVANCED_FACE ( 'NONE', ( #862 ), #1703, .F. ) ;
#1493 = ORIENTED_EDGE ( 'NONE', *, *, #2119, .F. ) ;
#1494 = ORIENTED_EDGE ( 'NONE', *, *, #336, .T. ) ;
#1495 = ORIENTED_EDGE ( 'NONE', *, *, #1295, .F. ) ;
#1496 = EDGE_CURVE ( 'NONE', #1007, #852, #529, .T. ) ;
#1497 = AXIS2_PLACEMENT_3D ( 'NONE', #1486, #2143, #1319 ) ;
#1498 = DIRECTION ( 'NONE',  ( 1.021800699607666527E-12, 0.000000000000000000, 1.000000000000000000 ) ) ;
#1499 = EDGE_CURVE ( 'NONE', #2, #1365, #2013, .T. ) ;
#1500 = EDGE_CURVE ( 'NONE', #39, #1545, #207, .T. ) ;
#1501 = AXIS2_PLACEMENT_3D ( 'NONE', #847, #1888, #2030 ) ;
#1502 = FACE_OUTER_BOUND ( 'NONE', #1861, .T. ) ;
#1503 = CARTESIAN_POINT ( 'NONE',  ( -40.10000000006400001, 331.8000000000000114, -10.30000000004809735 ) ) ;
#1504 = LINE ( 'NONE', #1147, #1807 ) ;
#1505 = VERTEX_POINT ( 'NONE', #684 ) ;
#1506 = EDGE_CURVE ( 'NONE', #535, #521, #189, .T. ) ;
#1507 = ORIENTED_EDGE ( 'NONE', *, *, #598, .T. ) ;
#1508 = ORIENTED_EDGE ( 'NONE', *, *, #562, .T. ) ;
#1509 = ORIENTED_EDGE ( 'NONE', *, *, #363, .T. ) ;
#1510 = CARTESIAN_POINT ( 'NONE',  ( -111.5000000000609504, 162.0000000000000000, -2.499999999949005680 ) ) ;
#1511 = ORIENTED_EDGE ( 'NONE', *, *, #1812, .F. ) ;
#1512 = CARTESIAN_POINT ( 'NONE',  ( -54.90000000006400427, 340.0000000000000000, -10.50000000004707879 ) ) ;
#1513 = VECTOR ( 'NONE', #2054, 1000.000000000000000 ) ;
#1514 = DIRECTION ( 'NONE',  ( -1.000000000000000000, 0.000000000000000000, -0.000000000000000000 ) ) ;
#1515 = LINE ( 'NONE', #23, #728 ) ;
#1516 = CARTESIAN_POINT ( 'NONE',  ( -40.10000000006400001, 331.8000000000000114, -10.30000000004809735 ) ) ;
#1517 = ORIENTED_EDGE ( 'NONE', *, *, #1086, .F. ) ;
#1518 = ORIENTED_EDGE ( 'NONE', *, *, #1835, .F. ) ;
#1519 = ORIENTED_EDGE ( 'NONE', *, *, #1693, .F. ) ;
#1520 = ADVANCED_FACE ( 'NONE', ( #714 ), #1028, .F. ) ;
#1521 = LINE ( 'NONE', #522, #283 ) ;
#1522 = AXIS2_PLACEMENT_3D ( 'NONE', #777, #98, #1444 ) ;
#1523 = ORIENTED_EDGE ( 'NONE', *, *, #1567, .T. ) ;
#1524 = CARTESIAN_POINT ( 'NONE',  ( -111.5000000000609504, 162.0000000000000000, -2.499999999949005680 ) ) ;
#1525 = EDGE_CURVE ( 'NONE', #304, #1990, #1374, .T. ) ;
#1526 = DIRECTION ( 'NONE',  ( 0.9863939238319761049, 0.000000000000000000, -0.1643989873063639029 ) ) ;
#1527 = CARTESIAN_POINT ( 'NONE',  ( -110.9000000000486921, 170.0000000000000568, 2.500000000049360960 ) ) ;
#1528 = CARTESIAN_POINT ( 'NONE',  ( -12.50000000005989342, 370.0000000000000000, -8.500000000051160853 ) ) ;
#1529 = AXIS2_PLACEMENT_3D ( 'NONE', #67, #927, #1776 ) ;
#1530 = DIRECTION ( 'NONE',  ( -1.021800699607666527E-12, 0.000000000000000000, -1.000000000000000000 ) ) ;
#1531 = ORIENTED_EDGE ( 'NONE', *, *, #158, .T. ) ;
#1532 = ORIENTED_EDGE ( 'NONE', *, *, #1568, .T. ) ;
#1533 = ORIENTED_EDGE ( 'NONE', *, *, #652, .F. ) ;
#1534 = VECTOR ( 'NONE', #538, 1000.000000000000000 ) ;
#1535 = EDGE_CURVE ( 'NONE', #730, #1609, #32, .T. ) ;
#1536 = ORIENTED_EDGE ( 'NONE', *, *, #137, .F. ) ;
#1537 = DIRECTION ( 'NONE',  ( -1.021800699607666527E-12, 0.000000000000000000, -1.000000000000000000 ) ) ;
#1538 = CARTESIAN_POINT ( 'NONE',  ( -16.50000000006399148, 212.0000000000000000, -12.50000000004707523 ) ) ;
#1539 = DIRECTION ( 'NONE',  ( -1.021800699607666527E-12, 0.000000000000000000, -1.000000000000000000 ) ) ;
#1540 = VECTOR ( 'NONE', #504, 1000.000000000000000 ) ;
#1541 = CARTESIAN_POINT ( 'NONE',  ( -64.70000000006321272, 217.0000000000000000, -11.69999999999783569 ) ) ;
#1542 = DIRECTION ( 'NONE',  ( -1.000000000000000000, 0.000000000000000000, 1.021752127350338571E-12 ) ) ;
#1543 = ORIENTED_EDGE ( 'NONE', *, *, #1454, .F. ) ;
#1544 = ORIENTED_EDGE ( 'NONE', *, *, #296, .F. ) ;
#1545 = VERTEX_POINT ( 'NONE', #1041 ) ;
#1546 = ADVANCED_FACE ( 'NONE', ( #2033 ), #1003, .F. ) ;
#1547 = FACE_OUTER_BOUND ( 'NONE', #2057, .T. ) ;
#1548 = FACE_BOUND ( 'NONE', #193, .T. ) ;
#1549 = LINE ( 'NONE', #1503, #930 ) ;
#1550 = CARTESIAN_POINT ( 'NONE',  ( -111.5000000000609504, 162.0000000000000000, -2.499999999949005680 ) ) ;
#1551 = DIRECTION ( 'NONE',  ( -1.021800699607666527E-12, 0.000000000000000000, -1.000000000000000000 ) ) ;
#1552 = ADVANCED_FACE ( 'NONE', ( #38 ), #1104, .F. ) ;
#1553 = VERTEX_POINT ( 'NONE', #1094 ) ;
#1554 = EDGE_LOOP ( 'NONE', ( #1150, #485, #1386, #626 ) ) ;
#1555 = ADVANCED_FACE ( 'NONE', ( #1077 ), #1597, .T. ) ;
#1556 = VECTOR ( 'NONE', #1793, 1000.000000000000000 ) ;
#1557 = ORIENTED_EDGE ( 'NONE', *, *, #1336, .F. ) ;
#1558 = LINE ( 'NONE', #1710, #1289 ) ;
#1559 = EDGE_LOOP ( 'NONE', ( #144, #1869, #1981, #2127 ) ) ;
#1560 = CARTESIAN_POINT ( 'NONE',  ( -12.50000000006398793, 340.0000000000000000, -12.50000000005116263 ) ) ;
#1561 = DIRECTION ( 'NONE',  ( 0.000000000000000000, -1.000000000000000000, 0.000000000000000000 ) ) ;
#1562 = CARTESIAN_POINT ( 'NONE',  ( -110.5000000000609504, 162.0000000000000000, -2.499999999949005680 ) ) ;
#1563 = CARTESIAN_POINT ( 'NONE',  ( -112.5000000000538023, 170.0000000000000000, -2.499999999948980367 ) ) ;
#1564 = ORIENTED_EDGE ( 'NONE', *, *, #1496, .T. ) ;
#1565 = VECTOR ( 'NONE', #2031, 1000.000000000000000 ) ;
#1566 = ORIENTED_EDGE ( 'NONE', *, *, #1771, .T. ) ;
#1567 = EDGE_CURVE ( 'NONE', #1355, #1314, #1768, .T. ) ;
#1568 = EDGE_CURVE ( 'NONE', #1787, #1181, #1237, .T. ) ;
#1569 = ORIENTED_EDGE ( 'NONE', *, *, #1222, .F. ) ;
#1570 = DIRECTION ( 'NONE',  ( -1.020716497435181023E-12, 0.000000000000000000, -1.000000000000000000 ) ) ;
#1571 = LINE ( 'NONE', #767, #1419 ) ;
#1572 = CARTESIAN_POINT ( 'NONE',  ( -70.10000000006400001, 331.8000000000000114, -10.50000000004707701 ) ) ;
#1573 = CYLINDRICAL_SURFACE ( 'NONE', #400, 8.000000000000007105 ) ;
#1574 = DIRECTION ( 'NONE',  ( -1.000000000000000000, 0.000000000000000000, 0.000000000000000000 ) ) ;
#1575 = VERTEX_POINT ( 'NONE', #1933 ) ;
#1576 = ADVANCED_FACE ( 'NONE', ( #749 ), #1407, .F. ) ;
#1577 = VERTEX_POINT ( 'NONE', #1903 ) ;
#1578 = ORIENTED_EDGE ( 'NONE', *, *, #1168, .F. ) ;
#1579 = LINE ( 'NONE', #1441, #1301 ) ;
#1580 = ORIENTED_EDGE ( 'NONE', *, *, #652, .T. ) ;
#1581 = LINE ( 'NONE', #1423, #1203 ) ;
#1582 = CARTESIAN_POINT ( 'NONE',  ( -44.70000000006320562, 212.0000000000000000, -11.70000000001827445 ) ) ;
#1583 = CARTESIAN_POINT ( 'NONE',  ( -49.50000000005379519, 229.4999999999999716, -2.500000000013354207 ) ) ;
#1584 = AXIS2_PLACEMENT_3D ( 'NONE', #1842, #1348, #1390 ) ;
#1585 = VECTOR ( 'NONE', #1304, 1000.000000000000000 ) ;
#1586 = FACE_OUTER_BOUND ( 'NONE', #1859, .T. ) ;
#1587 = ORIENTED_EDGE ( 'NONE', *, *, #1723, .T. ) ;
#1588 = EDGE_LOOP ( 'NONE', ( #616, #239, #771, #1557 ) ) ;
#1589 = UNCERTAINTY_MEASURE_WITH_UNIT (LENGTH_MEASURE( 1.000000000000000082E-05 ), #129, 'distance_accuracy_value', 'NONE');
#1590 = ORIENTED_EDGE ( 'NONE', *, *, #718, .F. ) ;
#1591 = LINE ( 'NONE', #892, #161 ) ;
#1592 = CARTESIAN_POINT ( 'NONE',  ( -110.9000000000517616, 365.0000000000000000, -0.4999999999506163362 ) ) ;
#1593 = CARTESIAN_POINT ( 'NONE',  ( -54.90000000006400427, 331.8000000000000114, -10.50000000004707879 ) ) ;
#1594 = DIRECTION ( 'NONE',  ( -1.000000000000000000, 0.000000000000000000, 1.021800699607666527E-12 ) ) ;
#1595 = AXIS2_PLACEMENT_3D ( 'NONE', #258, #94, #734 ) ;
#1596 = ADVANCED_FACE ( 'NONE', ( #1416 ), #78, .F. ) ;
#1597 = PLANE ( 'NONE',  #1529 ) ;
#1598 = EDGE_LOOP ( 'NONE', ( #1287, #484, #228, #1858 ) ) ;
#1599 = VECTOR ( 'NONE', #1940, 1000.000000000000000 ) ;
#1600 = VECTOR ( 'NONE', #1285, 1000.000000000000000 ) ;
#1601 = VERTEX_POINT ( 'NONE', #1085 ) ;
#1602 = DIRECTION ( 'NONE',  ( -1.000000000000000000, 0.000000000000000000, -0.000000000000000000 ) ) ;
#1603 = ADVANCED_FACE ( 'NONE', ( #1586 ), #2095, .F. ) ;
#1604 = DIRECTION ( 'NONE',  ( -5.966990492368453989E-18, 1.000000000000000000, 1.193398098498139908E-16 ) ) ;
#1605 = LINE ( 'NONE', #1074, #823 ) ;
#1606 = DIRECTION ( 'NONE',  ( 1.021800699607666527E-12, 0.000000000000000000, 1.000000000000000000 ) ) ;
#1607 = AXIS2_PLACEMENT_3D ( 'NONE', #2064, #1745, #252 ) ;
#1608 = CARTESIAN_POINT ( 'NONE',  ( -13.50000000006092193, 162.0000000000000000, -7.500000000049548809 ) ) ;
#1609 = VERTEX_POINT ( 'NONE', #1396 ) ;
#1610 = VECTOR ( 'NONE', #2138, 1000.000000000000114 ) ;
#1611 = AXIS2_PLACEMENT_3D ( 'NONE', #500, #832, #1695 ) ;
#1612 = LINE ( 'NONE', #429, #1186 ) ;
#1613 = CARTESIAN_POINT ( 'NONE',  ( -84.70000000006321272, 217.0000000000000000, -11.69999999997739870 ) ) ;
#1614 = CARTESIAN_POINT ( 'NONE',  ( -100.5000000000615614, 170.0000000000000000, -10.09999999996125197 ) ) ;
#1615 = DIRECTION ( 'NONE',  ( 0.000000000000000000, 0.000000000000000000, 1.000000000000000000 ) ) ;
#1616 = ORIENTED_EDGE ( 'NONE', *, *, #833, .T. ) ;
#1617 = ORIENTED_EDGE ( 'NONE', *, *, #1400, .F. ) ;
#1618 = EDGE_CURVE ( 'NONE', #91, #125, #917, .T. ) ;
#1619 = DIRECTION ( 'NONE',  ( -0.000000000000000000, 0.000000000000000000, -1.000000000000000000 ) ) ;
#1620 = CARTESIAN_POINT ( 'NONE',  ( -111.5000000000609504, 162.0000000000000000, -7.499999999949006124 ) ) ;
#1621 = SURFACE_SIDE_STYLE ('',( #776 ) ) ;
#1622 = CARTESIAN_POINT ( 'NONE',  ( -84.90000000006401137, 331.8000000000000114, -10.30000000004809557 ) ) ;
#1623 = PLANE ( 'NONE',  #788 ) ;
#1624 = VECTOR ( 'NONE', #926, 1000.000000000000000 ) ;
#1625 = ORIENTED_EDGE ( 'NONE', *, *, #1123, .T. ) ;
#1626 = ORIENTED_EDGE ( 'NONE', *, *, #1875, .T. ) ;
#1627 = CARTESIAN_POINT ( 'NONE',  ( -49.50000000006400569, 229.4999999999999716, -12.50000000001335643 ) ) ;
#1628 = VECTOR ( 'NONE', #1135, 1000.000000000000000 ) ;
#1629 = CARTESIAN_POINT ( 'NONE',  ( -14.50000000006092193, 162.0000000000000000, -7.500000000049548809 ) ) ;
#1630 = CARTESIAN_POINT ( 'NONE',  ( -40.70000000006238139, 217.0000000000000000, -10.90000000002235758 ) ) ;
#1631 = FACE_OUTER_BOUND ( 'NONE', #953, .T. ) ;
#1632 = LINE ( 'NONE', #142, #991 ) ;
#1633 = DIRECTION ( 'NONE',  ( -0.000000000000000000, 1.000000000000000000, -0.000000000000000000 ) ) ;
#1634 = VECTOR ( 'NONE', #603, 1000.000000000000000 ) ;
#1635 = VERTEX_POINT ( 'NONE', #89 ) ;
#1636 = ORIENTED_EDGE ( 'NONE', *, *, #363, .F. ) ;
#1637 = DIRECTION ( 'NONE',  ( -0.000000000000000000, -1.000000000000000000, -0.000000000000000000 ) ) ;
#1638 = DIRECTION ( 'NONE',  ( 1.000000000000000000, 0.000000000000000000, -1.141265444721583757E-16 ) ) ;
#1639 = DIRECTION ( 'NONE',  ( -1.021800699607666527E-12, 0.000000000000000000, -1.000000000000000000 ) ) ;
#1640 = DIRECTION ( 'NONE',  ( 1.000000000000000000, 0.000000000000000000, -1.021800699607666527E-12 ) ) ;
#1641 = DIRECTION ( 'NONE',  ( -5.782411586589375388E-15, -0.000000000000000000, -1.000000000000000000 ) ) ;
#1642 = LINE ( 'NONE', #1488, #443 ) ;
#1643 = DIRECTION ( 'NONE',  ( 0.000000000000000000, -0.000000000000000000, 1.000000000000000000 ) ) ;
#1644 = VERTEX_POINT ( 'NONE', #1266 ) ;
#1645 = EDGE_LOOP ( 'NONE', ( #1276, #1872, #1779, #1249 ) ) ;
#1646 = VECTOR ( 'NONE', #1975, 1000.000000000000000 ) ;
#1647 = LINE ( 'NONE', #800, #812 ) ;
#1648 = SURFACE_STYLE_USAGE ( .BOTH. , #1621 ) ;
#1649 = ADVANCED_FACE ( 'NONE', ( #1747 ), #2055, .F. ) ;
#1650 = CARTESIAN_POINT ( 'NONE',  ( -75.24895941882640216, 315.4744937980117356, -2.499999999987043697 ) ) ;
#1651 = LINE ( 'NONE', #1467, #720 ) ;
#1652 = LINE ( 'NONE', #2012, #593 ) ;
#1653 = EDGE_CURVE ( 'NONE', #177, #1358, #435, .T. ) ;
#1654 = ORIENTED_EDGE ( 'NONE', *, *, #675, .T. ) ;
#1655 = ORIENTED_EDGE ( 'NONE', *, *, #1164, .T. ) ;
#1656 = EDGE_CURVE ( 'NONE', #1839, #982, #587, .T. ) ;
#1657 = VECTOR ( 'NONE', #945, 1000.000000000000000 ) ;
#1658 = VERTEX_POINT ( 'NONE', #254 ) ;
#1659 = ADVANCED_BREP_SHAPE_REPRESENTATION ( 'TOP Cover 2', ( #1461, #1497 ), #1076 ) ;
#1660 = DIRECTION ( 'NONE',  ( -5.782411586589375388E-15, -0.000000000000000000, -1.000000000000000000 ) ) ;
#1661 = VECTOR ( 'NONE', #426, 1000.000000000000000 ) ;
#1662 = ADVANCED_FACE ( 'NONE', ( #577 ), #906, .F. ) ;
#1663 = DIRECTION ( 'NONE',  ( -1.000000000000000000, 0.000000000000000000, 1.021648911303518557E-12 ) ) ;
#1664 = CARTESIAN_POINT ( 'NONE',  ( -13.50000000006092193, 162.0000000000000000, -2.500000000049548365 ) ) ;
#1665 = CARTESIAN_POINT ( 'NONE',  ( -40.10000000006400001, 340.0000000000000000, -10.30000000004809735 ) ) ;
#1666 = ORIENTED_EDGE ( 'NONE', *, *, #901, .F. ) ;
#1667 = ORIENTED_EDGE ( 'NONE', *, *, #1491, .T. ) ;
#1668 = ORIENTED_EDGE ( 'NONE', *, *, #1707, .T. ) ;
#1669 = ORIENTED_EDGE ( 'NONE', *, *, #2105, .T. ) ;
#1670 = VECTOR ( 'NONE', #1373, 1000.000000000000000 ) ;
#1671 = PLANE ( 'NONE',  #867 ) ;
#1672 = ORIENTED_EDGE ( 'NONE', *, *, #965, .F. ) ;
#1673 = PLANE ( 'NONE',  #2027 ) ;
#1674 = PLANE ( 'NONE',  #1909 ) ;
#1675 = LINE ( 'NONE', #494, #109 ) ;
#1676 = EDGE_CURVE ( 'NONE', #1080, #1440, #274, .T. ) ;
#1677 = DIRECTION ( 'NONE',  ( -1.021800699607666527E-12, 1.235693434942383514E-16, -1.000000000000000000 ) ) ;
#1678 = VERTEX_POINT ( 'NONE', #1923 ) ;
#1679 = ORIENTED_EDGE ( 'NONE', *, *, #1123, .F. ) ;
#1680 = ORIENTED_EDGE ( 'NONE', *, *, #1727, .T. ) ;
#1681 = DIRECTION ( 'NONE',  ( 1.000000000000000000, 0.000000000000000000, -1.021800699607666527E-12 ) ) ;
#1682 = EDGE_CURVE ( 'NONE', #1042, #247, #111, .T. ) ;
#1683 = VECTOR ( 'NONE', #1369, 1000.000000000000000 ) ;
#1684 = VERTEX_POINT ( 'NONE', #970 ) ;
#1685 = CARTESIAN_POINT ( 'NONE',  ( -19.70000000006319496, 170.0000000000000000, -11.70000000004380780 ) ) ;
#1686 = AXIS2_PLACEMENT_3D ( 'NONE', #36, #1405, #861 ) ;
#1687 = LINE ( 'NONE', #197, #1144 ) ;
#1688 = LINE ( 'NONE', #2044, #242 ) ;
#1689 = DIRECTION ( 'NONE',  ( 1.000000000000000000, 0.000000000000000000, 0.000000000000000000 ) ) ;
#1690 = CARTESIAN_POINT ( 'NONE',  ( -110.5000000000609504, 162.0000000000000000, -2.499999999949005680 ) ) ;
#1691 = ORIENTED_EDGE ( 'NONE', *, *, #813, .F. ) ;
#1692 = ORIENTED_EDGE ( 'NONE', *, *, #1307, .F. ) ;
#1693 = EDGE_CURVE ( 'NONE', #247, #1459, #1632, .T. ) ;
#1694 = EDGE_LOOP ( 'NONE', ( #179, #1636, #1402, #568 ) ) ;
#1695 = DIRECTION ( 'NONE',  ( -1.000000000000000000, 0.000000000000000000, 1.021800699607666527E-12 ) ) ;
#1696 = EDGE_LOOP ( 'NONE', ( #1705, #295, #907, #1220 ) ) ;
#1697 = DIRECTION ( 'NONE',  ( 1.000000000000000000, 0.000000000000000000, -1.021800699607666527E-12 ) ) ;
#1698 = VECTOR ( 'NONE', #1604, 1000.000000000000000 ) ;
#1699 = DIRECTION ( 'NONE',  ( 0.000000000000000000, -1.000000000000000000, 0.000000000000000000 ) ) ;
#1700 = CARTESIAN_POINT ( 'NONE',  ( -40.70000000006238139, 212.0000000000000000, -10.90000000002235758 ) ) ;
#1701 = CARTESIAN_POINT ( 'NONE',  ( -83.70000000006238849, 217.0000000000000000, -10.89999999997841940 ) ) ;
#1702 = VECTOR ( 'NONE', #1439, 1000.000000000000000 ) ;
#1703 = PLANE ( 'NONE',  #1229 ) ;
#1704 = ORIENTED_EDGE ( 'NONE', *, *, #1363, .F. ) ;
#1705 = ORIENTED_EDGE ( 'NONE', *, *, #562, .F. ) ;
#1706 = ORIENTED_EDGE ( 'NONE', *, *, #1946, .F. ) ;
#1707 = EDGE_CURVE ( 'NONE', #1358, #241, #1642, .T. ) ;
#1708 = CIRCLE ( 'NONE', #37, 8.000000000000014211 ) ;
#1709 = VERTEX_POINT ( 'NONE', #615 ) ;
#1710 = CARTESIAN_POINT ( 'NONE',  ( -13.50000000006092193, 162.0000000000000000, -2.500000000049548365 ) ) ;
#1711 = ADVANCED_FACE ( 'NONE', ( #1822 ), #1945, .F. ) ;
#1712 = CARTESIAN_POINT ( 'NONE',  ( -14.50000000006092193, 170.0000000000000000, -7.500000000049548809 ) ) ;
#1713 = LINE ( 'NONE', #872, #761 ) ;
#1714 = AXIS2_PLACEMENT_3D ( 'NONE', #480, #807, #24 ) ;
#1715 = AXIS2_PLACEMENT_3D ( 'NONE', #487, #1152, #326 ) ;
#1716 = CARTESIAN_POINT ( 'NONE',  ( -70.10000000006400001, 331.8000000000000114, -10.50000000004707701 ) ) ;
#1717 = DIRECTION ( 'NONE',  ( 1.021800699607666527E-12, 0.000000000000000000, 1.000000000000000000 ) ) ;
#1718 = ORIENTED_EDGE ( 'NONE', *, *, #1875, .F. ) ;
#1719 = ORIENTED_EDGE ( 'NONE', *, *, #808, .T. ) ;
#1720 = ORIENTED_EDGE ( 'NONE', *, *, #1206, .F. ) ;
#1721 = LINE ( 'NONE', #402, #1757 ) ;
#1722 = LINE ( 'NONE', #2020, #1770 ) ;
#1723 = EDGE_CURVE ( 'NONE', #739, #1545, #816, .T. ) ;
#1724 = CARTESIAN_POINT ( 'NONE',  ( -111.5000000000609504, 170.0000000000000000, -2.499999999949005680 ) ) ;
#1725 = CARTESIAN_POINT ( 'NONE',  ( -14.50000000006092193, 162.0000000000000000, -7.500000000049548809 ) ) ;
#1726 = EDGE_CURVE ( 'NONE', #1355, #241, #1973, .T. ) ;
#1727 = EDGE_CURVE ( 'NONE', #2139, #1839, #152, .T. ) ;
#1728 = ORIENTED_EDGE ( 'NONE', *, *, #2083, .F. ) ;
#1729 = ORIENTED_EDGE ( 'NONE', *, *, #1280, .F. ) ;
#1730 = EDGE_CURVE ( 'NONE', #876, #685, #1976, .T. ) ;
#1731 = AXIS2_PLACEMENT_3D ( 'NONE', #2104, #769, #1093 ) ;
#1732 = EDGE_LOOP ( 'NONE', ( #1837, #1818, #588, #1377 ) ) ;
#1733 = PLANE ( 'NONE',  #1268 ) ;
#1734 = DIRECTION ( 'NONE',  ( -5.782411586589375388E-15, 0.000000000000000000, -1.000000000000000000 ) ) ;
#1735 = ADVANCED_FACE ( 'NONE', ( #1966 ), #789, .T. ) ;
#1736 = CARTESIAN_POINT ( 'NONE',  ( -59.70000000006320562, 212.0000000000000000, -11.70000000000294449 ) ) ;
#1737 = CARTESIAN_POINT ( 'NONE',  ( -112.5000000000599272, 170.0000000000000000, -8.499999999948983032 ) ) ;
#1738 = DIRECTION ( 'NONE',  ( 0.000000000000000000, -1.000000000000000000, 0.000000000000000000 ) ) ;
#1739 = ORIENTED_EDGE ( 'NONE', *, *, #560, .F. ) ;
#1740 = AXIS2_PLACEMENT_3D ( 'NONE', #284, #1574, #1759 ) ;
#1741 = ORIENTED_EDGE ( 'NONE', *, *, #1500, .T. ) ;
#1742 = EDGE_LOOP ( 'NONE', ( #1848, #454, #962, #1327 ) ) ;
#1743 = LINE ( 'NONE', #268, #541 ) ;
#1744 = CARTESIAN_POINT ( 'NONE',  ( -49.24895941883355732, 315.4744937980117356, -9.500000000013612222 ) ) ;
#1745 = DIRECTION ( 'NONE',  ( -1.021800699607666527E-12, 1.235693434942383514E-16, -1.000000000000000000 ) ) ;
#1746 = CYLINDRICAL_SURFACE ( 'NONE', #1346, 8.000000000000014211 ) ;
#1747 = FACE_OUTER_BOUND ( 'NONE', #2050, .T. ) ;
#1748 = VERTEX_POINT ( 'NONE', #1156 ) ;
#1749 = ADVANCED_FACE ( 'NONE', ( #321 ), #644, .F. ) ;
#1750 = ORIENTED_EDGE ( 'NONE', *, *, #1835, .T. ) ;
#1751 = VERTEX_POINT ( 'NONE', #979 ) ;
#1752 = EDGE_CURVE ( 'NONE', #275, #348, #1651, .T. ) ;
#1753 = LINE ( 'NONE', #1252, #1483 ) ;
#1754 = CARTESIAN_POINT ( 'NONE',  ( -70.10000000006400001, 340.0000000000000000, -11.70000000004707630 ) ) ;
#1755 = LINE ( 'NONE', #1736, #384 ) ;
#1756 = LINE ( 'NONE', #290, #501 ) ;
#1757 = VECTOR ( 'NONE', #1023, 1000.000000000000000 ) ;
#1758 = AXIS2_PLACEMENT_3D ( 'NONE', #1650, #643, #1794 ) ;
#1759 = DIRECTION ( 'NONE',  ( 0.000000000000000000, 0.000000000000000000, 1.000000000000000000 ) ) ;
#1760 = EDGE_LOOP ( 'NONE', ( #578, #2015, #1079, #1947 ) ) ;
#1761 = EDGE_CURVE ( 'NONE', #1365, #1007, #656, .T. ) ;
#1762 = ORIENTED_EDGE ( 'NONE', *, *, #731, .T. ) ;
#1763 = PLANE ( 'NONE',  #371 ) ;
#1764 = FACE_OUTER_BOUND ( 'NONE', #1207, .T. ) ;
#1765 = CARTESIAN_POINT ( 'NONE',  ( -80.70000000006238849, 217.0000000000000000, -10.89999999998148539 ) ) ;
#1766 = CARTESIAN_POINT ( 'NONE',  ( -44.70000000006320562, 217.0000000000000000, -11.70000000001827445 ) ) ;
#1767 = CIRCLE ( 'NONE', #986, 4.000000000000000000 ) ;
#1768 = LINE ( 'NONE', #1563, #1661 ) ;
#1769 = EDGE_LOOP ( 'NONE', ( #2070, #2024, #908, #294 ) ) ;
#1770 = VECTOR ( 'NONE', #2052, 1000.000000000000000 ) ;
#1771 = EDGE_CURVE ( 'NONE', #1553, #881, #1323, .T. ) ;
#1772 = CARTESIAN_POINT ( 'NONE',  ( -14.50000000006092193, 162.0000000000000000, -2.500000000049548365 ) ) ;
#1773 = DIRECTION ( 'NONE',  ( -1.000000000000000000, 0.000000000000000000, 1.021752127350337561E-12 ) ) ;
#1774 = CARTESIAN_POINT ( 'NONE',  ( -84.70000000006321272, 217.0000000000000000, -11.69999999997739870 ) ) ;
#1775 = VECTOR ( 'NONE', #1092, 1000.000000000000000 ) ;
#1776 = DIRECTION ( 'NONE',  ( -1.000000000000000000, 0.000000000000000000, 1.021800699607666527E-12 ) ) ;
#1777 = EDGE_CURVE ( 'NONE', #1553, #155, #1795, .T. ) ;
#1778 = ORIENTED_EDGE ( 'NONE', *, *, #73, .T. ) ;
#1779 = ORIENTED_EDGE ( 'NONE', *, *, #115, .T. ) ;
#1780 = VECTOR ( 'NONE', #1526, 999.9999999999998863 ) ;
#1781 = LINE ( 'NONE', #650, #1657 ) ;
#1782 = PLANE ( 'NONE',  #204 ) ;
#1783 = LINE ( 'NONE', #1263, #237 ) ;
#1784 = CARTESIAN_POINT ( 'NONE',  ( -111.5000000000609504, 170.0000000000000000, -2.499999999949005680 ) ) ;
#1785 = EDGE_CURVE ( 'NONE', #1030, #1042, #778, .T. ) ;
#1786 = VECTOR ( 'NONE', #1020, 1000.000000000000000 ) ;
#1787 = VERTEX_POINT ( 'NONE', #2106 ) ;
#1788 = EDGE_LOOP ( 'NONE', ( #42, #698, #1904, #1532 ) ) ;
#1789 = VECTOR ( 'NONE', #1225, 1000.000000000000000 ) ;
#1790 = CARTESIAN_POINT ( 'NONE',  ( -112.5000000000517559, 365.0000000000000000, -0.4999999999489822544 ) ) ;
#1791 = PLANE ( 'NONE',  #1958 ) ;
#1792 = PLANE ( 'NONE',  #308 ) ;
#1793 = DIRECTION ( 'NONE',  ( 1.021800699607666527E-12, -0.000000000000000000, 1.000000000000000000 ) ) ;
#1794 = DIRECTION ( 'NONE',  ( -1.000000000000000000, 0.000000000000000000, 1.021806337458962846E-12 ) ) ;
#1795 = LINE ( 'NONE', #959, #1271 ) ;
#1796 = ORIENTED_EDGE ( 'NONE', *, *, #1656, .F. ) ;
#1797 = EDGE_LOOP ( 'NONE', ( #1507, #2034, #314, #779 ) ) ;
#1798 = CARTESIAN_POINT ( 'NONE',  ( -112.5000000000517559, 340.0000000000000000, -0.4999999999489834202 ) ) ;
#1799 = AXIS2_PLACEMENT_3D ( 'NONE', #729, #264, #896 ) ;
#1800 = CARTESIAN_POINT ( 'NONE',  ( -40.10000000006400001, 340.0000000000000000, -11.50000000004809841 ) ) ;
#1801 = DIRECTION ( 'NONE',  ( 0.000000000000000000, -0.000000000000000000, 1.000000000000000000 ) ) ;
#1802 = DIRECTION ( 'NONE',  ( -0.9701425001450841856, -0.000000000000000000, 0.2425356250373233435 ) ) ;
#1803 = DIRECTION ( 'NONE',  ( -0.000000000000000000, -1.000000000000000000, -0.000000000000000000 ) ) ;
#1804 = CARTESIAN_POINT ( 'NONE',  ( -70.10000000006400001, 331.8000000000000114, -11.70000000004707630 ) ) ;
#1805 = ORIENTED_EDGE ( 'NONE', *, *, #716, .T. ) ;
#1806 = ORIENTED_EDGE ( 'NONE', *, *, #1226, .T. ) ;
#1807 = VECTOR ( 'NONE', #797, 1000.000000000000000 ) ;
#1808 = CIRCLE ( 'NONE', #390, 12.50000000000001066 ) ;
#1809 = DIRECTION ( 'NONE',  ( -0.000000000000000000, 1.000000000000000000, -0.000000000000000000 ) ) ;
#1810 = FACE_BOUND ( 'NONE', #29, .T. ) ;
#1811 = CARTESIAN_POINT ( 'NONE',  ( -111.5000000000609504, 162.0000000000000000, -7.499999999949006124 ) ) ;
#1812 = EDGE_CURVE ( 'NONE', #2028, #543, #1275, .T. ) ;
#1813 = DIRECTION ( 'NONE',  ( -1.000000000000000000, 0.000000000000000000, 1.021670595346968267E-12 ) ) ;
#1814 = LINE ( 'NONE', #10, #865 ) ;
#1815 = EDGE_LOOP ( 'NONE', ( #1672, #1343 ) ) ;
#1816 = ORIENTED_EDGE ( 'NONE', *, *, #1535, .T. ) ;
#1817 = ADVANCED_FACE ( 'NONE', ( #951 ), #1623, .F. ) ;
#1818 = ORIENTED_EDGE ( 'NONE', *, *, #874, .F. ) ;
#1819 = EDGE_CURVE ( 'NONE', #972, #687, #2115, .T. ) ;
#1820 = DIRECTION ( 'NONE',  ( 0.000000000000000000, -1.000000000000000000, 0.000000000000000000 ) ) ;
#1821 = CARTESIAN_POINT ( 'NONE',  ( -110.9000000000486921, 340.0000000000000000, 2.500000000049381388 ) ) ;
#1822 = FACE_OUTER_BOUND ( 'NONE', #1769, .T. ) ;
#1823 = CARTESIAN_POINT ( 'NONE',  ( 0.000000000000000000, 331.8000000000000114, 0.000000000000000000 ) ) ;
#1824 = VERTEX_POINT ( 'NONE', #1177 ) ;
#1825 = VECTOR ( 'NONE', #300, 1000.000000000000000 ) ;
#1826 = ORIENTED_EDGE ( 'NONE', *, *, #1726, .F. ) ;
#1827 = VERTEX_POINT ( 'NONE', #1527 ) ;
#1828 = ORIENTED_EDGE ( 'NONE', *, *, #1525, .T. ) ;
#1829 = PLANE ( 'NONE',  #1611 ) ;
#1830 = VECTOR ( 'NONE', #759, 1000.000000000000000 ) ;
#1831 = EDGE_CURVE ( 'NONE', #1070, #1925, #330, .T. ) ;
#1832 = DIRECTION ( 'NONE',  ( 1.021800699607666527E-12, 0.000000000000000000, 1.000000000000000000 ) ) ;
#1833 = CARTESIAN_POINT ( 'NONE',  ( -100.1000000000640142, 331.8000000000000114, -10.30000000004809735 ) ) ;
#1834 = CARTESIAN_POINT ( 'NONE',  ( -112.5000000000517559, 170.0000000000000568, -0.4999999999490054026 ) ) ;
#1835 = EDGE_CURVE ( 'NONE', #1174, #91, #223, .T. ) ;
#1836 = LINE ( 'NONE', #518, #1960 ) ;
#1837 = ORIENTED_EDGE ( 'NONE', *, *, #1996, .T. ) ;
#1838 = ORIENTED_EDGE ( 'NONE', *, *, #269, .F. ) ;
#1839 = VERTEX_POINT ( 'NONE', #1833 ) ;
#1840 = LINE ( 'NONE', #30, #594 ) ;
#1841 = ORIENTED_EDGE ( 'NONE', *, *, #1618, .F. ) ;
#1842 = CARTESIAN_POINT ( 'NONE',  ( -100.1000000000640142, 331.8000000000000114, -11.50000000004809486 ) ) ;
#1843 = LINE ( 'NONE', #1059, #1321 ) ;
#1844 = DIRECTION ( 'NONE',  ( -0.1643989873063638751, 0.000000000000000000, -0.9863939238319759939 ) ) ;
#1845 = CARTESIAN_POINT ( 'NONE',  ( 0.000000000000000000, 162.0000000000000000, 0.000000000000000000 ) ) ;
#1846 = PLANE ( 'NONE',  #670 ) ;
#1847 = ORIENTED_EDGE ( 'NONE', *, *, #1653, .T. ) ;
#1848 = ORIENTED_EDGE ( 'NONE', *, *, #1771, .F. ) ;
#1849 = FACE_OUTER_BOUND ( 'NONE', #2047, .T. ) ;
#1850 = LINE ( 'NONE', #1510, #1879 ) ;
#1851 = VECTOR ( 'NONE', #1120, 1000.000000000000000 ) ;
#1852 = EDGE_LOOP ( 'NONE', ( #2069, #2003, #912, #1826 ) ) ;
#1853 = CARTESIAN_POINT ( 'NONE',  ( -67.24895941883663397, 315.4744937980117356, -12.49999999999521982 ) ) ;
#1854 = FACE_BOUND ( 'NONE', #829, .T. ) ;
#1855 = LINE ( 'NONE', #1014, #2008 ) ;
#1856 = DIRECTION ( 'NONE',  ( -0.000000000000000000, -1.000000000000000000, -0.000000000000000000 ) ) ;
#1857 = CARTESIAN_POINT ( 'NONE',  ( -75.24895941883663397, 315.4744937980117356, -12.49999999998704503 ) ) ;
#1858 = ORIENTED_EDGE ( 'NONE', *, *, #1676, .T. ) ;
#1859 = EDGE_LOOP ( 'NONE', ( #1184, #572, #428, #1667 ) ) ;
#1860 = ORIENTED_EDGE ( 'NONE', *, *, #1568, .F. ) ;
#1861 = EDGE_LOOP ( 'NONE', ( #717, #325, #359, #1666 ) ) ;
#1862 = FACE_OUTER_BOUND ( 'NONE', #569, .T. ) ;
#1863 = AXIS2_PLACEMENT_3D ( 'NONE', #1744, #903, #449 ) ;
#1864 = CARTESIAN_POINT ( 'NONE',  ( -40.10000000006400001, 340.0000000000000000, -11.50000000004809841 ) ) ;
#1865 = DIRECTION ( 'NONE',  ( -1.000000000000000000, -0.000000000000000000, -0.000000000000000000 ) ) ;
#1866 = DIRECTION ( 'NONE',  ( -0.000000000000000000, 1.000000000000000000, -0.000000000000000000 ) ) ;
#1867 = VECTOR ( 'NONE', #397, 1000.000000000000000 ) ;
#1868 = ORIENTED_EDGE ( 'NONE', *, *, #1938, .T. ) ;
#1869 = ORIENTED_EDGE ( 'NONE', *, *, #1111, .F. ) ;
#1870 = VECTOR ( 'NONE', #1121, 1000.000000000000000 ) ;
#1871 = EDGE_CURVE ( 'NONE', #1328, #1044, #614, .T. ) ;
#1872 = ORIENTED_EDGE ( 'NONE', *, *, #937, .T. ) ;
#1873 = EDGE_CURVE ( 'NONE', #1969, #534, #354, .T. ) ;
#1874 = DIRECTION ( 'NONE',  ( -0.9701425001450841856, 0.000000000000000000, 0.2425356250373233435 ) ) ;
#1875 = EDGE_CURVE ( 'NONE', #1230, #1358, #1688, .T. ) ;
#1876 = CARTESIAN_POINT ( 'NONE',  ( -24.90000000006400427, 331.8000000000000114, -11.50000000004809841 ) ) ;
#1877 = DIRECTION ( 'NONE',  ( -0.000000000000000000, 1.000000000000000000, -0.000000000000000000 ) ) ;
#1878 = VECTOR ( 'NONE', #162, 1000.000000000000000 ) ;
#1879 = VECTOR ( 'NONE', #1173, 1000.000000000000000 ) ;
#1880 = CARTESIAN_POINT ( 'NONE',  ( -100.5000000000640199, 170.0000000000000000, -12.49999999996124345 ) ) ;
#1881 = EDGE_CURVE ( 'NONE', #534, #387, #1855, .T. ) ;
#1882 = FACE_BOUND ( 'NONE', #994, .T. ) ;
#1883 = ORIENTED_EDGE ( 'NONE', *, *, #316, .F. ) ;
#1884 = ORIENTED_EDGE ( 'NONE', *, *, #1105, .T. ) ;
#1885 = ADVANCED_FACE ( 'NONE', ( #369 ), #35, .F. ) ;
#1886 = VERTEX_POINT ( 'NONE', #1337 ) ;
#1887 = CARTESIAN_POINT ( 'NONE',  ( -109.5000000000538023, 370.0000000000000000, -2.499999999952045915 ) ) ;
#1888 = DIRECTION ( 'NONE',  ( 0.000000000000000000, 1.000000000000000000, 0.000000000000000000 ) ) ;
#1889 = CARTESIAN_POINT ( 'NONE',  ( -13.50000000006092193, 162.0000000000000000, -2.500000000049548365 ) ) ;
#1890 = CIRCLE ( 'NONE', #1686, 4.000000000000000000 ) ;
#1891 = PLANE ( 'NONE',  #1333 ) ;
#1892 = DIRECTION ( 'NONE',  ( 1.000000000000000000, 0.000000000000000000, -0.000000000000000000 ) ) ;
#1893 = ORIENTED_EDGE ( 'NONE', *, *, #950, .T. ) ;
#1894 = ORIENTED_EDGE ( 'NONE', *, *, #1086, .T. ) ;
#1895 = VECTOR ( 'NONE', #2133, 1000.000000000000000 ) ;
#1896 = ORIENTED_EDGE ( 'NONE', *, *, #939, .F. ) ;
#1897 = FACE_OUTER_BOUND ( 'NONE', #1797, .T. ) ;
#1898 = ORIENTED_EDGE ( 'NONE', *, *, #437, .F. ) ;
#1899 = LINE ( 'NONE', #75, #2141 ) ;
#1900 = ADVANCED_FACE ( 'NONE', ( #825 ), #1674, .F. ) ;
#1901 = CARTESIAN_POINT ( 'NONE',  ( 0.000000000000000000, 162.0000000000000000, 0.000000000000000000 ) ) ;
#1902 = LINE ( 'NONE', #1614, #298 ) ;
#1903 = CARTESIAN_POINT ( 'NONE',  ( -12.50000000005989342, 170.0000000000000000, -8.500000000051160853 ) ) ;
#1904 = ORIENTED_EDGE ( 'NONE', *, *, #341, .T. ) ;
#1905 = VECTOR ( 'NONE', #461, 1000.000000000000000 ) ;
#1906 = ORIENTED_EDGE ( 'NONE', *, *, #328, .T. ) ;
#1907 = ADVANCED_FACE ( 'NONE', ( #848 ), #186, .F. ) ;
#1908 = ORIENTED_EDGE ( 'NONE', *, *, #1033, .T. ) ;
#1909 = AXIS2_PLACEMENT_3D ( 'NONE', #343, #1001, #55 ) ;
#1910 = DIRECTION ( 'NONE',  ( 0.000000000000000000, -0.000000000000000000, 1.000000000000000000 ) ) ;
#1911 = CARTESIAN_POINT ( 'NONE',  ( -40.10000000006400001, 331.8000000000000114, -11.50000000004809841 ) ) ;
#1912 = CARTESIAN_POINT ( 'NONE',  ( -14.50000000006092193, 162.0000000000000000, -2.500000000049548365 ) ) ;
#1913 = CARTESIAN_POINT ( 'NONE',  ( -57.24895941882642347, 315.4744937980117356, -2.500000000005436540 ) ) ;
#1914 = ADVANCED_FACE ( 'NONE', ( #9 ), #988, .T. ) ;
#1915 = DIRECTION ( 'NONE',  ( 1.000000000000000000, 5.966990492490394629E-18, -1.021800699607666527E-12 ) ) ;
#1916 = ORIENTED_EDGE ( 'NONE', *, *, #1065, .T. ) ;
#1917 = ORIENTED_EDGE ( 'NONE', *, *, #146, .F. ) ;
#1918 = CARTESIAN_POINT ( 'NONE',  ( -70.10000000006400001, 331.8000000000000114, -11.70000000004707630 ) ) ;
#1919 = DIRECTION ( 'NONE',  ( -1.000000000000000000, 0.000000000000000000, 1.021806337458961836E-12 ) ) ;
#1920 = CARTESIAN_POINT ( 'NONE',  ( -70.10000000006400001, 331.8000000000000114, -11.70000000004707630 ) ) ;
#1921 = CARTESIAN_POINT ( 'NONE',  ( -70.10000000006400001, 331.8000000000000114, -10.50000000004707701 ) ) ;
#1922 = VECTOR ( 'NONE', #1802, 1000.000000000000114 ) ;
#1923 = CARTESIAN_POINT ( 'NONE',  ( -40.10000000006400001, 331.8000000000000114, -10.30000000004809735 ) ) ;
#1924 = EDGE_CURVE ( 'NONE', #177, #165, #45, .T. ) ;
#1925 = VERTEX_POINT ( 'NONE', #693 ) ;
#1926 = CARTESIAN_POINT ( 'NONE',  ( -105.3000000000623828, 212.0000000000000000, -10.89999999995634639 ) ) ;
#1927 = EDGE_CURVE ( 'NONE', #472, #93, #2021, .T. ) ;
#1928 = EDGE_CURVE ( 'NONE', #241, #1044, #211, .T. ) ;
#1929 = LINE ( 'NONE', #1592, #1698 ) ;
#1930 = LINE ( 'NONE', #1293, #71 ) ;
#1931 = CARTESIAN_POINT ( 'NONE',  ( -14.10000000005172360, 1.600000000000078026, -0.5000000000495684604 ) ) ;
#1932 = VECTOR ( 'NONE', #1318, 1000.000000000000000 ) ;
#1933 = CARTESIAN_POINT ( 'NONE',  ( -16.50000000006399148, 170.0000000000000000, -12.50000000004707523 ) ) ;
#1934 = ORIENTED_EDGE ( 'NONE', *, *, #157, .T. ) ;
#1935 = VECTOR ( 'NONE', #1988, 1000.000000000000000 ) ;
#1936 = VERTEX_POINT ( 'NONE', #1038 ) ;
#1937 = FACE_OUTER_BOUND ( 'NONE', #1193, .T. ) ;
#1938 = EDGE_CURVE ( 'NONE', #1787, #876, #1713, .T. ) ;
#1939 = EDGE_CURVE ( 'NONE', #1678, #2, #1549, .T. ) ;
#1940 = DIRECTION ( 'NONE',  ( -0.000000000000000000, 1.000000000000000000, -0.000000000000000000 ) ) ;
#1941 = CARTESIAN_POINT ( 'NONE',  ( -49.24895941883662687, 315.4744937980117356, -12.50000000001361222 ) ) ;
#1942 = LINE ( 'NONE', #2086, #1624 ) ;
#1943 = EDGE_CURVE ( 'NONE', #2117, #81, #667, .T. ) ;
#1944 = MECHANICAL_DESIGN_GEOMETRIC_PRESENTATION_REPRESENTATION (  '', ( #1210 ), #1391 ) ;
#1945 = PLANE ( 'NONE',  #755 ) ;
#1946 = EDGE_CURVE ( 'NONE', #636, #543, #1515, .T. ) ;
#1947 = ORIENTED_EDGE ( 'NONE', *, *, #1344, .T. ) ;
#1948 = ORIENTED_EDGE ( 'NONE', *, *, #1336, .T. ) ;
#1949 = CARTESIAN_POINT ( 'NONE',  ( -16.50000000005989875, 340.0000000000000000, -8.500000000047073456 ) ) ;
#1950 = EDGE_CURVE ( 'NONE', #445, #506, #575, .T. ) ;
#1951 = LINE ( 'NONE', #457, #1851 ) ;
#1952 = DIRECTION ( 'NONE',  ( 0.6246950475552247584, 0.000000000000000000, 0.7808688094423900106 ) ) ;
#1953 = CARTESIAN_POINT ( 'NONE',  ( -64.70000000006321272, 217.0000000000000000, -11.69999999999783569 ) ) ;
#1954 = CARTESIAN_POINT ( 'NONE',  ( -16.50000000006153655, 212.0000000000000000, -10.10000000004707488 ) ) ;
#1955 = CARTESIAN_POINT ( 'NONE',  ( -100.1000000000640142, 331.8000000000000114, -11.50000000004809486 ) ) ;
#1956 = VECTOR ( 'NONE', #846, 1000.000000000000000 ) ;
#1957 = EDGE_LOOP ( 'NONE', ( #59, #677 ) ) ;
#1958 = AXIS2_PLACEMENT_3D ( 'NONE', #1455, #1292, #947 ) ;
#1959 = ORIENTED_EDGE ( 'NONE', *, *, #560, .T. ) ;
#1960 = VECTOR ( 'NONE', #1191, 1000.000000000000000 ) ;
#1961 = CARTESIAN_POINT ( 'NONE',  ( -60.70000000006237428, 217.0000000000000000, -10.90000000000192237 ) ) ;
#1962 = CARTESIAN_POINT ( 'NONE',  ( -12.50000000004866685, 340.0000000000000000, 2.499999999948836926 ) ) ;
#1963 = DIRECTION ( 'NONE',  ( 0.000000000000000000, -1.000000000000000000, 0.000000000000000000 ) ) ;
#1964 = CARTESIAN_POINT ( 'NONE',  ( 0.000000000000000000, 340.0000000000000000, 0.000000000000000000 ) ) ;
#1965 = CARTESIAN_POINT ( 'NONE',  ( -19.70000000006319496, 212.0000000000000000, -11.70000000004380780 ) ) ;
#1966 = FACE_OUTER_BOUND ( 'NONE', #1852, .T. ) ;
#1967 = CARTESIAN_POINT ( 'NONE',  ( -84.90000000006401137, 340.0000000000000000, -11.50000000004809486 ) ) ;
#1968 = ORIENTED_EDGE ( 'NONE', *, *, #1653, .F. ) ;
#1969 = VERTEX_POINT ( 'NONE', #1889 ) ;
#1970 = VECTOR ( 'NONE', #1403, 1000.000000000000000 ) ;
#1971 = ADVANCED_FACE ( 'NONE', ( #726 ), #2093, .F. ) ;
#1972 = DIRECTION ( 'NONE',  ( 0.000000000000000000, -1.000000000000000000, 0.000000000000000000 ) ) ;
#1973 = CIRCLE ( 'NONE', #648, 4.000000000000000000 ) ;
#1974 = CARTESIAN_POINT ( 'NONE',  ( -109.5000000000538023, 170.0000000000000000, -2.499999999952045915 ) ) ;
#1975 = DIRECTION ( 'NONE',  ( -1.262632416324728146E-28, -1.000000000000000000, -1.235693434942383514E-16 ) ) ;
#1976 = LINE ( 'NONE', #796, #100 ) ;
#1977 = CARTESIAN_POINT ( 'NONE',  ( -110.9000000000517616, 340.0000000000000000, -0.4999999999506193893 ) ) ;
#1978 = AXIS2_PLACEMENT_3D ( 'NONE', #1414, #596, #394 ) ;
#1979 = ORIENTED_EDGE ( 'NONE', *, *, #748, .F. ) ;
#1980 = ADVANCED_FACE ( 'NONE', ( #1394 ), #1244, .F. ) ;
#1981 = ORIENTED_EDGE ( 'NONE', *, *, #158, .F. ) ;
#1982 = VERTEX_POINT ( 'NONE', #585 ) ;
#1983 = VECTOR ( 'NONE', #56, 1000.000000000000000 ) ;
#1984 = VECTOR ( 'NONE', #1345, 1000.000000000000000 ) ;
#1985 = LINE ( 'NONE', #318, #60 ) ;
#1986 = SHAPE_DEFINITION_REPRESENTATION ( #2100, #1659 ) ;
#1987 = DIRECTION ( 'NONE',  ( 1.021687116522929912E-12, 0.000000000000000000, 1.000000000000000000 ) ) ;
#1988 = DIRECTION ( 'NONE',  ( -1.021800699607666527E-12, 0.000000000000000000, -1.000000000000000000 ) ) ;
#1989 = LINE ( 'NONE', #635, #764 ) ;
#1990 = VERTEX_POINT ( 'NONE', #424 ) ;
#1991 = EDGE_CURVE ( 'NONE', #2007, #265, #2053, .T. ) ;
#1992 = ORIENTED_EDGE ( 'NONE', *, *, #2035, .T. ) ;
#1993 = ORIENTED_EDGE ( 'NONE', *, *, #766, .F. ) ;
#1994 = CARTESIAN_POINT ( 'NONE',  ( -15.50000000004866862, 170.0000000000000000, 2.499999999951881158 ) ) ;
#1995 = DIRECTION ( 'NONE',  ( -8.673617379884035472E-16, 0.000000000000000000, 1.000000000000000000 ) ) ;
#1996 = EDGE_CURVE ( 'NONE', #543, #1644, #1083, .T. ) ;
#1997 = EDGE_CURVE ( 'NONE', #507, #1030, #904, .T. ) ;
#1998 = DIRECTION ( 'NONE',  ( -0.000000000000000000, -1.000000000000000000, 0.000000000000000000 ) ) ;
#1999 = CARTESIAN_POINT ( 'NONE',  ( -40.70000000006238139, 217.0000000000000000, -10.90000000002235758 ) ) ;
#2000 = CARTESIAN_POINT ( 'NONE',  ( -64.70000000006321272, 212.0000000000000000, -11.69999999999783569 ) ) ;
#2001 = ORIENTED_EDGE ( 'NONE', *, *, #651, .T. ) ;
#2002 = CARTESIAN_POINT ( 'NONE',  ( -19.70000000006319496, 170.0000000000000000, -11.70000000004380780 ) ) ;
#2003 = ORIENTED_EDGE ( 'NONE', *, *, #1871, .T. ) ;
#2004 = ORIENTED_EDGE ( 'NONE', *, *, #1258, .F. ) ;
#2005 = CARTESIAN_POINT ( 'NONE',  ( -59.70000000006320562, 217.0000000000000000, -11.70000000000294449 ) ) ;
#2006 = FACE_OUTER_BOUND ( 'NONE', #733, .T. ) ;
#2007 = VERTEX_POINT ( 'NONE', #404 ) ;
#2008 = VECTOR ( 'NONE', #1865, 1000.000000000000000 ) ;
#2009 = CARTESIAN_POINT ( 'NONE',  ( -63.70000000006237428, 217.0000000000000000, -10.89999999999885638 ) ) ;
#2010 = LINE ( 'NONE', #222, #5 ) ;
#2011 = DIRECTION ( 'NONE',  ( -0.000000000000000000, -1.000000000000000000, -0.000000000000000000 ) ) ;
#2012 = CARTESIAN_POINT ( 'NONE',  ( -19.70000000006237428, 212.0000000000000000, -10.90000000004380531 ) ) ;
#2013 = LINE ( 'NONE', #2046, #1133 ) ;
#2014 = ORIENTED_EDGE ( 'NONE', *, *, #1761, .T. ) ;
#2015 = ORIENTED_EDGE ( 'NONE', *, *, #121, .F. ) ;
#2016 = FACE_BOUND ( 'NONE', #1815, .T. ) ;
#2017 = LINE ( 'NONE', #1162, #1984 ) ;
#2018 = EDGE_LOOP ( 'NONE', ( #520, #49, #1447, #2038 ) ) ;
#2019 = DIRECTION ( 'NONE',  ( -1.000000000000000000, 0.000000000000000000, -0.000000000000000000 ) ) ;
#2020 = CARTESIAN_POINT ( 'NONE',  ( -14.10000000005172360, 1.600000000000078026, -0.5000000000495684604 ) ) ;
#2021 = LINE ( 'NONE', #1700, #1670 ) ;
#2022 = LINE ( 'NONE', #703, #1054 ) ;
#2023 = FACE_OUTER_BOUND ( 'NONE', #690, .T. ) ;
#2024 = ORIENTED_EDGE ( 'NONE', *, *, #699, .F. ) ;
#2025 = ORIENTED_EDGE ( 'NONE', *, *, #1871, .F. ) ;
#2026 = CARTESIAN_POINT ( 'NONE',  ( -24.90000000006400427, 331.8000000000000114, -10.30000000004809912 ) ) ;
#2027 = AXIS2_PLACEMENT_3D ( 'NONE', #1811, #478, #623 ) ;
#2028 = VERTEX_POINT ( 'NONE', #1061 ) ;
#2029 = DIRECTION ( 'NONE',  ( 0.000000000000000000, 0.000000000000000000, -1.000000000000000000 ) ) ;
#2030 = DIRECTION ( 'NONE',  ( 1.000000000000000000, 0.000000000000000000, -1.021800699607666527E-12 ) ) ;
#2031 = DIRECTION ( 'NONE',  ( -1.000000000000000000, -0.000000000000000000, -0.000000000000000000 ) ) ;
#2032 = FILL_AREA_STYLE ('',( #355 ) ) ;
#2033 = FACE_OUTER_BOUND ( 'NONE', #799, .T. ) ;
#2034 = ORIENTED_EDGE ( 'NONE', *, *, #1383, .F. ) ;
#2035 = EDGE_CURVE ( 'NONE', #61, #2080, #1605, .T. ) ;
#2036 = EDGE_LOOP ( 'NONE', ( #591, #15, #421, #1159 ) ) ;
#2037 = AXIS2_PLACEMENT_3D ( 'NONE', #307, #2130, #2111 ) ;
#2038 = ORIENTED_EDGE ( 'NONE', *, *, #332, .T. ) ;
#2039 = EDGE_CURVE ( 'NONE', #973, #91, #1755, .T. ) ;
#2040 = CARTESIAN_POINT ( 'NONE',  ( -59.70000000006320562, 212.0000000000000000, -11.70000000000294449 ) ) ;
#2041 = VECTOR ( 'NONE', #1211, 1000.000000000000000 ) ;
#2042 = EDGE_CURVE ( 'NONE', #90, #134, #233, .T. ) ;
#2043 = LINE ( 'NONE', #870, #814 ) ;
#2044 = CARTESIAN_POINT ( 'NONE',  ( -105.3000000000632070, 170.0000000000000000, -11.69999999995634532 ) ) ;
#2045 = DIRECTION ( 'NONE',  ( 0.000000000000000000, 0.000000000000000000, -1.000000000000000000 ) ) ;
#2046 = CARTESIAN_POINT ( 'NONE',  ( -24.90000000006400427, 331.8000000000000114, -10.30000000004809912 ) ) ;
#2047 = EDGE_LOOP ( 'NONE', ( #1170, #1959, #2060, #1847, #1668, #1228 ) ) ;
#2048 = ADVANCED_FACE ( 'NONE', ( #244 ), #884, .T. ) ;
#2049 = ORIENTED_EDGE ( 'NONE', *, *, #7, .F. ) ;
#2050 = EDGE_LOOP ( 'NONE', ( #2014, #1979, #864, #834 ) ) ;
#2051 = DIRECTION ( 'NONE',  ( 0.000000000000000000, -1.000000000000000000, 0.000000000000000000 ) ) ;
#2052 = DIRECTION ( 'NONE',  ( -1.219415011955796222E-28, -1.000000000000000000, -1.193398098498079265E-16 ) ) ;
#2053 = LINE ( 'NONE', #1224, #858 ) ;
#2054 = DIRECTION ( 'NONE',  ( 0.000000000000000000, 1.000000000000000000, 0.000000000000000000 ) ) ;
#2055 = PLANE ( 'NONE',  #473 ) ;
#2056 = ORIENTED_EDGE ( 'NONE', *, *, #375, .F. ) ;
#2057 = EDGE_LOOP ( 'NONE', ( #1053, #1706, #523, #1494 ) ) ;
#2058 = UNCERTAINTY_MEASURE_WITH_UNIT (LENGTH_MEASURE( 1.000000000000000082E-05 ), #967, 'distance_accuracy_value', 'NONE');
#2059 = ADVANCED_FACE ( 'NONE', ( #262 ), #65, .F. ) ;
#2060 = ORIENTED_EDGE ( 'NONE', *, *, #1924, .F. ) ;
#2061 = CARTESIAN_POINT ( 'NONE',  ( -16.50000000005989875, 370.0000000000000000, -8.500000000047073456 ) ) ;
#2062 = VECTOR ( 'NONE', #1221, 1000.000000000000000 ) ;
#2063 = LINE ( 'NONE', #924, #1303 ) ;
#2064 = CARTESIAN_POINT ( 'NONE',  ( -12.50000000004866685, 365.0000000000000000, 2.499999999948840035 ) ) ;
#2065 = VECTOR ( 'NONE', #1856, 1000.000000000000000 ) ;
#2066 = CARTESIAN_POINT ( 'NONE',  ( -84.70000000006321272, 212.0000000000000000, -11.69999999997739870 ) ) ;
#2067 = ADVANCED_FACE ( 'NONE', ( #736 ), #432, .F. ) ;
#2068 = DIRECTION ( 'NONE',  ( -0.7808688094423900106, -0.000000000000000000, 0.6246950475552246473 ) ) ;
#2069 = ORIENTED_EDGE ( 'NONE', *, *, #1449, .F. ) ;
#2070 = ORIENTED_EDGE ( 'NONE', *, *, #741, .T. ) ;
#2071 = ORIENTED_EDGE ( 'NONE', *, *, #1996, .F. ) ;
#2072 = DIRECTION ( 'NONE',  ( 0.000000000000000000, -1.000000000000000000, 0.000000000000000000 ) ) ;
#2073 = CARTESIAN_POINT ( 'NONE',  ( -100.1000000000640142, 340.0000000000000000, -10.30000000004809735 ) ) ;
#2074 = DIRECTION ( 'NONE',  ( -0.000000000000000000, 1.000000000000000000, -0.000000000000000000 ) ) ;
#2075 = DIRECTION ( 'NONE',  ( -1.021800699607666527E-12, 0.000000000000000000, -1.000000000000000000 ) ) ;
#2076 = CARTESIAN_POINT ( 'NONE',  ( -14.50000000006092193, 162.0000000000000000, -2.500000000049548365 ) ) ;
#2077 = ORIENTED_EDGE ( 'NONE', *, *, #115, .F. ) ;
#2078 = AXIS2_PLACEMENT_3D ( 'NONE', #1247, #1915, #99 ) ;
#2079 = ORIENTED_EDGE ( 'NONE', *, *, #448, .F. ) ;
#2080 = VERTEX_POINT ( 'NONE', #1582 ) ;
#2081 = PRODUCT_DEFINITION_FORMATION_WITH_SPECIFIED_SOURCE ( 'ANY', '', #1265, .NOT_KNOWN. ) ;
#2082 = FACE_OUTER_BOUND ( 'NONE', #669, .T. ) ;
#2083 = EDGE_CURVE ( 'NONE', #463, #579, #271, .T. ) ;
#2084 = DIRECTION ( 'NONE',  ( -1.000000000000000000, 0.000000000000000000, -0.000000000000000000 ) ) ;
#2085 = DIRECTION ( 'NONE',  ( 0.9863939238323117253, 0.000000000000000000, 0.1643989873043487648 ) ) ;
#2086 = CARTESIAN_POINT ( 'NONE',  ( -111.5000000000609504, 170.0000000000000000, -7.499999999949006124 ) ) ;
#2087 = VECTOR ( 'NONE', #1324, 1000.000000000000000 ) ;
#2088 = VECTOR ( 'NONE', #1380, 1000.000000000000000 ) ;
#2089 = DIRECTION ( 'NONE',  ( -1.000000000000000000, -0.000000000000000000, -0.000000000000000000 ) ) ;
#2090 = EDGE_LOOP ( 'NONE', ( #1325, #559, #1341, #658 ) ) ;
#2091 = DIRECTION ( 'NONE',  ( 0.7808688094436687654, 0.000000000000000000, 0.6246950475536260372 ) ) ;
#2092 = CARTESIAN_POINT ( 'NONE',  ( -62.00000000006094325, 229.4999999999999716, -9.500000000000582645 ) ) ;
#2093 = PLANE ( 'NONE',  #103 ) ;
#2094 = DIRECTION ( 'NONE',  ( -1.000000000000000000, 0.000000000000000000, 1.021786821819858107E-12 ) ) ;
#2095 = PLANE ( 'NONE',  #1352 ) ;
#2096 = ORIENTED_EDGE ( 'NONE', *, *, #114, .T. ) ;
#2097 = ADVANCED_FACE ( 'NONE', ( #746 ), #96, .F. ) ;
#2098 = EDGE_CURVE ( 'NONE', #1181, #1047, #1254, .T. ) ;
#2099 = EDGE_CURVE ( 'NONE', #401, #511, #1708, .T. ) ;
#2100 = PRODUCT_DEFINITION_SHAPE ( 'NONE', 'NONE',  #1153 ) ;
#2101 = DIRECTION ( 'NONE',  ( 0.000000000000000000, 0.000000000000000000, 1.000000000000000000 ) ) ;
#2102 = LINE ( 'NONE', #2073, #377 ) ;
#2103 = CARTESIAN_POINT ( 'NONE',  ( -110.5000000000609504, 162.0000000000000000, -7.499999999949006124 ) ) ;
#2104 = CARTESIAN_POINT ( 'NONE',  ( -70.10000000006400001, 331.8000000000000114, -11.70000000004707630 ) ) ;
#2105 = EDGE_CURVE ( 'NONE', #810, #687, #786, .T. ) ;
#2106 = CARTESIAN_POINT ( 'NONE',  ( -54.90000000006401137, 331.8000000000000114, -11.70000000004707630 ) ) ;
#2107 = ORIENTED_EDGE ( 'NONE', *, *, #1128, .T. ) ;
#2108 = VECTOR ( 'NONE', #527, 1000.000000000000000 ) ;
#2109 = EDGE_CURVE ( 'NONE', #1839, #1095, #1930, .T. ) ;
#2110 = ORIENTED_EDGE ( 'NONE', *, *, #2144, .T. ) ;
#2111 = DIRECTION ( 'NONE',  ( 1.000000000000000000, 0.000000000000000000, -1.021752127350338571E-12 ) ) ;
#2112 = LINE ( 'NONE', #640, #1585 ) ;
#2113 = DIRECTION ( 'NONE',  ( -1.000000000000000000, 0.000000000000000000, 1.021752127350337561E-12 ) ) ;
#2114 = FACE_OUTER_BOUND ( 'NONE', #255, .T. ) ;
#2115 = LINE ( 'NONE', #624, #1600 ) ;
#2116 = ORIENTED_EDGE ( 'NONE', *, *, #901, .T. ) ;
#2117 = VERTEX_POINT ( 'NONE', #1262 ) ;
#2118 = DIRECTION ( 'NONE',  ( -1.021800699607666527E-12, 0.000000000000000000, -1.000000000000000000 ) ) ;
#2119 = EDGE_CURVE ( 'NONE', #265, #1684, #612, .T. ) ;
#2120 = CARTESIAN_POINT ( 'NONE',  ( -100.5000000000615614, 212.0000000000000000, -10.09999999996125197 ) ) ;
#2121 = CARTESIAN_POINT ( 'NONE',  ( -112.5000000000517559, 170.0000000000000000, -0.4999999999490036817 ) ) ;
#2122 = PLANE ( 'NONE',  #1187 ) ;
#2123 = DIRECTION ( 'NONE',  ( 0.000000000000000000, -1.000000000000000000, 0.000000000000000000 ) ) ;
#2124 = CARTESIAN_POINT ( 'NONE',  ( -84.90000000006401137, 340.0000000000000000, -10.30000000004809557 ) ) ;
#2125 = EDGE_CURVE ( 'NONE', #1635, #39, #466, .T. ) ;
#2126 = AXIS2_PLACEMENT_3D ( 'NONE', #931, #1232, #1910 ) ;
#2127 = ORIENTED_EDGE ( 'NONE', *, *, #121, .T. ) ;
#2128 = VECTOR ( 'NONE', #802, 1000.000000000000000 ) ;
#2129 = ORIENTED_EDGE ( 'NONE', *, *, #229, .F. ) ;
#2130 = DIRECTION ( 'NONE',  ( 1.021800699607666527E-12, 0.000000000000000000, 1.000000000000000000 ) ) ;
#2131 = CARTESIAN_POINT ( 'NONE',  ( -54.90000000006401137, 340.0000000000000000, -11.70000000004707630 ) ) ;
#2132 =( NAMED_UNIT ( * ) PLANE_ANGLE_UNIT ( ) SI_UNIT ( $, .RADIAN. ) );
#2133 = DIRECTION ( 'NONE',  ( 0.000000000000000000, -1.000000000000000000, 0.000000000000000000 ) ) ;
#2134 = ADVANCED_FACE ( 'NONE', ( #289 ), #1792, .F. ) ;
#2135 = CARTESIAN_POINT ( 'NONE',  ( -64.70000000006321272, 212.0000000000000000, -11.69999999999783569 ) ) ;
#2136 = DIRECTION ( 'NONE',  ( -1.000000000000000000, -0.000000000000000000, -0.000000000000000000 ) ) ;
#2137 = VECTOR ( 'NONE', #1820, 1000.000000000000000 ) ;
#2138 = DIRECTION ( 'NONE',  ( 0.9701425001455797892, 0.000000000000000000, 0.2425356250353413179 ) ) ;
#2139 = VERTEX_POINT ( 'NONE', #1141 ) ;
#2140 = ORIENTED_EDGE ( 'NONE', *, *, #937, .F. ) ;
#2141 = VECTOR ( 'NONE', #1073, 1000.000000000000000 ) ;
#2142 = CARTESIAN_POINT ( 'NONE',  ( -16.50000000006153655, 212.0000000000000000, -10.10000000004707488 ) ) ;
#2143 = DIRECTION ( 'NONE',  ( 0.000000000000000000, 0.000000000000000000, 1.000000000000000000 ) ) ;
#2144 = EDGE_CURVE ( 'NONE', #249, #347, #621, .T. ) ;
#2145 = CARTESIAN_POINT ( 'NONE',  ( -16.50000000006153655, 212.0000000000000000, -10.10000000004707488 ) ) ;
#2146 = DIRECTION ( 'NONE',  ( -1.000000000000000000, 0.000000000000000000, 1.021800699607666527E-12 ) ) ;
#2147 = DIRECTION ( 'NONE',  ( -0.7808688094423900106, -0.000000000000000000, 0.6246950475552246473 ) ) ;
#2148 = VECTOR ( 'NONE', #1282, 1000.000000000000000 ) ;
#2149 = ORIENTED_EDGE ( 'NONE', *, *, #1927, .T. ) ;
ENDSEC;
END-ISO-10303-21;
